"daid	vid	srcid	tobanner	langid	teacher_id	channelid	srt_en	srt_ch	need_edit	infotype	pfid	managerid	title	title_ch	duration	imgurl	srcname	srcurl	srt_path	vurl	vurl_ch	vsize	publishtime	createtime	editstate	des	targetimgstr	savedimgstr	imgcheckstat	youtube_playlist_id",,
"18346		xwox9vuwEcjaGqFa7AUD27	0	1	0	0		180829/xwox9vuwEcjaGqFa7AUD27_1.vtt	0	1	1	0	E-step details				机器学习 贝叶斯 方法 期望 最大化算法				180829/xwox9vuwEcjaGqFa7AUD27.mp4			29/8/2018 10:43:22	100					0",,
"18347		pVCMck4JL5c98dUbBy7ou8	0	1	0	0		180829/pVCMck4JL5c98dUbBy7ou8_1.vtt	0	1	1	0	EM for Probabilistic PCA				机器学习 贝叶斯 方法 期望 最大化算法				180829/pVCMck4JL5c98dUbBy7ou8.mp4			29/8/2018 10:43:23	100					0",,
"18348		arJA3FeXSSwWhbgBTfjMGE	0	1	0	0		180829/arJA3FeXSSwWhbgBTfjMGE_1.vtt	0	1	1	0	Example of GMM training				机器学习 贝叶斯 方法 期望 最大化算法				180829/arJA3FeXSSwWhbgBTfjMGE.mp4			29/8/2018 10:43:23	100					0",,
"18349		sAywGoBQ7BRvLnypCALCnY	0	1	0	0		180829/sAywGoBQ7BRvLnypCALCnY_1.vtt	0	1	1	0	""Example_ EM for discrete mixture"," E-step""				机器学习 贝叶斯 方法 期望 最大化算法				180829/sAywGoBQ7BRvLnypCALCnY.mp4			29/8/2018 10:43:23	100					0",
"18350		bTEiKe85u8wGzekAuYU3xK	0	1	0	0		180829/bTEiKe85u8wGzekAuYU3xK_1.vtt	0	1	1	0	""Example_ EM for discrete mixture"," M-step""				机器学习 贝叶斯 方法 期望 最大化算法				180829/bTEiKe85u8wGzekAuYU3xK.mp4			29/8/2018 10:43:23	100					0",
"18351		heqvYV8vuhAwZdT7eMBH3R	0	1	0	0		180829/heqvYV8vuhAwZdT7eMBH3R_1.vtt	0	1	1	0	Expectation-Maximization algorithm				机器学习 贝叶斯 方法 期望 最大化算法				180829/heqvYV8vuhAwZdT7eMBH3R.mp4			29/8/2018 10:43:23	100					0",,
"18352		uyfuSATpWtxeaQxfEs8HUN	0	1	0	0		180829/uyfuSATpWtxeaQxfEs8HUN_1.vtt	0	1	1	0	Gaussian Mixture Model				机器学习 贝叶斯 方法 期望 最大化算法				180829/uyfuSATpWtxeaQxfEs8HUN.mp4			29/8/2018 10:43:23	100					0",,
"18353		bmCRes5Lq4eunX6L6yriQ5	0	1	0	0		180829/bmCRes5Lq4eunX6L6yriQ5_1.vtt	0	1	1	0	General EM for GMM				机器学习 贝叶斯 方法 期望 最大化算法				180829/bmCRes5Lq4eunX6L6yriQ5.mp4			29/8/2018 10:43:24	100					0",,
"18354		dv3q97LUy5T2nUsFjArGBE	0	1	0	0		180829/dv3q97LUy5T2nUsFjArGBE_1.vtt	0	1	1	0	Jensen's inequality and Kullback Leibler divergence				机器学习 贝叶斯 方法 期望 最大化算法				180829/dv3q97LUy5T2nUsFjArGBE.mp4			29/8/2018 10:43:24	100					0",,
"18355		bdsvi6R9iQjhm8UPUx2BJR	0	1	0	0		180829/bdsvi6R9iQjhm8UPUx2BJR_1.vtt	0	1	1	0	K-means from probabilistic perspective				机器学习 贝叶斯 方法 期望 最大化算法				180829/bdsvi6R9iQjhm8UPUx2BJR.mp4			29/8/2018 10:43:24	100					0",,
"18356		ez4pGjddwX42BN8BPoB6cP	0	1	0	0		180829/ez4pGjddwX42BN8BPoB6cP_1.vtt	0	1	1	0	""K-means"," M-step""				机器学习 贝叶斯 方法 期望 最大化算法				180829/ez4pGjddwX42BN8BPoB6cP.mp4			29/8/2018 10:43:24	100					0",
"18357		bBNkGdraaVUqkmid2kUG63	0	1	0	0		180829/bBNkGdraaVUqkmid2kUG63_1.vtt	0	1	1	0	Latent Variable Models				机器学习 贝叶斯 方法 期望 最大化算法				180829/bBNkGdraaVUqkmid2kUG63.mp4			29/8/2018 10:43:24	100					0",,
"18358		civLbBpwRByxuEZokn2zsZ	0	1	0	0		180829/civLbBpwRByxuEZokn2zsZ_1.vtt	0	1	1	0	M-step details				机器学习 贝叶斯 方法 期望 最大化算法				180829/civLbBpwRByxuEZokn2zsZ.mp4			29/8/2018 10:43:25	100					0",,
"18359		saNqMpUBgaumzDoUqE7fEb	0	1	0	0		180829/saNqMpUBgaumzDoUqE7fEb_1.vtt	0	1	1	0	Probabilistic clustering				机器学习 贝叶斯 方法 期望 最大化算法				180829/saNqMpUBgaumzDoUqE7fEb.mp4			29/8/2018 10:43:25	100					0",,
"18360		k69vv2BeS3EyGsR4mWpNiF	0	1	0	0		180829/k69vv2BeS3EyGsR4mWpNiF_1.vtt	0	1	1	0	Probabilistic PCA				机器学习 贝叶斯 方法 期望 最大化算法				180829/k69vv2BeS3EyGsR4mWpNiF.mp4			29/8/2018 10:43:25	100					0",,
"18361		qXthsRc9scv3zYUjdceeXc	0	1	0	0		180829/qXthsRc9scv3zYUjdceeXc_1.vtt	0	1	1	0	Summary of Expectation Maximization				机器学习 贝叶斯 方法 期望 最大化算法				180829/qXthsRc9scv3zYUjdceeXc.mp4			29/8/2018 10:43:25	100					0",,
"18362		egSZ32a5dFQXEEevTLMYXi	0	1	0	0		180829/egSZ32a5dFQXEEevTLMYXi_1.vtt	0	1	1	0	Training GMM				机器学习 贝叶斯 方法 期望 最大化算法				180829/egSZ32a5dFQXEEevTLMYXi.mp4			29/8/2018 10:43:25	100					0",,
"18363		fKF2e8ytsPnRQVB9c8mMrQ	0	1	0	0		180829/fKF2e8ytsPnRQVB9c8mMrQ_1.vtt	0	1	1	0	Applications of Bayesian optimization				机器学习 贝叶斯 方法 高斯过程 贝叶斯 优化				180829/fKF2e8ytsPnRQVB9c8mMrQ.mp4			29/8/2018 10:43:25	100					0",,
"18364		cwzkAiUyoWfKW2HzEhAtjM	0	1	0	0		180829/cwzkAiUyoWfKW2HzEhAtjM_1.vtt	0	1	1	0	Bayesian optimization				机器学习 贝叶斯 方法 高斯过程 贝叶斯 优化				180829/cwzkAiUyoWfKW2HzEhAtjM.mp4			29/8/2018 10:43:25	100					0",,
"18365		fTrGFKsT5mcKjNeEvAQbaN	0	1	0	0		180829/fTrGFKsT5mcKjNeEvAQbaN_1.vtt	0	1	1	0	Derivation of main formula				机器学习 贝叶斯 方法 高斯过程 贝叶斯 优化				180829/fTrGFKsT5mcKjNeEvAQbaN.mp4			29/8/2018 10:43:26	100					0",,
"18366		vWLo4sty7YbPYnMp6DEb2o	0	1	0	0		180829/vWLo4sty7YbPYnMp6DEb2o_1.vtt	0	1	1	0	Gaussian processes				机器学习 贝叶斯 方法 高斯过程 贝叶斯 优化				180829/vWLo4sty7YbPYnMp6DEb2o.mp4			29/8/2018 10:43:26	100					0",,
"18367		qUUcCTwmEam2ka9VHUtxyG	0	1	0	0		180829/qUUcCTwmEam2ka9VHUtxyG_1.vtt	0	1	1	0	GP for machine learning				机器学习 贝叶斯 方法 高斯过程 贝叶斯 优化				180829/qUUcCTwmEam2ka9VHUtxyG.mp4			29/8/2018 10:43:26	100					0",,
"18368		vqpPi7Kix7dTnifCDTGZDD	0	1	0	0		180829/vqpPi7Kix7dTnifCDTGZDD_1.vtt	0	1	1	0	Nonparametric methods				机器学习 贝叶斯 方法 高斯过程 贝叶斯 优化				180829/vqpPi7Kix7dTnifCDTGZDD.mp4			29/8/2018 10:43:26	100					0",,
"18369		igFSJAntqoSPe6jHymSd2o	0	1	0	0		180829/igFSJAntqoSPe6jHymSd2o_1.vtt	0	1	1	0	Nuances of GP				机器学习 贝叶斯 方法 高斯过程 贝叶斯 优化				180829/igFSJAntqoSPe6jHymSd2o.mp4			29/8/2018 10:43:26	100					0",,
"18370		huzVvBJH5rTtWxME9XU8L8	0	1	0	0		180829/huzVvBJH5rTtWxME9XU8L8_1.vtt	0	1	1	0	Analytical inference				贝叶斯 方法 机器学习 介绍 贝叶斯 方法 共轭先验				180829/huzVvBJH5rTtWxME9XU8L8.mp4			29/8/2018 10:43:26	100					0",,
"18371		mcXZGc9UwEZKUfanPw3jZ2	0	1	0	0		180829/mcXZGc9UwEZKUfanPw3jZ2_1.vtt	0	1	1	0	Bayesian approach to statistics				贝叶斯 方法 机器学习 介绍 贝叶斯 方法 共轭先验				180829/mcXZGc9UwEZKUfanPw3jZ2.mp4			29/8/2018 10:43:26	100					0",,
"18372		pEutWt3XHr6xhj4vnnm3bb	0	1	0	0		180829/pEutWt3XHr6xhj4vnnm3bb_1.vtt	0	1	1	0	Conjugate distributions				贝叶斯 方法 机器学习 介绍 贝叶斯 方法 共轭先验				180829/pEutWt3XHr6xhj4vnnm3bb.mp4			29/8/2018 10:43:27	100					0",,
"18373		rNBXU8L3TNVujNVmHRq8sG	0	1	0	0		180829/rNBXU8L3TNVujNVmHRq8sG_1.vtt	0	1	1	0	Example_ Bernoulli				贝叶斯 方法 机器学习 介绍 贝叶斯 方法 共轭先验				180829/rNBXU8L3TNVujNVmHRq8sG.mp4			29/8/2018 10:43:27	100					0",,
"18374		oJQ5SrCwZojoMptRbU4m8A	0	1	0	0		180829/oJQ5SrCwZojoMptRbU4m8A_1.vtt	0	1	1	0	""Example_ Normal"," precision""				贝叶斯 方法 机器学习 介绍 贝叶斯 方法 共轭先验				180829/oJQ5SrCwZojoMptRbU4m8A.mp4			29/8/2018 10:43:27	100					0",
"18375		aJu34RNjhGxna9U4UtoJN2	0	1	0	0		180829/aJu34RNjhGxna9U4UtoJN2_1.vtt	0	1	1	0	Example_ thief and alarm				贝叶斯 方法 机器学习 介绍 贝叶斯 方法 共轭先验				180829/aJu34RNjhGxna9U4UtoJN2.mp4			29/8/2018 10:43:27	100					0",,
"18376		sdNyPH9eTsDCbrwqphyvcm	0	1	0	0		180829/sdNyPH9eTsDCbrwqphyvcm_1.vtt	0	1	1	0	How to define a model				贝叶斯 方法 机器学习 介绍 贝叶斯 方法 共轭先验				180829/sdNyPH9eTsDCbrwqphyvcm.mp4			29/8/2018 10:43:27	100					0",,
"18377		aan6NkbisUxwWeYQJcqkUo	0	1	0	0		180829/aan6NkbisUxwWeYQJcqkUo_1.vtt	0	1	1	0	Linear regression				贝叶斯 方法 机器学习 介绍 贝叶斯 方法 共轭先验				180829/aan6NkbisUxwWeYQJcqkUo.mp4			29/8/2018 10:43:27	100					0",,
"18378		cWpXZwdA9U2HHJSU3MQNSi	0	1	0	0		180829/cWpXZwdA9U2HHJSU3MQNSi_1.vtt	0	1	1	0	Think bayesian and Statistics review				贝叶斯 方法 机器学习 介绍 贝叶斯 方法 共轭先验				180829/cWpXZwdA9U2HHJSU3MQNSi.mp4			29/8/2018 10:43:28	100					0",,
"18379		jmpzQhnkYfVdZiTKavuzy5	0	1	0	0		180829/jmpzQhnkYfVdZiTKavuzy5_1.vtt	0	1	1	0	Bayesian Neural Networks				机器学习 贝叶斯 方法 马尔可夫链 蒙特卡罗				180829/jmpzQhnkYfVdZiTKavuzy5.mp4			29/8/2018 10:43:28	100					0",,
"18380		dUXVjMJa7hMnSxmJxZERwQ	0	1	0	0		180829/dUXVjMJa7hMnSxmJxZERwQ_1.vtt	0	1	1	0	Example of Gibbs sampling				机器学习 贝叶斯 方法 马尔可夫链 蒙特卡罗				180829/dUXVjMJa7hMnSxmJxZERwQ.mp4			29/8/2018 10:43:28	100					0",,
"18381		ySXaSRziVcYBffp9evwriL	0	1	0	0		180829/ySXaSRziVcYBffp9evwriL_1.vtt	0	1	1	0	Example of Metropolis-Hastings				机器学习 贝叶斯 方法 马尔可夫链 蒙特卡罗				180829/ySXaSRziVcYBffp9evwriL.mp4			29/8/2018 10:43:28	100					0",,
"18382		oMFhgMxRjgQdzdsaHQdCjL	0	1	0	0		180829/oMFhgMxRjgQdzdsaHQdCjL_1.vtt	0	1	1	0	Gibbs sampling				机器学习 贝叶斯 方法 马尔可夫链 蒙特卡罗				180829/oMFhgMxRjgQdzdsaHQdCjL.mp4			29/8/2018 10:43:28	100					0",,
"18383		cYcKk47AJ2qCqRWBJDK8T9	0	1	0	0		180829/cYcKk47AJ2qCqRWBJDK8T9_1.vtt	0	1	1	0	Markov Chain Monte Carlo summary				机器学习 贝叶斯 方法 马尔可夫链 蒙特卡罗				180829/cYcKk47AJ2qCqRWBJDK8T9.mp4			29/8/2018 10:43:28	100					0",,
"18384		fRzUxEEtUw3HEgatZGkRMJ	0	1	0	0		180829/fRzUxEEtUw3HEgatZGkRMJ_1.vtt	0	1	1	0	Markov Chains				机器学习 贝叶斯 方法 马尔可夫链 蒙特卡罗				180829/fRzUxEEtUw3HEgatZGkRMJ.mp4			29/8/2018 10:43:28	100					0",,
"18385		bH5bPsDYFU5kTQnwwVV4i3	0	1	0	0		180829/bH5bPsDYFU5kTQnwwVV4i3_1.vtt	0	1	1	0	MCMC for LDA				机器学习 贝叶斯 方法 马尔可夫链 蒙特卡罗				180829/bH5bPsDYFU5kTQnwwVV4i3.mp4			29/8/2018 10:43:29	100					0",,
"18386		pJAC2nDvtMyMQcTBEcERT3	0	1	0	0		180829/pJAC2nDvtMyMQcTBEcERT3_1.vtt	0	1	1	0	Metropolis-Hastings				机器学习 贝叶斯 方法 马尔可夫链 蒙特卡罗				180829/pJAC2nDvtMyMQcTBEcERT3.mp4			29/8/2018 10:43:29	100					0",,
"18387		gjUYsPwc89xDnnwZu4sxsA	0	1	0	0		180829/gjUYsPwc89xDnnwZu4sxsA_1.vtt	0	1	1	0	Metropolis-Hastings_ choosing the critic				机器学习 贝叶斯  方法 马尔可夫链 蒙特卡罗				180829/gjUYsPwc89xDnnwZu4sxsA.mp4			29/8/2018 10:43:29	100					0",,
"18388		bMaWfWMd7wwt3vS4KqzpQj	0	1	0	0		180829/bMaWfWMd7wwt3vS4KqzpQj_1.vtt	0	1	1	0	Monte Carlo estimation				机器学习 贝叶斯  方法 马尔可夫链 蒙特卡罗				180829/bMaWfWMd7wwt3vS4KqzpQj.mp4			29/8/2018 10:43:29	100					0",,
"18389		hvpWwUnupRvGJL4vcCR8Sj	0	1	0	0		180829/hvpWwUnupRvGJL4vcCR8Sj_1.vtt	0	1	1	0	Sampling from 1-d distributions				机器学习 贝叶斯  方法 马尔可夫链 蒙特卡罗				180829/hvpWwUnupRvGJL4vcCR8Sj.mp4			29/8/2018 10:43:29	100					0",,
"18390		jgAjmLAN9G7dHk4XShn5Mn	0	1	0	0		180829/jgAjmLAN9G7dHk4XShn5Mn_1.vtt	0	1	1	0	Dropout as Bayesian procedure				机器学习 贝叶斯 方法 变分自动编码器				180829/jgAjmLAN9G7dHk4XShn5Mn.mp4			29/8/2018 10:43:29	100					0",,
"18391		oNbZbgSzXJXeRsiEGpNGpD	0	1	0	0		180829/oNbZbgSzXJXeRsiEGpNGpD_1.vtt	0	1	1	0	Gradient of decoder				机器学习 贝叶斯 方法 变分自动编码器				180829/oNbZbgSzXJXeRsiEGpNGpD.mp4			29/8/2018 10:43:30	100					0",,
"18392		axq9eg6fG7RG2bjU9gmcji	0	1	0	0		180829/axq9eg6fG7RG2bjU9gmcji_1.vtt	0	1	1	0	Learning with priors				机器学习 贝叶斯 方法 变分自动编码器				180829/axq9eg6fG7RG2bjU9gmcji.mp4			29/8/2018 10:43:30	100					0",,
"18393		pTC2VD2V3nmRo7jf4cPKD7	0	1	0	0		180829/pTC2VD2V3nmRo7jf4cPKD7_1.vtt	0	1	1	0	Log derivative trick				机器学习 贝叶斯 方法 变分自动编码器				180829/pTC2VD2V3nmRo7jf4cPKD7.mp4			29/8/2018 10:43:30	100					0",,
"18394		fBHvNCdABMaVtyAauHdJnP	0	1	0	0		180829/fBHvNCdABMaVtyAauHdJnP_1.vtt	0	1	1	0	Modeling a distribution of images				机器学习 贝叶斯 方法 变分自动编码器				180829/fBHvNCdABMaVtyAauHdJnP.mp4			29/8/2018 10:43:30	100					0",,
"18395		iZeY33dPwZB4EY6qeyQgWH	0	1	0	0		180829/iZeY33dPwZB4EY6qeyQgWH_1.vtt	0	1	1	0	Reparameterization trick				机器学习 贝叶斯 方法 变分自动编码器				180829/iZeY33dPwZB4EY6qeyQgWH.mp4			29/8/2018 10:43:30	100					0",,
"18396		dQ4pWg8NHaYMxe4rkYCtsd	0	1	0	0		180829/dQ4pWg8NHaYMxe4rkYCtsd_1.vtt	0	1	1	0	Scaling variational EM				机器学习 贝叶斯 方法 变分自动编码器				180829/dQ4pWg8NHaYMxe4rkYCtsd.mp4			29/8/2018 10:43:30	100					0",,
"18397		zdSR6wnJMmYLZipTcxiNR6	0	1	0	0		180829/zdSR6wnJMmYLZipTcxiNR6_1.vtt	0	1	1	0	Scaling Variational Inference and Unbiased estimates				机器学习 贝叶斯 方法 变分自动编码器				180829/zdSR6wnJMmYLZipTcxiNR6.mp4			29/8/2018 10:43:30	100					0",,
"18398		tpye4gE586RmEzwksJVe22	0	1	0	0		180829/tpye4gE586RmEzwksJVe22_1.vtt	0	1	1	0	Sparse variational dropout				机器学习 贝叶斯 方法 变分自动编码器				180829/tpye4gE586RmEzwksJVe22.mp4			29/8/2018 10:43:31	100					0",,
"18399		eQc4GY3Zxw5gDUSNzriWU6	0	1	0	0		180829/eQc4GY3Zxw5gDUSNzriWU6_1.vtt	0	1	1	0	Using CNNs with a mixture of Gaussians				机器学习 贝叶斯 方法 变分自动编码器				180829/eQc4GY3Zxw5gDUSNzriWU6.mp4			29/8/2018 10:43:31	100					0",,
"18400		hSKP8QBbNKjTYQPWtE8t8a	0	1	0	0		180829/hSKP8QBbNKjTYQPWtE8t8a_1.vtt	0	1	1	0	Dirichlet distribution				机器学习 贝叶斯 方法 变分推理 潜在狄利克雷分布				180829/hSKP8QBbNKjTYQPWtE8t8a.mp4			29/8/2018 10:43:31	100					0",,
"18401		td9vCVuPiiKwxDCFpdk2s3	0	1	0	0		180829/td9vCVuPiiKwxDCFpdk2s3_1.vtt	0	1	1	0	Example_ Ising model				机器学习 贝叶斯 方法 变分推理 潜在狄利克雷分布				180829/td9vCVuPiiKwxDCFpdk2s3.mp4			29/8/2018 10:43:31	100					0",,
"18402		mJ9j4jFkbeNRAQ5EJubeah	0	1	0	0		180829/mJ9j4jFkbeNRAQ5EJubeah_1.vtt	0	1	1	0	Extensions of LDA				机器学习 贝叶斯 方法 变分推理 潜在狄利克雷分布				180829/mJ9j4jFkbeNRAQ5EJubeah.mp4			29/8/2018 10:43:31	100					0",,
"18403		mDsYLEQbNkUjEsft2KBepA	0	1	0	0		180829/mDsYLEQbNkUjEsft2KBepA_1.vtt	0	1	1	0	Latent Dirichlet Allocation				机器学习 贝叶斯 方法 变分推理 潜在狄利克雷分布				180829/mDsYLEQbNkUjEsft2KBepA.mp4			29/8/2018 10:43:31	100					0",,
"18404		i32Bv7LsjJKAKd7Squ3uS8	0	1	0	0		180829/i32Bv7LsjJKAKd7Squ3uS8_1.vtt	0	1	1	0	""LDA_ E-step"," theta""				机器学习 贝叶斯 方法 变分推理 潜在狄利克雷分布				180829/i32Bv7LsjJKAKd7Squ3uS8.mp4			29/8/2018 10:43:31	100					0",
"18405		zs5ZGByUjsYfjNooVrKqqZ	0	1	0	0		180829/zs5ZGByUjsYfjNooVrKqqZ_1.vtt	0	1	1	0	""LDA_ E-step"," z""				机器学习 贝叶斯 方法 变分推理 潜在狄利克雷分布				180829/zs5ZGByUjsYfjNooVrKqqZ.mp4			29/8/2018 10:43:31	100					0",
"18406		pW9Zwu87xi7tcPHExAnmVP	0	1	0	0		180829/pW9Zwu87xi7tcPHExAnmVP_1.vtt	0	1	1	0	LDA_ M-step and prediction				机器学习 贝叶斯 方法 变分推理 潜在狄利克雷分布				180829/pW9Zwu87xi7tcPHExAnmVP.mp4			29/8/2018 10:43:32	100					0",,
"18407		gbHaCaWMLBcHHYmw4BwURU	0	1	0	0		180829/gbHaCaWMLBcHHYmw4BwURU_1.vtt	0	1	1	0	Mean field approximation				机器学习 贝叶斯 方法 变分推理 潜在狄利克雷分布				180829/gbHaCaWMLBcHHYmw4BwURU.mp4			29/8/2018 10:43:32	100					0",,
"18408		pYmMhSVsvRsHoKx2L9NaV9	0	1	0	0		180829/pYmMhSVsvRsHoKx2L9NaV9_1.vtt	0	1	1	0	Topic modeling				机器学习 贝叶斯 方法 变分推理 潜在狄利克雷分布				180829/pYmMhSVsvRsHoKx2L9NaV9.mp4			29/8/2018 10:43:32	100					0",,
"18409		jitvb9KaQTrgrjjN2HQJmU	0	1	0	0		180829/jitvb9KaQTrgrjjN2HQJmU_1.vtt	0	1	1	0	Variational EM and Review				机器学习 贝叶斯 方法 变分推理 潜在狄利克雷分布				180829/jitvb9KaQTrgrjjN2HQJmU.mp4			29/8/2018 10:43:32	100					0",,
"18410		wKLZ3koNmTnqTXG83GujZD	0	1	0	0		180829/wKLZ3koNmTnqTXG83GujZD_1.vtt	0	1	1	0	Why approximate inference_				机器学习 贝叶斯 方法 变分推理 潜在狄利克雷分布				180829/wKLZ3koNmTnqTXG83GujZD.mp4			29/8/2018 10:43:32	100					0",,
"18411		ziGFbtd4bUkHE3men8EaoX	0	1	0	0		180829/ziGFbtd4bUkHE3men8EaoX_1.vtt	0	1	1	0	Intro to ML on GCP Specialization				Google  机器学习 专业化 入门				180829/ziGFbtd4bUkHE3men8EaoX.mp4			29/8/2018 10:43:32	100					0",,
"18412		sQp7jHsnsUKd72q4tLLsxM	0	1	0	0		180829/sQp7jHsnsUKd72q4tLLsxM_1.vtt	0	1	1	0	Specialization Agenda				Google  机器学习 专业化 入门				180829/sQp7jHsnsUKd72q4tLLsxM.mp4			29/8/2018 10:43:33	100					0",,
"18413		kQ8tKaCGbNxSy6VXRLs5bD	0	1	0	0		180829/kQ8tKaCGbNxSy6VXRLs5bD_1.vtt	0	1	1	0	Why Google Cloud_				Google  机器学习 专业化 入门				180829/kQ8tKaCGbNxSy6VXRLs5bD.mp4			29/8/2018 10:43:33	100					0",,
"18414		sCbgbccbnumhftaVyDSSvA	0	1	0	0		180829/sCbgbccbnumhftaVyDSSvA_1.vtt	0	1	1	0	Why Google_				Google  机器学习 专业化 入门				180829/sCbgbccbnumhftaVyDSSvA.mp4			29/8/2018 10:43:33	100					0",,
"18415		ntPGGKKDbT8hbZ7YLjvPP3	0	1	0	0		180829/ntPGGKKDbT8hbZ7YLjvPP3_1.vtt	0	1	1	0	Intro to Qwiklabs				机器学习				180829/ntPGGKKDbT8hbZ7YLjvPP3.mp4			29/8/2018 10:43:33	100					0",,
"18416		czvZSEisZ96RF9SqdadHtV	0	1	0	0		180829/czvZSEisZ96RF9SqdadHtV_1.vtt	0	1	1	0	Introduction				机器学习				180829/czvZSEisZ96RF9SqdadHtV.mp4			29/8/2018 10:43:33	100					0",,
"18417		bh9rr6eUCyWk6KojH9QGBb	0	1	0	0		180829/bh9rr6eUCyWk6KojH9QGBb_1.vtt	0	1	1	0	Building Decision Trees				Python 机器学习 分类				180829/bh9rr6eUCyWk6KojH9QGBb.mp4			29/8/2018 10:43:33	100					0",,
"18418		qkMbGckrSN32a7bJR9uR5F	0	1	0	0		180829/qkMbGckrSN32a7bJR9uR5F_1.vtt	0	1	1	0	Evaluation Metrics in Classification				Python 机器学习 分类				180829/qkMbGckrSN32a7bJR9uR5F.mp4			29/8/2018 10:43:33	100					0",,
"18419		noBXfLb8tYaAQ2YsmsTrfX	0	1	0	0		180829/noBXfLb8tYaAQ2YsmsTrfX_1.vtt	0	1	1	0	Intro to Logistic Regression				Python 机器学习 分类				180829/noBXfLb8tYaAQ2YsmsTrfX.mp4			29/8/2018 10:43:34	100					0",,
"18420		ySkChbaa63ywMY5X2ZcewW	0	1	0	0		180829/ySkChbaa63ywMY5X2ZcewW_1.vtt	0	1	1	0	Introduction to Classification				Python 机器学习 分类				180829/ySkChbaa63ywMY5X2ZcewW.mp4			29/8/2018 10:43:34	100					0",,
"18421		uiVweSWhjnJREJLyKdMmce	0	1	0	0		180829/uiVweSWhjnJREJLyKdMmce_1.vtt	0	1	1	0	Introduction to Decision Trees				Python 机器学习 分类				180829/uiVweSWhjnJREJLyKdMmce.mp4			29/8/2018 10:43:34	100					0",,
"18422		uvKweKHSWxAKq8CGq7VnLE	0	1	0	0		180829/uvKweKHSWxAKq8CGq7VnLE_1.vtt	0	1	1	0	K-Nearest Neighbours				Python 机器学习 分类				180829/uvKweKHSWxAKq8CGq7VnLE.mp4			29/8/2018 10:43:34	100					0",,
"18423		xFR8u87D7CPByUtbUY9rH5	0	1	0	0		180829/xFR8u87D7CPByUtbUY9rH5_1.vtt	0	1	1	0	Logistic Regression Training				Python 机器学习 分类				180829/xFR8u87D7CPByUtbUY9rH5.mp4			29/8/2018 10:43:34	100					0",,
"18424		d6SgzBDzUsfNTPehsK39jC	0	1	0	0		180829/d6SgzBDzUsfNTPehsK39jC_1.vtt	0	1	1	0	Logistic regression vs Linear regression				Python 机器学习 分类				180829/d6SgzBDzUsfNTPehsK39jC.mp4			29/8/2018 10:43:34	100					0",,
"18425		pPEqPD2faSfh5HcpPNKCpg	0	1	0	0		180829/pPEqPD2faSfh5HcpPNKCpg_1.vtt	0	1	1	0	Support Vector Machine				Python 机器学习 分类				180829/pPEqPD2faSfh5HcpPNKCpg.mp4			29/8/2018 10:43:34	100					0",,
"18426		jAfG6kz7sKB9a6cw75E5vb	0	1	0	0		180829/jAfG6kz7sKB9a6cw75E5vb_1.vtt	0	1	1	0	DBSCAN				Python 机器学习 聚类				180829/jAfG6kz7sKB9a6cw75E5vb.mp4			29/8/2018 10:43:35	100					0",,
"18427		napWyHdaCXai8vfs5Z6gC7	0	1	0	0		180829/napWyHdaCXai8vfs5Z6gC7_1.vtt	0	1	1	0	Intro to Clustering				Python 机器学习 聚类				180829/napWyHdaCXai8vfs5Z6gC7.mp4			29/8/2018 10:43:35	100					0",,
"18428		fpZm8R8jR5BNC3YQtLKzcL	0	1	0	0		180829/fpZm8R8jR5BNC3YQtLKzcL_1.vtt	0	1	1	0	Intro to Hierarchical Clustering				Python 机器学习 聚类				180829/fpZm8R8jR5BNC3YQtLKzcL.mp4			29/8/2018 10:43:35	100					0",,
"18429		sTd9DhFsGJAW9zBm6BKnxi	0	1	0	0		180829/sTd9DhFsGJAW9zBm6BKnxi_1.vtt	0	1	1	0	Intro to k-Means				Python 机器学习 聚类				180829/sTd9DhFsGJAW9zBm6BKnxi.mp4			29/8/2018 10:43:35	100					0",,
"18430		gzb2EV6g6FnA6UemdUUKXY	0	1	0	0		180829/gzb2EV6g6FnA6UemdUUKXY_1.vtt	0	1	1	0	More on Hierarchical Clustering				Python 机器学习 聚类				180829/gzb2EV6g6FnA6UemdUUKXY.mp4			29/8/2018 10:43:35	100					0",,
"18431		gBNdvZFsgE7QBaee4AC3Bg	0	1	0	0		180829/gBNdvZFsgE7QBaee4AC3Bg_1.vtt	0	1	1	0	More on k-Means				Python 机器学习 聚类				180829/gBNdvZFsgE7QBaee4AC3Bg.mp4			29/8/2018 10:43:35	100					0",,
"18432		aQZpx3RzadRzTF27kGm8BW	0	1	0	0		180829/aQZpx3RzadRzTF27kGm8BW_1.vtt	0	1	1	0	Sharing Notebooks on Watson Studio				Python 机器学习 最终项目				180829/aQZpx3RzadRzTF27kGm8BW.mp4			29/8/2018 10:43:35	100					0",,
"18433		duJeptuQhFuVGLGQHjaxEJ	0	1	0	0		180829/duJeptuQhFuVGLGQHjaxEJ_1.vtt	0	1	1	0	Signing-up for a Watson Studio Account				Python 机器学习 最终项目				180829/duJeptuQhFuVGLGQHjaxEJ.mp4			29/8/2018 10:43:36	100					0",,
"18434		jRXweSBE2qAE5oXxC22ryd	0	1	0	0		180829/jRXweSBE2qAE5oXxC22ryd_1.vtt	0	1	1	0	Introduction to Machine Learning				Python 机器学习 介绍				180829/jRXweSBE2qAE5oXxC22ryd.mp4			29/8/2018 10:43:36	100					0",,
"18435		whZ6Zmud4JN9mkVRwrwBKe	0	1	0	0		180829/whZ6Zmud4JN9mkVRwrwBKe_1.vtt	0	1	1	0	Python for Machine Learning				Python 机器学习 介绍				180829/whZ6Zmud4JN9mkVRwrwBKe.mp4			29/8/2018 10:43:36	100					0",,
"18436		s9xxhAiP7w524RomnByT3U	0	1	0	0		180829/s9xxhAiP7w524RomnByT3U_1.vtt	0	1	1	0	Supervised vs Unsupervised				Python 机器学习 介绍				180829/s9xxhAiP7w524RomnByT3U.mp4			29/8/2018 10:43:36	100					0",,
"18437		gMf9SZVt2t94o3xqCq9gxD	0	1	0	0		180829/gMf9SZVt2t94o3xqCq9gxD_1.vtt	0	1	1	0	Welcome				Python 机器学习 介绍				180829/gMf9SZVt2t94o3xqCq9gxD.mp4			29/8/2018 10:43:36	100					0",,
"18438		pyUJqBdvW8FESuDL9JpoDj	0	1	0	0		180829/pyUJqBdvW8FESuDL9JpoDj_1.vtt	0	1	1	0	Collaborative Filtering				Python 机器学习 推荐系统				180829/pyUJqBdvW8FESuDL9JpoDj.mp4			29/8/2018 10:43:36	100					0",,
"18439		emkwHVQnNzJ592nnBw8mob	0	1	0	0		180829/emkwHVQnNzJ592nnBw8mob_1.vtt	0	1	1	0	Content-based Recommender Systems				Python 机器学习 推荐系统				180829/emkwHVQnNzJ592nnBw8mob.mp4			29/8/2018 10:43:36	100					0",,
"18440		zt9wh32jquPysDaSa4phMN	0	1	0	0		180829/zt9wh32jquPysDaSa4phMN_1.vtt	0	1	1	0	Intro to Recommender Systems				Python 机器学习 推荐系统				180829/zt9wh32jquPysDaSa4phMN.mp4			29/8/2018 10:43:37	100					0",,
"18441		wbTwmDdFQEt2WmKmce5KUf	0	1	0	0		180829/wbTwmDdFQEt2WmKmce5KUf_1.vtt	0	1	1	0	Evaluation Metrics in Regression Models				Python 机器学习 回归				180829/wbTwmDdFQEt2WmKmce5KUf.mp4			29/8/2018 10:43:37	100					0",,
"18442		bBnAyek54DFigmqdSFsQnQ	0	1	0	0		180829/bBnAyek54DFigmqdSFsQnQ_1.vtt	0	1	1	0	Introduction to Regression				Python 机器学习 回归				180829/bBnAyek54DFigmqdSFsQnQ.mp4			29/8/2018 10:43:37	100					0",,
"18443		hbJBeVhrZnxqWd49m8VuN6	0	1	0	0		180829/hbJBeVhrZnxqWd49m8VuN6_1.vtt	0	1	1	0	Model Evaluation in Regression Models				Python 机器学习 回归				180829/hbJBeVhrZnxqWd49m8VuN6.mp4			29/8/2018 10:43:37	100					0",,
"18444		cZ7txvpPe799qQgUzWVGEP	0	1	0	0		180829/cZ7txvpPe799qQgUzWVGEP_1.vtt	0	1	1	0	Multiple Linear Regression				Python 机器学习 回归				180829/cZ7txvpPe799qQgUzWVGEP.mp4			29/8/2018 10:43:37	100					0",,
"18445		bDqNCygd4wJRZVs3dtqHvQ	0	1	0	0		180829/bDqNCygd4wJRZVs3dtqHvQ_1.vtt	0	1	1	0	Non-Linear Regression				Python 机器学习 回归				180829/bDqNCygd4wJRZVs3dtqHvQ.mp4			29/8/2018 10:43:37	100					0",,
"18446		cBvsEzU3VTjrstcwSfBixU	0	1	0	0		180829/cBvsEzU3VTjrstcwSfBixU_1.vtt	0	1	1	0	Simple Linear Regression				Python 机器学习 回归				180829/cBvsEzU3VTjrstcwSfBixU.mp4			29/8/2018 10:43:38	100					0",,
"18447		z9yjcdFXooAPH89UMHWYBm	0	1	0	0		180829/z9yjcdFXooAPH89UMHWYBm_1.vtt	0	1	1	0	A brief recap				机器学习 回归 评估绩效				180829/z9yjcdFXooAPH89UMHWYBm.mp4			29/8/2018 10:43:38	100					0",,
"18448		qon2MCvEZ4vB96BacmRD4M	0	1	0	0		180829/qon2MCvEZ4vB96BacmRD4M_1.vtt	0	1	1	0	Assessing performance intro				机器学习 回归 评估绩效				180829/qon2MCvEZ4vB96BacmRD4M.mp4			29/8/2018 10:43:38	100					0",,
"18449		vnvNxzrRVABytNUSs9B8Wc	0	1	0	0		180829/vnvNxzrRVABytNUSs9B8Wc_1.vtt	0	1	1	0	Defining overfitting				机器学习 回归 评估绩效				180829/vnvNxzrRVABytNUSs9B8Wc.mp4			29/8/2018 10:43:38	100					0",,
"18450		xgwigz2msSkj7q5bsN7cH6	0	1	0	0		180829/xgwigz2msSkj7q5bsN7cH6_1.vtt	0	1	1	0	Error vs. amount of data				机器学习 回归 评估绩效				180829/xgwigz2msSkj7q5bsN7cH6.mp4			29/8/2018 10:43:38	100					0",,
"18451		kP7STqafWXonAgzicoQy8X	0	1	0	0		180829/kP7STqafWXonAgzicoQy8X_1.vtt	0	1	1	0	Formally defining the 3 sources of error				机器学习 回归 评估绩效				180829/kP7STqafWXonAgzicoQy8X.mp4			29/8/2018 10:43:38	100					0",,
"18452		eVsYy34jXsCbovbFDhRpQD	0	1	0	0		180829/eVsYy34jXsCbovbFDhRpQD_1.vtt	0	1	1	0	Formally deriving why 3 sources of error				机器学习 回归 评估绩效				180829/eVsYy34jXsCbovbFDhRpQD.mp4			29/8/2018 10:43:38	100					0",,
"18453		djxD4tpUknn5mCt3wwm7ym	0	1	0	0		180829/djxD4tpUknn5mCt3wwm7ym_1.vtt	0	1	1	0	Generalization error_ what we really want				机器学习 回归 评估绩效				180829/djxD4tpUknn5mCt3wwm7ym.mp4			29/8/2018 10:43:39	100					0",,
"18454		pjjXAo4GNWXX6aZFxFvmaD	0	1	0	0		180829/pjjXAo4GNWXX6aZFxFvmaD_1.vtt	0	1	1	0	Irreducible error and bias				机器学习 回归 评估绩效				180829/pjjXAo4GNWXX6aZFxFvmaD.mp4			29/8/2018 10:43:39	100					0",,
"18455		d9vRpEen8RHFkjNUBpz3VQ	0	1	0	0		180829/d9vRpEen8RHFkjNUBpz3VQ_1.vtt	0	1	1	0	Test error_ what we can actually compute				机器学习 回归 评估绩效				180829/d9vRpEen8RHFkjNUBpz3VQ.mp4			29/8/2018 10:43:39	100					0",,
"18456		ypnmAAGfiwVuxBwLpVYo6o	0	1	0	0		180829/ypnmAAGfiwVuxBwLpVYo6o_1.vtt	0	1	1	0	Training error_ assessing loss on the training set				机器学习 回归 评估绩效				180829/ypnmAAGfiwVuxBwLpVYo6o.mp4			29/8/2018 10:43:39	100					0",,
"18457		i8et9NVXzHdztZamxwKvR8	0	1	0	0		180829/i8et9NVXzHdztZamxwKvR8_1.vtt	0	1	1	0	Variance and the bias-variance tradeoff				机器学习 回归 评估绩效				180829/i8et9NVXzHdztZamxwKvR8.mp4			29/8/2018 10:43:39	100					0",,
"18458		c8cAT2QJ6oSKDmzdCs468h	0	1	0	0		180829/c8cAT2QJ6oSKDmzdCs468h_1.vtt	0	1	1	0	What do we mean by _loss__				机器学习 回归 评估绩效				180829/c8cAT2QJ6oSKDmzdCs468h.mp4			29/8/2018 10:43:39	100					0",,
"18459		jHXWFqNcWAkrxPzWmYoJVP	0	1	0	0		180829/jHXWFqNcWAkrxPzWmYoJVP_1.vtt	0	1	1	0	A brief recap				机器学习 回归 特征选择 套索算法				180829/jHXWFqNcWAkrxPzWmYoJVP.mp4			29/8/2018 10:43:39	100					0",,
"18460		ukc59PPbNFYeBEemT2NLHk	0	1	0	0		180829/ukc59PPbNFYeBEemT2NLHk_1.vtt	0	1	1	0	All subsets				机器学习 回归 特征选择 套索算法				180829/ukc59PPbNFYeBEemT2NLHk.mp4			29/8/2018 10:43:40	100					0",,
"18461		px8EYypRE4VZDAN9U8dy43	0	1	0	0		180829/px8EYypRE4VZDAN9U8dy43_1.vtt	0	1	1	0	Assessing convergence and other lasso solvers				机器学习 回归 特征选择 套索算法				180829/px8EYypRE4VZDAN9U8dy43.mp4			29/8/2018 10:43:40	100					0",,
"18462		ddkxRUzcJ6yp4Hmsy9ZGAZ	0	1	0	0		180829/ddkxRUzcJ6yp4Hmsy9ZGAZ_1.vtt	0	1	1	0	Can we use regularization for feature selection_				机器学习 回归 特征选择 套索算法				180829/ddkxRUzcJ6yp4Hmsy9ZGAZ.mp4			29/8/2018 10:43:40	100					0",,
"18463		qW5bbiTWGcu6YDgP8SgKR8	0	1	0	0		180829/qW5bbiTWGcu6YDgP8SgKR8_1.vtt	0	1	1	0	Choosing the penalty strength and other practical issues with lasso				机器学习 回归 特征选择 套索算法				180829/qW5bbiTWGcu6YDgP8SgKR8.mp4			29/8/2018 10:43:40	100					0",,
"18464		y688iq5qAbfuNoHHZuTd7U	0	1	0	0		180829/y688iq5qAbfuNoHHZuTd7U_1.vtt	0	1	1	0	Complexity of all subsets				机器学习 回归 特征选择 套索算法				180829/y688iq5qAbfuNoHHZuTd7U.mp4			29/8/2018 10:43:40	100					0",,
"18465		sBwGiQ4eYEekxwCB9Mngqn	0	1	0	0		180829/sBwGiQ4eYEekxwCB9Mngqn_1.vtt	0	1	1	0	Complexity of the greedy forward stepwise algorithm				机器学习 回归 特征选择 套索算法				180829/sBwGiQ4eYEekxwCB9Mngqn.mp4			29/8/2018 10:43:40	100					0",,
"18466		f9nWF3gKLQymrrjQYUFk4f	0	1	0	0		180829/f9nWF3gKLQymrrjQYUFk4f_1.vtt	0	1	1	0	Coordinate descent				机器学习 回归 特征选择 套索算法				180829/f9nWF3gKLQymrrjQYUFk4f.mp4			29/8/2018 10:43:40	100					0",,
"18467		twnQeYTcouZB9qmZwqUg4X	0	1	0	0		180829/twnQeYTcouZB9qmZwqUg4X_1.vtt	0	1	1	0	Coordinate descent for lasso (normalized features)				机器学习 回归 特征选择 套索算法				180829/twnQeYTcouZB9qmZwqUg4X.mp4			29/8/2018 10:43:41	100					0",,
"18468		zjH5YooVwbmnqAoud53P5b	0	1	0	0		180829/zjH5YooVwbmnqAoud53P5b_1.vtt	0	1	1	0	Coordinate descent for lasso (unnormalized features)				机器学习 回归 特征选择 套索算法				180829/zjH5YooVwbmnqAoud53P5b.mp4			29/8/2018 10:43:41	100					0",,
"18469		giLrGxaYksQMrPkALBv9oV	0	1	0	0		180829/giLrGxaYksQMrPkALBv9oV_1.vtt	0	1	1	0	Coordinate descent for least squares regression (normalized features)				机器学习 回归 特征选择 套索算法				180829/giLrGxaYksQMrPkALBv9oV.mp4			29/8/2018 10:43:41	100					0",,
"18470		ooyaqec8Xfwzux2wbDR3tk	0	1	0	0		180829/ooyaqec8Xfwzux2wbDR3tk_1.vtt	0	1	1	0	Deriving the lasso coordinate descent update				机器学习 回归 特征选择 套索算法				180829/ooyaqec8Xfwzux2wbDR3tk.mp4			29/8/2018 10:43:41	100					0",,
"18471		wNEGeeP22pYVXqgzLqyxSP	0	1	0	0		180829/wNEGeeP22pYVXqgzLqyxSP_1.vtt	0	1	1	0	Greedy algorithms				机器学习 回归 特征选择 套索算法				180829/wNEGeeP22pYVXqgzLqyxSP.mp4			29/8/2018 10:43:41	100					0",,
"18472		oUEqvhaQqzjqTURW7yRsdm	0	1	0	0		180829/oUEqvhaQqzjqTURW7yRsdm_1.vtt	0	1	1	0	Lasso demo				机器学习 回归 特征选择 套索算法				180829/oUEqvhaQqzjqTURW7yRsdm.mp4			29/8/2018 10:43:41	100					0",,
"18473		cRg66UkwqA9X28B8zD6CVh	0	1	0	0		180829/cRg66UkwqA9X28B8zD6CVh_1.vtt	0	1	1	0	Normalizing features				机器学习 回归 特征选择 套索算法				180829/cRg66UkwqA9X28B8zD6CVh.mp4			29/8/2018 10:43:41	100					0",,
"18474		fXP4qc8iq6wZRNMNusggsM	0	1	0	0		180829/fXP4qc8iq6wZRNMNusggsM_1.vtt	0	1	1	0	The feature selection task				机器学习 回归 特征选择 套索算法				180829/fXP4qc8iq6wZRNMNusggsM.mp4			29/8/2018 10:43:41	100					0",,
"18475		tdG3aH7FpSUE67Jq58CwHS	0	1	0	0		180829/tdG3aH7FpSUE67Jq58CwHS_1.vtt	0	1	1	0	The lasso objective and its coefficient path				机器学习 回归 特征选择 套索算法				180829/tdG3aH7FpSUE67Jq58CwHS.mp4			29/8/2018 10:43:42	100					0",,
"18476		aqpMrFBUoKgeFReQyWdj9g	0	1	0	0		180829/aqpMrFBUoKgeFReQyWdj9g_1.vtt	0	1	1	0	Thresholding ridge coefficients_				机器学习 回归 特征选择 套索算法				180829/aqpMrFBUoKgeFReQyWdj9g.mp4			29/8/2018 10:43:42	100					0",,
"18477		bcMrMJwdict8F65PShLRoh	0	1	0	0		180829/bcMrMJwdict8F65PShLRoh_1.vtt	0	1	1	0	Visualizing the lasso cost and solution				机器学习 回归 特征选择 套索算法				180829/bcMrMJwdict8F65PShLRoh.mp4			29/8/2018 10:43:42	100					0",,
"18478		nKwFUkx5hMZ63SyUknKBxJ	0	1	0	0		180829/nKwFUkx5hMZ63SyUknKBxJ_1.vtt	0	1	1	0	Visualizing the ridge cost				机器学习 回归 特征选择 套索算法				180829/nKwFUkx5hMZ63SyUknKBxJ.mp4			29/8/2018 10:43:42	100					0",,
"18479		doVeuFbKm8S6Q67nqyL5Md	0	1	0	0		180829/doVeuFbKm8S6Q67nqyL5Md_1.vtt	0	1	1	0	Visualizing the ridge solution				机器学习 回归 特征选择 套索算法				180829/doVeuFbKm8S6Q67nqyL5Md.mp4			29/8/2018 10:43:42	100					0",,
"18480		uiHpTtbE2F7Gi2af85Wwc5	0	1	0	0		180829/uiHpTtbE2F7Gi2af85Wwc5_1.vtt	0	1	1	0	What makes the lasso objective different				机器学习 回归 特征选择 套索算法				180829/uiHpTtbE2F7Gi2af85Wwc5.mp4			29/8/2018 10:43:42	100					0",,
"18481		wuGLSTfBAVLUu3ShMvrQX3	0	1	0	0		180829/wuGLSTfBAVLUu3ShMvrQX3_1.vtt	0	1	1	0	A brief recap				机器学习 回归 多元回归				180829/wuGLSTfBAVLUu3ShMvrQX3.mp4			29/8/2018 10:43:43	100					0",,
"18482		hibepTteHtNGxAMQ7bVYEQ	0	1	0	0		180829/hibepTteHtNGxAMQ7bVYEQ_1.vtt	0	1	1	0	Algorithmic summary of gradient descent approach				机器学习 回归 多元回归				180829/hibepTteHtNGxAMQ7bVYEQ.mp4			29/8/2018 10:43:43	100					0",,
"18483		cghqFo62qgwTsgA4WmngND	0	1	0	0		180829/cghqFo62qgwTsgA4WmngND_1.vtt	0	1	1	0	Approach 1_ closed-form solution				机器学习 回归 多元回归				180829/cghqFo62qgwTsgA4WmngND.mp4			29/8/2018 10:43:43	100					0",,
"18484		soXdE6yAx33fpgMDLchdKW	0	1	0	0		180829/soXdE6yAx33fpgMDLchdKW_1.vtt	0	1	1	0	Approach 2_ gradient descent				机器学习 回归 多元回归				180829/soXdE6yAx33fpgMDLchdKW.mp4			29/8/2018 10:43:43	100					0",,
"18485		eGy8Vi94VoHQ4JocHMr2P7	0	1	0	0		180829/eGy8Vi94VoHQ4JocHMr2P7_1.vtt	0	1	1	0	Computing the cost of a D-dimensional curve				机器学习 回归 多元回归				180829/eGy8Vi94VoHQ4JocHMr2P7.mp4			29/8/2018 10:43:43	100					0",,
"18486		m7JGXFfdYPooHcdpNvCX2Y	0	1	0	0		180829/m7JGXFfdYPooHcdpNvCX2Y_1.vtt	0	1	1	0	Computing the gradient of RSS				机器学习 回归 多元回归				180829/m7JGXFfdYPooHcdpNvCX2Y.mp4			29/8/2018 10:43:43	100					0",,
"18487		offFAhzn7u6JzPapZM4EdX	0	1	0	0		180829/offFAhzn7u6JzPapZM4EdX_1.vtt	0	1	1	0	Defining notation				机器学习 回归 多元回归				180829/offFAhzn7u6JzPapZM4EdX.mp4			29/8/2018 10:43:43	100					0",,
"18488		cBkvM4VRyJkW2KpvsS3nBW	0	1	0	0		180829/cBkvM4VRyJkW2KpvsS3nBW_1.vtt	0	1	1	0	Discussing the closed-form solution				机器学习 回归 多元回归				180829/cBkvM4VRyJkW2KpvsS3nBW.mp4			29/8/2018 10:43:44	100					0",,
"18489		cn2hQK7pNx2uv9ujD7YHgc	0	1	0	0		180829/cn2hQK7pNx2uv9ujD7YHgc_1.vtt	0	1	1	0	Feature-by-feature update				机器学习 回归 多元回归				180829/cn2hQK7pNx2uv9ujD7YHgc.mp4			29/8/2018 10:43:44	100					0",,
"18490		vCZ4FhFX2KL9DyzPUV3Lk7	0	1	0	0		180829/vCZ4FhFX2KL9DyzPUV3Lk7_1.vtt	0	1	1	0	Interpreting the multiple regression fit				机器学习 回归 多元回归				180829/vCZ4FhFX2KL9DyzPUV3Lk7.mp4			29/8/2018 10:43:44	100					0",,
"18491		bDdTafTRyyNJB2uq6UP6rZ	0	1	0	0		180829/bDdTafTRyyNJB2uq6UP6rZ_1.vtt	0	1	1	0	Modeling seasonality				机器学习 回归 多元回归				180829/bDdTafTRyyNJB2uq6UP6rZ.mp4			29/8/2018 10:43:44	100					0",,
"18492		tuyKwVo8SaCqbg8nv3kUNB	0	1	0	0		180829/tuyKwVo8SaCqbg8nv3kUNB_1.vtt	0	1	1	0	Motivating the use of multiple inputs				机器学习 回归 多元回归				180829/tuyKwVo8SaCqbg8nv3kUNB.mp4			29/8/2018 10:43:44	100					0",,
"18493		b3oH2jVJtKS9jGHBEVNQVK	0	1	0	0		180829/b3oH2jVJtKS9jGHBEVNQVK_1.vtt	0	1	1	0	Multiple regression intro				机器学习 回归 多元回归				180829/b3oH2jVJtKS9jGHBEVNQVK.mp4			29/8/2018 10:43:44	100					0",,
"18494		geLaKVFgKkejGuF5qS44D8	0	1	0	0		180829/geLaKVFgKkejGuF5qS44D8_1.vtt	0	1	1	0	Polynomial regression				机器学习 回归 多元回归				180829/geLaKVFgKkejGuF5qS44D8.mp4			29/8/2018 10:43:44	100					0",,
"18495		fqVjjCBYCjSYLVM9iwC8PS	0	1	0	0		180829/fqVjjCBYCjSYLVM9iwC8PS_1.vtt	0	1	1	0	Regression with features of multiple inputs				机器学习 回归 多元回归				180829/fqVjjCBYCjSYLVM9iwC8PS.mp4			29/8/2018 10:43:45	100					0",,
"18496		nK2o4nsatDi9xqA23sF6UJ	0	1	0	0		180829/nK2o4nsatDi9xqA23sF6UJ_1.vtt	0	1	1	0	Regression with general features of 1 input				机器学习 回归 多元回归				180829/nK2o4nsatDi9xqA23sF6UJ.mp4			29/8/2018 10:43:45	100					0",,
"18497		g6k6GoTP7oFwjDpJPro85g	0	1	0	0		180829/g6k6GoTP7oFwjDpJPro85g_1.vtt	0	1	1	0	Rewriting the model for all observations in matrix notation				机器学习 回归 多元回归				180829/g6k6GoTP7oFwjDpJPro85g.mp4			29/8/2018 10:43:45	100					0",,
"18498		kA3LHYW4dZ7kytBD2DCiP5	0	1	0	0		180829/kA3LHYW4dZ7kytBD2DCiP5_1.vtt	0	1	1	0	Rewriting the single observation model in vector notation				机器学习 回归 多元回归				180829/kA3LHYW4dZ7kytBD2DCiP5.mp4			29/8/2018 10:43:45	100					0",,
"18499		kyA9ctT9HsDtWm7BfoMVoG	0	1	0	0		180829/kyA9ctT9HsDtWm7BfoMVoG_1.vtt	0	1	1	0	Where we see seasonality				机器学习 回归 多元回归				180829/kyA9ctT9HsDtWm7BfoMVoG.mp4			29/8/2018 10:43:45	100					0",,
"18500		gnaRp2NgaNxp76msxWxSH7	0	1	0	0		180829/gnaRp2NgaNxp76msxWxSH7_1.vtt	0	1	1	0	1-Nearest neighbor algorithm				机器学习 回归 最近邻 核回归				180829/gnaRp2NgaNxp76msxWxSH7.mp4			29/8/2018 10:43:45	100					0",,
"18501		cJgZTVuBG85eQUQNSoBQzS	0	1	0	0		180829/cJgZTVuBG85eQUQNSoBQzS_1.vtt	0	1	1	0	1-Nearest neighbor regression approach				机器学习 回归 最近邻 核回归				180829/cJgZTVuBG85eQUQNSoBQzS.mp4			29/8/2018 10:43:45	100					0",,
"18502		fWpH7W5BkHif2Db8omqZBm	0	1	0	0		180829/fWpH7W5BkHif2Db8omqZBm_1.vtt	0	1	1	0	A brief recap				机器学习 回归 最近邻 核回归				180829/fWpH7W5BkHif2Db8omqZBm.mp4			29/8/2018 10:43:46	100					0",,
"18503		n2GVUVjezuAyAqThM8RwMA	0	1	0	0		180829/n2GVUVjezuAyAqThM8RwMA_1.vtt	0	1	1	0	Distance metrics				机器学习 回归 最近邻 核回归				180829/n2GVUVjezuAyAqThM8RwMA.mp4			29/8/2018 10:43:46	100					0",,
"18504		doBSy7UvhgiC8xaTs35oWb	0	1	0	0		180829/doBSy7UvhgiC8xaTs35oWb_1.vtt	0	1	1	0	From weighted k-NN to kernel regression				机器学习 回归 最近邻 核回归				180829/doBSy7UvhgiC8xaTs35oWb.mp4			29/8/2018 10:43:46	100					0",,
"18505		v9rZ4TLSL4B3xuozigpUbA	0	1	0	0		180829/v9rZ4TLSL4B3xuozigpUbA_1.vtt	0	1	1	0	Global fits of parametric models vs. local fits of kernel regression				机器学习 回归 最近邻 核回归				180829/v9rZ4TLSL4B3xuozigpUbA.mp4			29/8/2018 10:43:46	100					0",,
"18506		zNGGMAqQfZbeENx5tM5WcN	0	1	0	0		180829/zNGGMAqQfZbeENx5tM5WcN_1.vtt	0	1	1	0	""Issues with high-dimensions", data scarcity," and computational complexity""				机器学习 回归 最近邻 核回归				180829/zNGGMAqQfZbeENx5tM5WcN.mp4			29/8/2018 10:43:46	100					0"
"18507		hmNr8Zq8M7WpLVSiL6AGZD	0	1	0	0		180829/hmNr8Zq8M7WpLVSiL6AGZD_1.vtt	0	1	1	0	k-Nearest neighbors in practice				机器学习 回归 最近邻 核回归				180829/hmNr8Zq8M7WpLVSiL6AGZD.mp4			29/8/2018 10:43:46	100					0",,
"18508		s4EgPoja87iersstdkWZmC	0	1	0	0		180829/s4EgPoja87iersstdkWZmC_1.vtt	0	1	1	0	k-Nearest neighbors regression				机器学习 回归 最近邻 核回归				180829/s4EgPoja87iersstdkWZmC.mp4			29/8/2018 10:43:46	100					0",,
"18509		mJSas635UW5R4SsvwMcUEe	0	1	0	0		180829/mJSas635UW5R4SsvwMcUEe_1.vtt	0	1	1	0	k-NN for classification				机器学习 回归 最近邻 核回归				180829/mJSas635UW5R4SsvwMcUEe.mp4			29/8/2018 10:43:47	100					0",,
"18510		yqjvHGtdo4V6pCVEGsnQnG	0	1	0	0		180829/yqjvHGtdo4V6pCVEGsnQnG_1.vtt	0	1	1	0	Limitations of parametric regression				机器学习 回归 最近邻 核回归				180829/yqjvHGtdo4V6pCVEGsnQnG.mp4			29/8/2018 10:43:47	100					0",,
"18511		y8YXziEJuBg2VtuKjg6PeM	0	1	0	0		180829/y8YXziEJuBg2VtuKjg6PeM_1.vtt	0	1	1	0	Performance of NN as amount of data grows				机器学习 回归 最近邻 核回归				180829/y8YXziEJuBg2VtuKjg6PeM.mp4			29/8/2018 10:43:47	100					0",,
"18512		nNniu6Z3riwA9GpvFmQq7Q	0	1	0	0		180829/nNniu6Z3riwA9GpvFmQq7Q_1.vtt	0	1	1	0	Weighted k-nearest neighbors				机器学习 回归 最近邻 核回归				180829/nNniu6Z3riwA9GpvFmQq7Q.mp4			29/8/2018 10:43:47	100					0",,
"18513		jfFVD3DDGtMnNv8bvBrENn	0	1	0	0		180829/jfFVD3DDGtMnNv8bvBrENn_1.vtt	0	1	1	0	A brief recap				机器学习 回归 岭回归				180829/jfFVD3DDGtMnNv8bvBrENn.mp4			29/8/2018 10:43:47	100					0",,
"18514		u6EX5u4vUY2aVED8HrANaJ	0	1	0	0		180829/u6EX5u4vUY2aVED8HrANaJ_1.vtt	0	1	1	0	Approach 1_ closed-form solution				机器学习 回归 岭回归				180829/u6EX5u4vUY2aVED8HrANaJ.mp4			29/8/2018 10:43:47	100					0",,
"18515		rSgLSqKQgE2QNCbyKicNW3	0	1	0	0		180829/rSgLSqKQgE2QNCbyKicNW3_1.vtt	0	1	1	0	Approach 2_ gradient descent				机器学习 回归 岭回归				180829/rSgLSqKQgE2QNCbyKicNW3.mp4			29/8/2018 10:43:47	100					0",,
"18516		goEpcPqJh9DKfXjbb3xMCH	0	1	0	0		180829/goEpcPqJh9DKfXjbb3xMCH_1.vtt	0	1	1	0	Balancing fit and magnitude of coefficients				机器学习 回归 岭回归				180829/goEpcPqJh9DKfXjbb3xMCH.mp4			29/8/2018 10:43:48	100					0",,
"18517		yLQCHo4FhqBvZTCHhGkGWH	0	1	0	0		180829/yLQCHo4FhqBvZTCHhGkGWH_1.vtt	0	1	1	0	Computing the gradient of the ridge objective				机器学习 回归 岭回归				180829/yLQCHo4FhqBvZTCHhGkGWH.mp4			29/8/2018 10:43:48	100					0",,
"18518		iQomNu4zWBNErZ4p9cAZgc	0	1	0	0		180829/iQomNu4zWBNErZ4p9cAZgc_1.vtt	0	1	1	0	Discussing the closed-form solution				机器学习 回归 岭回归				180829/iQomNu4zWBNErZ4p9cAZgc.mp4			29/8/2018 10:43:48	100					0",,
"18519		nM6twhbXBmVYLKmmqvQQKP	0	1	0	0		180829/nM6twhbXBmVYLKmmqvQQKP_1.vtt	0	1	1	0	How ridge regression balances bias and variance				机器学习 回归 岭回归				180829/nM6twhbXBmVYLKmmqvQQKP.mp4			29/8/2018 10:43:48	100					0",,
"18520		dL5xLWxVPNsfjqrzwVQCxj	0	1	0	0		180829/dL5xLWxVPNsfjqrzwVQCxj_1.vtt	0	1	1	0	How to handle the intercept				机器学习 回归 岭回归				180829/dL5xLWxVPNsfjqrzwVQCxj.mp4			29/8/2018 10:43:48	100					0",,
"18521		rCxF9dkoUPRekji7gsHymh	0	1	0	0		180829/rCxF9dkoUPRekji7gsHymh_1.vtt	0	1	1	0	K-fold cross validation				机器学习 回归 岭回归				180829/rCxF9dkoUPRekji7gsHymh.mp4			29/8/2018 10:43:48	100					0",,
"18522		aWCCPSDjH9aVM27XqAtsmd	0	1	0	0		180829/aWCCPSDjH9aVM27XqAtsmd_1.vtt	0	1	1	0	Overfitting demo				机器学习 回归 岭回归				180829/aWCCPSDjH9aVM27XqAtsmd.mp4			29/8/2018 10:43:48	100					0",,
"18523		hz2RagfW27xXidKLqzRc3B	0	1	0	0		180829/hz2RagfW27xXidKLqzRc3B_1.vtt	0	1	1	0	Overfitting for more general multiple regression models				机器学习 回归 岭回归				180829/hz2RagfW27xXidKLqzRc3B.mp4			29/8/2018 10:43:49	100					0",,
"18524		oqC6kiEJpJa5WcKKcYo2dj	0	1	0	0		180829/oqC6kiEJpJa5WcKKcYo2dj_1.vtt	0	1	1	0	Ridge regression demo				机器学习 回归 岭回归				180829/oqC6kiEJpJa5WcKKcYo2dj.mp4			29/8/2018 10:43:49	100					0",,
"18525		qbJWPVXULCHd67iCYgVyVb	0	1	0	0		180829/qbJWPVXULCHd67iCYgVyVb_1.vtt	0	1	1	0	Selecting tuning parameters via cross validation				机器学习 回归 岭回归				180829/qbJWPVXULCHd67iCYgVyVb.mp4			29/8/2018 10:43:49	100					0",,
"18526		wPQXN9p2gCAFdZAsAngAFh	0	1	0	0		180829/wPQXN9p2gCAFdZAsAngAFh_1.vtt	0	1	1	0	Symptoms of overfitting in polynomial regression				机器学习 回归 岭回归				180829/wPQXN9p2gCAFdZAsAngAFh.mp4			29/8/2018 10:43:49	100					0",,
"18527		zB2YRzVgPjrn7dBPAzKYFX	0	1	0	0		180829/zB2YRzVgPjrn7dBPAzKYFX_1.vtt	0	1	1	0	The resulting ridge objective and its extreme solutions				机器学习 回归 岭回归				180829/zB2YRzVgPjrn7dBPAzKYFX.mp4			29/8/2018 10:43:49	100					0",,
"18528		yKCeaRwT55s8xNxrCxF4s6	0	1	0	0		180829/yKCeaRwT55s8xNxrCxF4s6_1.vtt	0	1	1	0	The ridge coefficient path				机器学习 回归 岭回归				180829/yKCeaRwT55s8xNxrCxF4s6.mp4			29/8/2018 10:43:49	100					0",,
"18529		p8mEpWG6UFzgvD8JBnxKVH	0	1	0	0		180829/p8mEpWG6UFzgvD8JBnxKVH_1.vtt	0	1	1	0	Assumed background				机器学习 回归 介绍				180829/p8mEpWG6UFzgvD8JBnxKVH.mp4			29/8/2018 10:43:50	100					0",,
"18530		sPAcVJRBwTSZeX7d3dnDJE	0	1	0	0		180829/sPAcVJRBwTSZeX7d3dnDJE_1.vtt	0	1	1	0	Outlining the first half of the course				机器学习 回归 介绍				180829/sPAcVJRBwTSZeX7d3dnDJE.mp4			29/8/2018 10:43:50	100					0",,
"18531		a2rgptptipuPNRaVSwvsQe	0	1	0	0		180829/a2rgptptipuPNRaVSwvsQe_1.vtt	0	1	1	0	Outlining the second half of the course				机器学习 回归 介绍				180829/a2rgptptipuPNRaVSwvsQe.mp4			29/8/2018 10:43:50	100					0",,
"18532		ffKgWds2KfgUUUj5tR9LVk	0	1	0	0		180829/ffKgWds2KfgUUUj5tR9LVk_1.vtt	0	1	1	0	Welcome!				机器学习 回归 介绍				180829/ffKgWds2KfgUUUj5tR9LVk.mp4			29/8/2018 10:43:50	100					0",,
"18533		oPUSQSjggstxvYdcr9i6LA	0	1	0	0		180829/oPUSQSjggstxvYdcr9i6LA_1.vtt	0	1	1	0	What is the course about_				机器学习 回归 介绍				180829/oPUSQSjggstxvYdcr9i6LA.mp4			29/8/2018 10:43:50	100					0",,
"18534		uXxks3HX5BDSDTTmWYUYBo	0	1	0	0		180829/uXxks3HX5BDSDTTmWYUYBo_1.vtt	0	1	1	0	Dot product				机器学习 数学 PCA 内在原理				180829/uXxks3HX5BDSDTTmWYUYBo.mp4			29/8/2018 10:43:50	100					0",,
"18535		tAtPaDXVsndfWnnJHWd6jK	0	1	0	0		180829/tAtPaDXVsndfWnnJHWd6jK_1.vtt	0	1	1	0	Heading for the next module!				机器学习 数学 PCA 内在原理				180829/tAtPaDXVsndfWnnJHWd6jK.mp4			29/8/2018 10:43:50	100					0",,
"18536		cX8yhUjxUnELLpetpfNThn	0	1	0	0		180829/cX8yhUjxUnELLpetpfNThn_1.vtt	0	1	1	0	Inner products of functions and random variables (optional)				机器学习 数学 PCA 内在原理				180829/cX8yhUjxUnELLpetpfNThn.mp4			29/8/2018 10:43:50	100					0",,
"18537		nKndDYYXqdKNWu5Wy9teFG	0	1	0	0		180829/nKndDYYXqdKNWu5Wy9teFG_1.vtt	0	1	1	0	Inner product_ angles and orthogonality				机器学习 数学 PCA 内在原理				180829/nKndDYYXqdKNWu5Wy9teFG.mp4			29/8/2018 10:43:51	100					0",,
"18538		rFrvQ94cU7V6LCiweUESCC	0	1	0	0		180829/rFrvQ94cU7V6LCiweUESCC_1.vtt	0	1	1	0	Inner product_ definition				机器学习 数学 PCA 内在原理				180829/rFrvQ94cU7V6LCiweUESCC.mp4			29/8/2018 10:43:51	100					0",,
"18539		jpAYquy5w96Sytbx5omKzX	0	1	0	0		180829/jpAYquy5w96Sytbx5omKzX_1.vtt	0	1	1	0	Inner product_ distances between vectors				机器学习 数学 PCA 内在原理				180829/jpAYquy5w96Sytbx5omKzX.mp4			29/8/2018 10:43:51	100					0",,
"18540		vdL9e6ptDd8hutDy2YC8yM	0	1	0	0		180829/vdL9e6ptDd8hutDy2YC8yM_1.vtt	0	1	1	0	Inner product_ length of vectors				机器学习 数学 PCA 内在原理				180829/vdL9e6ptDd8hutDy2YC8yM.mp4			29/8/2018 10:43:51	100					0",,
"18541		zAcQoXTkSSuTF6hJsYNGqc	0	1	0	0		180829/zAcQoXTkSSuTF6hJsYNGqc_1.vtt	0	1	1	0	Welcome to module 2				机器学习 数学 PCA 内在原理				180829/zAcQoXTkSSuTF6hJsYNGqc.mp4			29/8/2018 10:43:51	100					0",,
"18542		tozYuVCjjVaDko34dbH8PN	0	1	0	0		180829/tozYuVCjjVaDko34dbH8PN_1.vtt	0	1	1	0	Example_ projection onto 1D subspaces				机器学习 数学 PCA 正交投影				180829/tozYuVCjjVaDko34dbH8PN.mp4			29/8/2018 10:43:51	100					0",,
"18543		ktkX4MYhTFw3yML2dicKRL	0	1	0	0		180829/ktkX4MYhTFw3yML2dicKRL_1.vtt	0	1	1	0	Example_ projection onto a 2D subspace				机器学习 数学 PCA 正交投影				180829/ktkX4MYhTFw3yML2dicKRL.mp4			29/8/2018 10:43:52	100					0",,
"18544		sSg2TEMcsrGGnGUNtA8geC	0	1	0	0		180829/sSg2TEMcsrGGnGUNtA8geC_1.vtt	0	1	1	0	Projection onto 1D subspaces				机器学习 数学 PCA 正交投影				180829/sSg2TEMcsrGGnGUNtA8geC.mp4			29/8/2018 10:43:52	100					0",,
"18545		xmMTq76n4ugbr6h7Y7fSmi	0	1	0	0		180829/xmMTq76n4ugbr6h7Y7fSmi_1.vtt	0	1	1	0	Projections onto higher-dimensional subspaces				机器学习 数学 PCA 正交投影				180829/xmMTq76n4ugbr6h7Y7fSmi.mp4			29/8/2018 10:43:52	100					0",,
"18546		pE2tP7FzGaU5k28rL296EX	0	1	0	0		180829/pE2tP7FzGaU5k28rL296EX_1.vtt	0	1	1	0	This was module 3!				机器学习 数学 PCA 正交投影				180829/pE2tP7FzGaU5k28rL296EX.mp4			29/8/2018 10:43:52	100					0",,
"18547		h99eH8AG6UeGwZYM8U6Hb5	0	1	0	0		180829/h99eH8AG6UeGwZYM8U6Hb5_1.vtt	0	1	1	0	Welcome to module 3				机器学习 数学 PCA 正交投影				180829/h99eH8AG6UeGwZYM8U6Hb5.mp4			29/8/2018 10:43:52	100					0",,
"18548		e5Lm5nwGBySgQ5qkVGZLBF	0	1	0	0		180829/e5Lm5nwGBySgQ5qkVGZLBF_1.vtt	0	1	1	0	Finding the basis vectors that span the principal subspace				机器学习 数学 PCA 主成分分析				180829/e5Lm5nwGBySgQ5qkVGZLBF.mp4			29/8/2018 10:43:52	100					0",,
"18549		v3ZLPcgfY6wd6zNctfyRvB	0	1	0	0		180829/v3ZLPcgfY6wd6zNctfyRvB_1.vtt	0	1	1	0	Finding the coordinates of the projected data				机器学习 数学 PCA 主成分分析				180829/v3ZLPcgfY6wd6zNctfyRvB.mp4			29/8/2018 10:43:52	100					0",,
"18550		fyJtMFK8cTxb8CFgKcBkrG	0	1	0	0		180829/fyJtMFK8cTxb8CFgKcBkrG_1.vtt	0	1	1	0	Other interpretations of PCA (optional)				机器学习 数学 PCA 主成分分析				180829/fyJtMFK8cTxb8CFgKcBkrG.mp4			29/8/2018 10:43:53	100					0",,
"18551		aS8Gmcvnw787QYq4hJUYZg	0	1	0	0		180829/aS8Gmcvnw787QYq4hJUYZg_1.vtt	0	1	1	0	PCA in high dimensions				机器学习 数学 PCA 主成分分析				180829/aS8Gmcvnw787QYq4hJUYZg.mp4			29/8/2018 10:43:53	100					0",,
"18552		fa6XKrG7T6mkrz3B29jNkV	0	1	0	0		180829/fa6XKrG7T6mkrz3B29jNkV_1.vtt	0	1	1	0	Problem setting and PCA objective				机器学习 数学 PCA 主成分分析				180829/fa6XKrG7T6mkrz3B29jNkV.mp4			29/8/2018 10:43:53	100					0",,
"18553		b392EDT5ovPXFEM92UV6Qi	0	1	0	0		180829/b392EDT5ovPXFEM92UV6Qi_1.vtt	0	1	1	0	Reformulation of the objective				机器学习 数学 PCA 主成分分析				180829/b392EDT5ovPXFEM92UV6Qi.mp4			29/8/2018 10:43:53	100					0",,
"18554		dirqBZ9p6qVWVP5pqKYkeN	0	1	0	0		180829/dirqBZ9p6qVWVP5pqKYkeN_1.vtt	0	1	1	0	Steps of PCA				机器学习 数学 PCA 主成分分析				180829/dirqBZ9p6qVWVP5pqKYkeN.mp4			29/8/2018 10:43:53	100					0",,
"18555		iZYvHTNbT6G6VTFP8xicde	0	1	0	0		180829/iZYvHTNbT6G6VTFP8xicde_1.vtt	0	1	1	0	Summary of this module				机器学习 数学 PCA 主成分分析				180829/iZYvHTNbT6G6VTFP8xicde.mp4			29/8/2018 10:43:53	100					0",,
"18556		xeyiEWBwY7u3Xkc4KAv2MZ	0	1	0	0		180829/xeyiEWBwY7u3Xkc4KAv2MZ_1.vtt	0	1	1	0	This was the course on PCA				机器学习 数学 PCA 主成分分析				180829/xeyiEWBwY7u3Xkc4KAv2MZ.mp4			29/8/2018 10:43:53	100					0",,
"18557		j6wHFQJfDCs6NSeU7XTeXC	0	1	0	0		180829/j6wHFQJfDCs6NSeU7XTeXC_1.vtt	0	1	1	0	Welcome to module 4				机器学习 数学 PCA 主成分分析				180829/j6wHFQJfDCs6NSeU7XTeXC.mp4			29/8/2018 10:43:54	100					0",,
"18558		qoQfvh4qYf2niyVdzbfEWH	0	1	0	0		180829/qoQfvh4qYf2niyVdzbfEWH_1.vtt	0	1	1	0	Effect on the (co)variance				机器学习 数学 PCA 数据集统计				180829/qoQfvh4qYf2niyVdzbfEWH.mp4			29/8/2018 10:43:54	100					0",,
"18559		dzbwva5vFqTfJuYnNur3vN	0	1	0	0		180829/dzbwva5vFqTfJuYnNur3vN_1.vtt	0	1	1	0	Effect on the mean				机器学习 数学 PCA 数据集统计				180829/dzbwva5vFqTfJuYnNur3vN.mp4			29/8/2018 10:43:54	100					0",,
"18560		dtMqaTHxFHwNfod8Z2Fm2d	0	1	0	0		180829/dtMqaTHxFHwNfod8Z2Fm2d_1.vtt	0	1	1	0	Introduction to the course				机器学习 数学 PCA 数据集统计				180829/dtMqaTHxFHwNfod8Z2Fm2d.mp4			29/8/2018 10:43:54	100					0",,
"18561		zaKothiZmZ4PbhpwVxnPZC	0	1	0	0		180829/zaKothiZmZ4PbhpwVxnPZC_1.vtt	0	1	1	0	Mean of a dataset				机器学习 数学 PCA 数据集统计				180829/zaKothiZmZ4PbhpwVxnPZC.mp4			29/8/2018 10:43:54	100					0",,
"18562		nuGhietS2dfYrECseqP5di	0	1	0	0		180829/nuGhietS2dfYrECseqP5di_1.vtt	0	1	1	0	See you next module!				机器学习 数学 PCA 数据集统计				180829/nuGhietS2dfYrECseqP5di.mp4			29/8/2018 10:43:54	100					0",,
"18563		n7hvaxccwu4LraZ5FrWVzh	0	1	0	0		180829/n7hvaxccwu4LraZ5FrWVzh_1.vtt	0	1	1	0	Variance of higher-dimensional datasets				机器学习 数学 PCA 数据集统计				180829/n7hvaxccwu4LraZ5FrWVzh.mp4			29/8/2018 10:43:54	100					0",,
"18564		vxSsXBMr2LTEYGRx7DboRh	0	1	0	0		180829/vxSsXBMr2LTEYGRx7DboRh_1.vtt	0	1	1	0	Variance of one-dimensional datasets				机器学习 数学 PCA 数据集统计				180829/vxSsXBMr2LTEYGRx7DboRh.mp4			29/8/2018 10:43:55	100					0",,
"18565		k3zNeGH3t27YxARqUd5Ygh	0	1	0	0		180829/k3zNeGH3t27YxARqUd5Ygh_1.vtt	0	1	1	0	Welcome to module 1				机器学习 数学 PCA 数据集统计				180829/k3zNeGH3t27YxARqUd5Ygh.mp4			29/8/2018 10:43:55	100					0",,
"18566		efrt882hADQC2zv5jLbZF2	0	1	0	0		180829/efrt882hADQC2zv5jLbZF2_1.vtt	0	1	1	0	Dropout [9 min]				机器学习 神经网络 组合 改进 泛化				180829/efrt882hADQC2zv5jLbZF2.mp4			29/8/2018 10:43:55	100					0",,
"18567		y7rFHTmL9rMYbrPJp8XxWK	0	1	0	0		180829/y7rFHTmL9rMYbrPJp8XxWK_1.vtt	0	1	1	0	Making full Bayesian learning practical [7 min]				机器学习 神经网络 组合 改进 泛化				180829/y7rFHTmL9rMYbrPJp8XxWK.mp4			29/8/2018 10:43:55	100					0",,
"18568		zEXdHayL64C9fCv74PzTuN	0	1	0	0		180829/zEXdHayL64C9fCv74PzTuN_1.vtt	0	1	1	0	Mixtures of Experts [13 min]				机器学习 神经网络 组合 改进 泛化				180829/zEXdHayL64C9fCv74PzTuN.mp4			29/8/2018 10:43:55	100					0",,
"18569		arcp3hxCxQLvhuHfhXzy7P	0	1	0	0		180829/arcp3hxCxQLvhuHfhXzy7P_1.vtt	0	1	1	0	The idea of full Bayesian learning [7 min]				机器学习 神经网络 组合 改进 泛化				180829/arcp3hxCxQLvhuHfhXzy7P.mp4			29/8/2018 10:43:55	100					0",,
"18570		jPcYMBJtp6vf4vfGLAtfjj	0	1	0	0		180829/jPcYMBJtp6vf4vfGLAtfjj_1.vtt	0	1	1	0	Why it helps to combine models [13 min]				机器学习 神经网络 组合 改进 泛化				180829/jPcYMBJtp6vf4vfGLAtfjj.mp4			29/8/2018 10:43:55	100					0",,
"18571		nqtBQYF2K2hVHvso2zJNUP	0	1	0	0		180829/nqtBQYF2K2hVHvso2zJNUP_1.vtt	0	1	1	0	Discriminative learning for DBNs [9 mins]				机器学习 神经网络 生成预训练 深度神经网络				180829/nqtBQYF2K2hVHvso2zJNUP.mp4			29/8/2018 10:43:56	100					0",,
"18572		mJBajQ3tj6oYvuVrkafAi4	0	1	0	0		180829/mJBajQ3tj6oYvuVrkafAi4_1.vtt	0	1	1	0	Learning layers of features by stacking RBMs [17 min]				机器学习 神经网络 生成预训练 深度神经网络				180829/mJBajQ3tj6oYvuVrkafAi4.mp4			29/8/2018 10:43:56	100					0",,
"18573		sC5QP6kb5o5PLnGxvDgTpb	0	1	0	0		180829/sC5QP6kb5o5PLnGxvDgTpb_1.vtt	0	1	1	0	Modeling real-valued data with an RBM [10 mins]				机器学习 神经网络 生成预训练 深度神经网络				180829/sC5QP6kb5o5PLnGxvDgTpb.mp4			29/8/2018 10:43:56	100					0",,
"18574		e7hN5Y2aagnNwXLUKwdttY	0	1	0	0		180829/e7hN5Y2aagnNwXLUKwdttY_1.vtt	0	1	1	0	OPTIONAL VIDEO_ RBMs are infinite sigmoid belief nets [17 mins]				机器学习 神经网络 生成预训练 深度神经网络				180829/e7hN5Y2aagnNwXLUKwdttY.mp4			29/8/2018 10:43:56	100					0",,
"18575		dgf6sNPNjKkT3AgAbRMibC	0	1	0	0		180829/dgf6sNPNjKkT3AgAbRMibC_1.vtt	0	1	1	0	What happens during discriminative fine-tuning_ [8 mins]				机器学习 神经网络 生成预训练 深度神经网络				180829/dgf6sNPNjKkT3AgAbRMibC.mp4			29/8/2018 10:43:56	100					0",,
"18576		yG6goBi2NNUfc7xGcrFfTA	0	1	0	0		180829/yG6goBi2NNUfc7xGcrFfTA_1.vtt	0	1	1	0	Dealing with spurious minima [11 min]				机器学习 神经网络 Hopfield网络 玻尔兹曼机				180829/yG6goBi2NNUfc7xGcrFfTA.mp4			29/8/2018 10:43:56	100					0",,
"18577		yXZWxCR2yjzRaXmbKAsAg9	0	1	0	0		180829/yXZWxCR2yjzRaXmbKAsAg9_1.vtt	0	1	1	0	Hopfield nets with hidden units [10 min]				机器学习 神经网络 Hopfield网络 玻尔兹曼机				180829/yXZWxCR2yjzRaXmbKAsAg9.mp4			29/8/2018 10:43:57	100					0",,
"18578		sHHysfYzGVq8BkTkXNWCAN	0	1	0	0		180829/sHHysfYzGVq8BkTkXNWCAN_1.vtt	0	1	1	0	Hopfield Nets [13 min]				机器学习 神经网络 Hopfield网络 玻尔兹曼机				180829/sHHysfYzGVq8BkTkXNWCAN.mp4			29/8/2018 10:43:57	100					0",,
"18579		bS5BEia5s8fjhMkFG4GyPh	0	1	0	0		180829/bS5BEia5s8fjhMkFG4GyPh_1.vtt	0	1	1	0	How a Boltzmann machine models data [12 min]				机器学习 神经网络 Hopfield网络 玻尔兹曼机				180829/bS5BEia5s8fjhMkFG4GyPh.mp4			29/8/2018 10:43:57	100					0",,
"18580		gWCmbyXpP7PnLg7qtxossE	0	1	0	0		180829/gWCmbyXpP7PnLg7qtxossE_1.vtt	0	1	1	0	Using stochastic units to improv search [11 min]				机器学习 神经网络 Hopfield网络 玻尔兹曼机				180829/gWCmbyXpP7PnLg7qtxossE.mp4			29/8/2018 10:43:57	100					0",,
"18581		x6dmZZXhap24crr2N7ejRB	0	1	0	0		180829/x6dmZZXhap24crr2N7ejRB_1.vtt	0	1	1	0	A brief diversion into cognitive science [4 min]				机器学习 神经网络   单词的学习 特征向量				180829/x6dmZZXhap24crr2N7ejRB.mp4			29/8/2018 10:43:57	100					0",,
"18582		dNCXMXMEKe85JRQg2dWpqE	0	1	0	0		180829/dNCXMXMEKe85JRQg2dWpqE_1.vtt	0	1	1	0	Another diversion_ The softmax output function [7 min]				机器学习 神经网络   单词的学习 特征向量				180829/dNCXMXMEKe85JRQg2dWpqE.mp4			29/8/2018 10:43:57	100					0",,
"18583		g5swQ9xDrQ7tvvP5xWrEVZ	0	1	0	0		180829/g5swQ9xDrQ7tvvP5xWrEVZ_1.vtt	0	1	1	0	Learning to predict the next word [13 min]				机器学习 神经网络   单词的学习 特征向量				180829/g5swQ9xDrQ7tvvP5xWrEVZ.mp4			29/8/2018 10:43:57	100					0",,
"18584		th3WV6iYwGJfn2kK5LrsQo	0	1	0	0		180829/th3WV6iYwGJfn2kK5LrsQo_1.vtt	0	1	1	0	Neuro-probabilistic language models [8 min]				机器学习 神经网络   单词的学习 特征向量				180829/th3WV6iYwGJfn2kK5LrsQo.mp4			29/8/2018 10:43:57	100					0",,
"18585		vzCYQeVfAYCPE2uHvUYBXg	0	1	0	0		180829/vzCYQeVfAYCPE2uHvUYBXg_1.vtt	0	1	1	0	Ways to deal with the large number of possible outputs [15 min]				机器学习 神经网络   单词的学习 特征向量				180829/vzCYQeVfAYCPE2uHvUYBXg.mp4			29/8/2018 10:43:58	100					0",,
"18586		fSR353sKLmpEkbwkytih4S	0	1	0	0		180829/fSR353sKLmpEkbwkytih4S_1.vtt	0	1	1	0	Deep auto encoders for document retrieval [8 mins]				机器学习 神经网络 神经网络 建模 层次结构				180829/fSR353sKLmpEkbwkytih4S.mp4			29/8/2018 10:43:58	100					0",,
"18587		goBpkrNkB7TNUiq6rSTm8o	0	1	0	0		180829/goBpkrNkB7TNUiq6rSTm8o_1.vtt	0	1	1	0	Deep auto encoders [4 mins]				机器学习 神经网络 神经网络 建模 层次结构				180829/goBpkrNkB7TNUiq6rSTm8o.mp4			29/8/2018 10:43:58	100					0",,
"18588		vMuWnKKi4KLtYXNfwoUzu6	0	1	0	0		180829/vMuWnKKi4KLtYXNfwoUzu6_1.vtt	0	1	1	0	From PCA to autoencoders [5 mins]				机器学习 神经网络 神经网络 建模 层次结构				180829/vMuWnKKi4KLtYXNfwoUzu6.mp4			29/8/2018 10:43:58	100					0",,
"18589		ak3nSpUB9KbHqLgiPqem9G	0	1	0	0		180829/ak3nSpUB9KbHqLgiPqem9G_1.vtt	0	1	1	0	Learning binary codes for image retrieval [9 mins]				机器学习 神经网络 神经网络 建模 层次结构				180829/ak3nSpUB9KbHqLgiPqem9G.mp4			29/8/2018 10:43:58	100					0",,
"18590		aAF7PcNcPWYY4ehjs84tVN	0	1	0	0		180829/aAF7PcNcPWYY4ehjs84tVN_1.vtt	0	1	1	0	Semantic Hashing [9 mins]				机器学习 神经网络 神经网络 建模 层次结构				180829/aAF7PcNcPWYY4ehjs84tVN.mp4			29/8/2018 10:43:58	100					0",,
"18591		nbUdZ3JeJt4WCAKhA8usAF	0	1	0	0		180829/nbUdZ3JeJt4WCAKhA8usAF_1.vtt	0	1	1	0	Shallow autoencoders for pre-training [7 mins]				机器学习 神经网络 神经网络 建模 层次结构				180829/nbUdZ3JeJt4WCAKhA8usAF.mp4			29/8/2018 10:43:58	100					0",,
"18592		rrydHMJ2kbFfWC5QetVqV2	0	1	0	0		180829/rrydHMJ2kbFfWC5QetVqV2_1.vtt	0	1	1	0	Echo State Networks [9 min]				机器学习 神经网络  循环神经网络				180829/rrydHMJ2kbFfWC5QetVqV2.mp4			29/8/2018 10:43:59	100					0",,
"18593		ssmejh5Kyzx45fpJ7qYVyE	0	1	0	0		180829/ssmejh5Kyzx45fpJ7qYVyE_1.vtt	0	1	1	0	Learning to predict the next character using HF [12  mins]				机器学习 神经网络  循环神经网络				180829/ssmejh5Kyzx45fpJ7qYVyE.mp4			29/8/2018 10:43:59	100					0",,
"18594		dAixTKePjtvSUUT76rFFNR	0	1	0	0		180829/dAixTKePjtvSUUT76rFFNR_1.vtt	0	1	1	0	Modeling character strings with multiplicative connections [14 mins]				机器学习 神经网络  循环神经网络				180829/dAixTKePjtvSUUT76rFFNR.mp4			29/8/2018 10:43:59	100					0",,
"18595		cQZhNtjBgzhSKEeJofByNk	0	1	0	0		180829/cQZhNtjBgzhSKEeJofByNk_1.vtt	0	1	1	0	Achieving viewpoint invariance [6 min]				机器学习 神经网络 神经网络 目标识别				180829/cQZhNtjBgzhSKEeJofByNk.mp4			29/8/2018 10:43:59	100					0",,
"18596		h3AAQEpeY4nEYmyHr2npeK	0	1	0	0		180829/h3AAQEpeY4nEYmyHr2npeK_1.vtt	0	1	1	0	Convolutional nets for digit recognition [16 min]				机器学习 神经网络 神经网络 目标识别				180829/h3AAQEpeY4nEYmyHr2npeK.mp4			29/8/2018 10:43:59	100					0",,
"18597		gChpNBSdP3MwGKq9zfbt5M	0	1	0	0		180829/gChpNBSdP3MwGKq9zfbt5M_1.vtt	0	1	1	0	Convolutional nets for object recognition [17min]				机器学习 神经网络 神经网络 目标识别				180829/gChpNBSdP3MwGKq9zfbt5M.mp4			29/8/2018 10:43:59	100					0",,
"18598		ii26ye8M6BvAjuHW6gctdb	0	1	0	0		180829/ii26ye8M6BvAjuHW6gctdb_1.vtt	0	1	1	0	Why object recognition is difficult [5 min]				机器学习 神经网络 神经网络 目标识别				180829/ii26ye8M6BvAjuHW6gctdb.mp4			29/8/2018 10:43:59	100					0",,
"18599		fGeTfpE3yLRUwmWWJvcJ5U	0	1	0	0		180829/fGeTfpE3yLRUwmWWJvcJ5U_1.vtt	0	1	1	0	A bag of tricks for mini-batch gradient descent				机器学习 神经网络 优化 如何使学习更快				180829/fGeTfpE3yLRUwmWWJvcJ5U.mp4			29/8/2018 10:44:00	100					0",,
"18600		pV88kH4Y8BzWWUbnihSdkS	0	1	0	0		180829/pV88kH4Y8BzWWUbnihSdkS_1.vtt	0	1	1	0	Adaptive learning rates for each connection				机器学习 神经网络 优化 如何使学习更快				180829/pV88kH4Y8BzWWUbnihSdkS.mp4			29/8/2018 10:44:00	100					0",,
"18601		aJqZQxet3BraJS2ytCfegR	0	1	0	0		180829/aJqZQxet3BraJS2ytCfegR_1.vtt	0	1	1	0	Overview of mini-batch gradient descent				机器学习 神经网络 优化 如何使学习更快				180829/aJqZQxet3BraJS2ytCfegR.mp4			29/8/2018 10:44:00	100					0",,
"18602		iKszjbP9dcrjV8zfhmrSGf	0	1	0	0		180829/iKszjbP9dcrjV8zfhmrSGf_1.vtt	0	1	1	0	Rmsprop_ Divide the gradient by a running average of its recent magnitude				机器学习 神经网络 优化 如何使学习更快				180829/iKszjbP9dcrjV8zfhmrSGf.mp4			29/8/2018 10:44:00	100					0",,
"18603		sX6MZaxd4NWydbnP9ig45R	0	1	0	0		180829/sX6MZaxd4NWydbnP9ig45R_1.vtt	0	1	1	0	The momentum method				机器学习 神经网络 优化 如何使学习更快				180829/sX6MZaxd4NWydbnP9ig45R.mp4			29/8/2018 10:44:00	100					0",,
"18604		stvC5vPno7293Hmfog9viS	0	1	0	0		180829/stvC5vPno7293Hmfog9viS_1.vtt	0	1	1	0	OPTIONAL_ Bayesian optimization of hyper-parameters [13 min]				机器学习 神经网络 深度神经网络 应用				180829/stvC5vPno7293Hmfog9viS.mp4			29/8/2018 10:44:00	100					0",,
"18605		j79aeLQ5cpmWGe6rw2scie	0	1	0	0		180829/j79aeLQ5cpmWGe6rw2scie_1.vtt	0	1	1	0	OPTIONAL_ Hierarchical Coordinate Frames [10 mins]				机器学习 神经网络 深度神经网络 应用				180829/j79aeLQ5cpmWGe6rw2scie.mp4			29/8/2018 10:44:00	100					0",,
"18606		zFgHyczDFhYkyt9kRPYHeV	0	1	0	0		180829/zFgHyczDFhYkyt9kRPYHeV_1.vtt	0	1	1	0	OPTIONAL_ Learning a joint model of images and captions [10 min]				机器学习 神经网络 深度神经网络 应用				180829/zFgHyczDFhYkyt9kRPYHeV.mp4			29/8/2018 10:44:01	100					0",,
"18607		gAfT7dzHEUbvsfZevHCWoJ	0	1	0	0		180829/gAfT7dzHEUbvsfZevHCWoJ_1.vtt	0	1	1	0	A toy example of training an RNN				机器学习 神经网络 循环神经网络				180829/gAfT7dzHEUbvsfZevHCWoJ.mp4			29/8/2018 10:44:01	100					0",,
"18608		iHmdJ9qQfCH9gbRFhnyUTC	0	1	0	0		180829/iHmdJ9qQfCH9gbRFhnyUTC_1.vtt	0	1	1	0	Long-term Short-term-memory				机器学习 神经网络 循环神经网络				180829/iHmdJ9qQfCH9gbRFhnyUTC.mp4			29/8/2018 10:44:01	100					0",,
"18609		ydRjPjngZJSJhdBM2ePwPW	0	1	0	0		180829/ydRjPjngZJSJhdBM2ePwPW_1.vtt	0	1	1	0	Modeling sequences_ A brief overview				机器学习 神经网络 循环神经网络				180829/ydRjPjngZJSJhdBM2ePwPW.mp4			29/8/2018 10:44:01	100					0",,
"18610		w2My5GzZUFDFhSjgMmuJ5i	0	1	0	0		180829/w2My5GzZUFDFhSjgMmuJ5i_1.vtt	0	1	1	0	Training RNNs with back propagation				机器学习 神经网络 循环神经网络				180829/w2My5GzZUFDFhSjgMmuJ5i.mp4			29/8/2018 10:44:01	100					0",,
"18611		fFGXPMyK3gTiARnYssgZJg	0	1	0	0		180829/fFGXPMyK3gTiARnYssgZJg_1.vtt	0	1	1	0	Why it is difficult to train an RNN				机器学习 神经网络 循环神经网络				180829/fFGXPMyK3gTiARnYssgZJg.mp4			29/8/2018 10:44:01	100					0",,
"18612		fEeVMBYKuBdtUEL2hDw5Nm	0	1	0	0		180829/fEeVMBYKuBdtUEL2hDw5Nm_1.vtt	0	1	1	0	An example of RBM learning [7 mins]				机器学习 神经网络 受限玻尔兹曼机（RBM）				180829/fEeVMBYKuBdtUEL2hDw5Nm.mp4			29/8/2018 10:44:02	100					0",,
"18613		pzioqe3hytVwGtTffW8xF4	0	1	0	0		180829/pzioqe3hytVwGtTffW8xF4_1.vtt	0	1	1	0	Boltzmann machine learning [12 min]				机器学习 神经网络 受限玻尔兹曼机（RBM）				180829/pzioqe3hytVwGtTffW8xF4.mp4			29/8/2018 10:44:02	100					0",,
"18614		hHxyFuKjsMXDayaSPwzdtc	0	1	0	0		180829/hHxyFuKjsMXDayaSPwzdtc_1.vtt	0	1	1	0	OPTIONAL VIDEO_ More efficient ways to get the statistics [15 mins]				机器学习 神经网络 受限玻尔兹曼机（RBM）				180829/hHxyFuKjsMXDayaSPwzdtc.mp4			29/8/2018 10:44:02	100					0",,
"18615		mDWbLD6gM8mkwJxXV3LMBE	0	1	0	0		180829/mDWbLD6gM8mkwJxXV3LMBE_1.vtt	0	1	1	0	RBMs for collaborative filtering [8 mins]				机器学习 神经网络 受限玻尔兹曼机（RBM）				180829/mDWbLD6gM8mkwJxXV3LMBE.mp4			29/8/2018 10:44:02	100					0",,
"18616		scfVCb23osk8jGTWrhXUTe	0	1	0	0		180829/scfVCb23osk8jGTWrhXUTe_1.vtt	0	1	1	0	Restricted Boltzmann Machines [11 min]				机器学习 神经网络 受限玻尔兹曼机（RBM）				180829/scfVCb23osk8jGTWrhXUTe.mp4			29/8/2018 10:44:02	100					0",,
"18617		rksyazP9QEiUk8yCUR4hFd	0	1	0	0		180829/rksyazP9QEiUk8yCUR4hFd_1.vtt	0	1	1	0	Belief Nets [13 min]				机器学习 神经网络 堆积RBM 深度信念网络				180829/rksyazP9QEiUk8yCUR4hFd.mp4			29/8/2018 10:44:02	100					0",,
"18618		zxpKxunEnSZisFch9ZMttY	0	1	0	0		180829/zxpKxunEnSZisFch9ZMttY_1.vtt	0	1	1	0	The ups and downs of back propagation [10 min]				机器学习 神经网络 堆积RBM 深度信念网络				180829/zxpKxunEnSZisFch9ZMttY.mp4			29/8/2018 10:44:02	100					0",,
"18619		jbCwHzGXU5W2Qq94yksatQ	0	1	0	0		180829/jbCwHzGXU5W2Qq94yksatQ_1.vtt	0	1	1	0	The wake-sleep algorithm [13 min]				机器学习 神经网络 堆积RBM 深度信念网络				180829/jbCwHzGXU5W2Qq94yksatQ.mp4			29/8/2018 10:44:03	100					0",,
"18620		eGBQvtmtU6FHqmTawKwctK	0	1	0	0		180829/eGBQvtmtU6FHqmTawKwctK_1.vtt	0	1	1	0	Learning the weights of a linear neuron [12 min]				机器学习 神经网络 反向传播 学习过程				180829/eGBQvtmtU6FHqmTawKwctK.mp4			29/8/2018 10:44:03	100					0",,
"18621		cQc2yYjgNG9pkqzjrugDMf	0	1	0	0		180829/cQc2yYjgNG9pkqzjrugDMf_1.vtt	0	1	1	0	Learning the weights of a logistic output neuron [4 min]				机器学习 神经网络 反向传播 学习过程				180829/cQc2yYjgNG9pkqzjrugDMf.mp4			29/8/2018 10:44:03	100					0",,
"18622		ew74QMcYmQ2myoVizD7Ghc	0	1	0	0		180829/ew74QMcYmQ2myoVizD7Ghc_1.vtt	0	1	1	0	The backpropagation algorithm [12 min]				机器学习 神经网络 反向传播 学习过程				180829/ew74QMcYmQ2myoVizD7Ghc.mp4			29/8/2018 10:44:03	100					0",,
"18623		kd9R6WDcVM7vr8dYWTK7HY	0	1	0	0		180829/kd9R6WDcVM7vr8dYWTK7HY_1.vtt	0	1	1	0	The error surface for a linear neuron [5 min]				机器学习 神经网络 反向传播 学习过程				180829/kd9R6WDcVM7vr8dYWTK7HY.mp4			29/8/2018 10:44:03	100					0",,
"18624		fSipJghkTQPGgWSCrfjeNL	0	1	0	0		180829/fSipJghkTQPGgWSCrfjeNL_1.vtt	0	1	1	0	Using the derivatives computed by backpropagation [10 min]				机器学习 神经网络 反向传播 学习过程				180829/fSipJghkTQPGgWSCrfjeNL.mp4			29/8/2018 10:44:03	100					0",,
"18625		km9JVZoUN8vKzEgtw9YqLG	0	1	0	0		180829/km9JVZoUN8vKzEgtw9YqLG_1.vtt	0	1	1	0	A geometrical view of perceptrons [6 min]				机器学习 神经网络 感知器 学习程序				180829/km9JVZoUN8vKzEgtw9YqLG.mp4			29/8/2018 10:44:03	100					0",,
"18626		koHtidzbWTvaUsZg82VxxQ	0	1	0	0		180829/koHtidzbWTvaUsZg82VxxQ_1.vtt	0	1	1	0	Perceptrons_ The first generation of neural networks [8 min]				机器学习 神经网络 感知器 学习程序				180829/koHtidzbWTvaUsZg82VxxQ.mp4			29/8/2018 10:44:03	100					0",,
"18627		nRsMQV4VZ8hxrNYgH2S7M8	0	1	0	0		180829/nRsMQV4VZ8hxrNYgH2S7M8_1.vtt	0	1	1	0	Types of neural network architectures [7 min]				机器学习 神经网络 感知器 学习程序				180829/nRsMQV4VZ8hxrNYgH2S7M8.mp4			29/8/2018 10:44:04	100					0",,
"18628		w2iJu3CZYNcaz6ySua3odk	0	1	0	0		180829/w2iJu3CZYNcaz6ySua3odk_1.vtt	0	1	1	0	What perceptrons can't do [15 min]				机器学习 神经网络 感知器 学习程序				180829/w2iJu3CZYNcaz6ySua3odk.mp4			29/8/2018 10:44:04	100					0",,
"18629		bGrXPvotFpMmYByBXmjGZ9	0	1	0	0		180829/bGrXPvotFpMmYByBXmjGZ9_1.vtt	0	1	1	0	Why the learning works [5 min]				机器学习 神经网络 感知器 学习程序				180829/bGrXPvotFpMmYByBXmjGZ9.mp4			29/8/2018 10:44:04	100					0",,
"18630		aDVWL92tFnCCyBSw2vbU39	0	1	0	0		180829/aDVWL92tFnCCyBSw2vbU39_1.vtt	0	1	1	0	Introduction to the full Bayesian approach [12 min]				机器学习 神经网络  神经网络 更好地概括的方法				180829/aDVWL92tFnCCyBSw2vbU39.mp4			29/8/2018 10:44:04	100					0",,
"18631		rzCQSYC7MfBYAEgVxupyym	0	1	0	0		180829/rzCQSYC7MfBYAEgVxupyym_1.vtt	0	1	1	0	Limiting the size of the weights [6 min]				机器学习 神经网络  神经网络 更好地概括的方法				180829/rzCQSYC7MfBYAEgVxupyym.mp4			29/8/2018 10:44:04	100					0",,
"18632		kuz2wnLxmvpbE3EwxttnM3	0	1	0	0		180829/kuz2wnLxmvpbE3EwxttnM3_1.vtt	0	1	1	0	MacKay's quick and dirty method of setting weight costs [4 min]				机器学习 神经网络  神经网络 更好地概括的方法				180829/kuz2wnLxmvpbE3EwxttnM3.mp4			29/8/2018 10:44:04	100					0",,
"18633		mDxYyK4GVFa7LWc3uNcHvk	0	1	0	0		180829/mDxYyK4GVFa7LWc3uNcHvk_1.vtt	0	1	1	0	Overview of ways to improve generalization [12 min]				机器学习 神经网络  神经网络 更好地概括的方法				180829/mDxYyK4GVFa7LWc3uNcHvk.mp4			29/8/2018 10:44:05	100					0",,
"18634		bqusZfqyaWm4w6i7A4942m	0	1	0	0		180829/bqusZfqyaWm4w6i7A4942m_1.vtt	0	1	1	0	The Bayesian interpretation of weight decay [11 min]				机器学习 神经网络  神经网络 更好地概括的方法				180829/bqusZfqyaWm4w6i7A4942m.mp4			29/8/2018 10:44:05	100					0",,
"18635		xuqYXiDATaXVTaYxfTTySS	0	1	0	0		180829/xuqYXiDATaXVTaYxfTTySS_1.vtt	0	1	1	0	Using noise as a regularizer [7 min]				机器学习 神经网络  神经网络 更好地概括的方法				180829/xuqYXiDATaXVTaYxfTTySS.mp4			29/8/2018 10:44:05	100					0",,
"18636		jn6Xwg3o5HKiZ95RXYsa9j	0	1	0	0		180829/jn6Xwg3o5HKiZ95RXYsa9j_1.vtt	0	1	1	0	Cross validation				实用机器学习 预测 错误 交叉验证				180829/jn6Xwg3o5HKiZ95RXYsa9j.mp4			29/8/2018 10:44:05	100					0",,
"18637		j7utudDhydTNHTVu5jFc73	0	1	0	0		180829/j7utudDhydTNHTVu5jFc73_1.vtt	0	1	1	0	In and out of sample errors				实用机器学习 预测 错误 交叉验证				180829/j7utudDhydTNHTVu5jFc73.mp4			29/8/2018 10:44:05	100					0",,
"18638		buS5sbE5TCf4fwCMkfmqnc	0	1	0	0		180829/buS5sbE5TCf4fwCMkfmqnc_1.vtt	0	1	1	0	Prediction motivation				实用机器学习 预测 错误 交叉验证				180829/buS5sbE5TCf4fwCMkfmqnc.mp4			29/8/2018 10:44:05	100					0",,
"18639		hFQwzBJwRuvpHHtchrsNU3	0	1	0	0		180829/hFQwzBJwRuvpHHtchrsNU3_1.vtt	0	1	1	0	Prediction study design				实用机器学习 预测 错误 交叉验证				180829/hFQwzBJwRuvpHHtchrsNU3.mp4			29/8/2018 10:44:05	100					0",,
"18640		d5z5j9UiXt9wuKzwJUzHcP	0	1	0	0		180829/d5z5j9UiXt9wuKzwJUzHcP_1.vtt	0	1	1	0	Receiver Operating Characteristic				实用机器学习 预测 错误 交叉验证				180829/d5z5j9UiXt9wuKzwJUzHcP.mp4			29/8/2018 10:44:06	100					0",,
"18641		yYyAkRnfya7f9DtBeptAXF	0	1	0	0		180829/yYyAkRnfya7f9DtBeptAXF_1.vtt	0	1	1	0	Relative importance of steps				实用机器学习 预测 错误 交叉验证				180829/yYyAkRnfya7f9DtBeptAXF.mp4			29/8/2018 10:44:06	100					0",,
"18642		pYWv8cXWicaAmYjSnSuTq6	0	1	0	0		180829/pYWv8cXWicaAmYjSnSuTq6_1.vtt	0	1	1	0	Types of errors				实用机器学习 预测 错误 交叉验证				180829/pYWv8cXWicaAmYjSnSuTq6.mp4			29/8/2018 10:44:06	100					0",,
"18643		oQi75UZTVyJ24sYGiBoVkV	0	1	0	0		180829/oQi75UZTVyJ24sYGiBoVkV_1.vtt	0	1	1	0	What data should you use_				实用机器学习 预测 错误 交叉验证				180829/oQi75UZTVyJ24sYGiBoVkV.mp4			29/8/2018 10:44:06	100					0",,
"18644		ax5yCU9na9fFbygu8TjpHJ	0	1	0	0		180829/ax5yCU9na9fFbygu8TjpHJ_1.vtt	0	1	1	0	What is prediction_				实用机器学习 预测 错误 交叉验证				180829/ax5yCU9na9fFbygu8TjpHJ.mp4			29/8/2018 10:44:06	100					0",,
"18645		tHbyhSWUwu6i6qwQu7Mpe5	0	1	0	0		180829/tHbyhSWUwu6i6qwQu7Mpe5_1.vtt	0	1	1	0	Basic preprocessing				实用机器学习 预测 错误 交叉验证				180829/tHbyhSWUwu6i6qwQu7Mpe5.mp4			29/8/2018 10:44:06	100					0",,
"18646		su2C2ZFhji24aEooqnbXFV	0	1	0	0		180829/su2C2ZFhji24aEooqnbXFV_1.vtt	0	1	1	0	Caret package				实用机器学习 预测 错误 交叉验证				180829/su2C2ZFhji24aEooqnbXFV.mp4			29/8/2018 10:44:06	100					0",,
"18647		rUN79oWJaYWoSUdYaaoVWW	0	1	0	0		180829/rUN79oWJaYWoSUdYaaoVWW_1.vtt	0	1	1	0	Covariate creation				实用机器学习 预测 错误 交叉验证				180829/rUN79oWJaYWoSUdYaaoVWW.mp4			29/8/2018 10:44:07	100					0",,
"18648		c3iWbyREQvKjdbhiUk3yKL	0	1	0	0		180829/c3iWbyREQvKjdbhiUk3yKL_1.vtt	0	1	1	0	Data slicing				实用机器学习 预测 错误 交叉验证				180829/c3iWbyREQvKjdbhiUk3yKL.mp4			29/8/2018 10:44:07	100					0",,
"18649		uFk8gHmHnfUHAgYKtV2ioU	0	1	0	0		180829/uFk8gHmHnfUHAgYKtV2ioU_1.vtt	0	1	1	0	Plotting predictors				实用机器学习 预测 错误 交叉验证				180829/uFk8gHmHnfUHAgYKtV2ioU.mp4			29/8/2018 10:44:07	100					0",,
"18650		vC3CNXtV7brJmnxYjsUKSV	0	1	0	0		180829/vC3CNXtV7brJmnxYjsUKSV_1.vtt	0	1	1	0	Predicting with Regression				实用机器学习 预测 错误 交叉验证				180829/vC3CNXtV7brJmnxYjsUKSV.mp4			29/8/2018 10:44:07	100					0",,
"18651		vXPBjQWVKUsuPdx9wcWTBm	0	1	0	0		180829/vXPBjQWVKUsuPdx9wcWTBm_1.vtt	0	1	1	0	Predicting with Regression Multiple Covariates				实用机器学习 预测 错误 交叉验证				180829/vXPBjQWVKUsuPdx9wcWTBm.mp4			29/8/2018 10:44:07	100					0",,
"18652		xkoy99vA299Qi2AwdiH6Tb	0	1	0	0		180829/xkoy99vA299Qi2AwdiH6Tb_1.vtt	0	1	1	0	Preprocessing with principal components analysis				实用机器学习 预测 错误 交叉验证				180829/xkoy99vA299Qi2AwdiH6Tb.mp4			29/8/2018 10:44:07	100					0",,
"18653		qyTWnbAyoaKiv3TL5dJbgY	0	1	0	0		180829/qyTWnbAyoaKiv3TL5dJbgY_1.vtt	0	1	1	0	Training options				实用机器学习 预测 错误 交叉验证				180829/qyTWnbAyoaKiv3TL5dJbgY.mp4			29/8/2018 10:44:07	100					0",,
"18654		mTQrwuJ94hQ3vSpus72eW8	0	1	0	0		180829/mTQrwuJ94hQ3vSpus72eW8_1.vtt	0	1	1	0	Bagging				实用机器学习  树木 随机森林  基于模型的预测 预测				180829/mTQrwuJ94hQ3vSpus72eW8.mp4			29/8/2018 10:44:08	100					0",,
"18655		homoa87TYsktX5ZrqK86xJ	0	1	0	0		180829/homoa87TYsktX5ZrqK86xJ_1.vtt	0	1	1	0	Boosting				实用机器学习  树木 随机森林  基于模型的预测 预测				180829/homoa87TYsktX5ZrqK86xJ.mp4			29/8/2018 10:44:08	100					0",,
"18656		thVXaEyYUhgtaw6VM6CjTa	0	1	0	0		180829/thVXaEyYUhgtaw6VM6CjTa_1.vtt	0	1	1	0	Model Based Prediction				实用机器学习  树木 随机森林  基于模型的预测 预测				180829/thVXaEyYUhgtaw6VM6CjTa.mp4			29/8/2018 10:44:08	100					0",,
"18657		vCT5qsR56j66Z3ZzBadUbj	0	1	0	0		180829/vCT5qsR56j66Z3ZzBadUbj_1.vtt	0	1	1	0	Predicting with trees				实用机器学习  树木 随机森林  基于模型的预测 预测				180829/vCT5qsR56j66Z3ZzBadUbj.mp4			29/8/2018 10:44:08	100					0",,
"18658		dTSDyLJzpJ6Gi52bH4GdYm	0	1	0	0		180829/dTSDyLJzpJ6Gi52bH4GdYm_1.vtt	0	1	1	0	Random Forests				实用机器学习  树木 随机森林  基于模型的预测 预测				180829/dTSDyLJzpJ6Gi52bH4GdYm.mp4			29/8/2018 10:44:08	100					0",,
"18659		tBWn253NqY85aVTSVzKYWQ	0	1	0	0		180829/tBWn253NqY85aVTSVzKYWQ_1.vtt	0	1	1	0	Combining predictors				实用机器学习  正则化回归 组合预测因子				180829/tBWn253NqY85aVTSVzKYWQ.mp4			29/8/2018 10:44:08	100					0",,
"18660		ykh37PjiFNqTBiz5QWJbUn	0	1	0	0		180829/ykh37PjiFNqTBiz5QWJbUn_1.vtt	0	1	1	0	Forecasting				实用机器学习  正则化回归 组合预测因子				180829/ykh37PjiFNqTBiz5QWJbUn.mp4			29/8/2018 10:44:08	100					0",,
"18661		aBFJ9oSk8PxV3MMvbsEDea	0	1	0	0		180829/aBFJ9oSk8PxV3MMvbsEDea_1.vtt	0	1	1	0	Regularized regression				实用机器学习  正则化回归 组合预测因子				180829/aBFJ9oSk8PxV3MMvbsEDea.mp4			29/8/2018 10:44:09	100					0",,
"18662		k3865bP8yiPbK63qXjZrCV	0	1	0	0		180829/k3865bP8yiPbK63qXjZrCV_1.vtt	0	1	1	0	Unsupervised Prediction				实用机器学习  正则化回归 组合预测因子				180829/k3865bP8yiPbK63qXjZrCV.mp4			29/8/2018 10:44:09	100					0",,
"18663		aqrT3y7N8JQfsa2oMWPerP	0	1	0	0		180829/aqrT3y7N8JQfsa2oMWPerP_1.vtt	0	1	1	0	Andrej Karpathy interview				机器学习 ML 策略				180829/aqrT3y7N8JQfsa2oMWPerP.mp4			29/8/2018 10:44:09	100					0",,
"18664		sciL4PdrUh9eo7cEJyxYNf	0	1	0	0		180829/sciL4PdrUh9eo7cEJyxYNf_1.vtt	0	1	1	0	Avoidable bias				机器学习 ML 策略				180829/sciL4PdrUh9eo7cEJyxYNf.mp4			29/8/2018 10:44:09	100					0",,
"18665		nupRd7GMqeAZinVzJZam5o	0	1	0	0		180829/nupRd7GMqeAZinVzJZam5o_1.vtt	0	1	1	0	Improving your model performance				机器学习 ML 策略				180829/nupRd7GMqeAZinVzJZam5o.mp4			29/8/2018 10:44:09	100					0",,
"18666		qhjG3L4tkasUqP3Kf4UGdY	0	1	0	0		180829/qhjG3L4tkasUqP3Kf4UGdY_1.vtt	0	1	1	0	Orthogonalization				机器学习 ML 策略				180829/qhjG3L4tkasUqP3Kf4UGdY.mp4			29/8/2018 10:44:09	100					0",,
"18667		wq2PA7ufZDHLkBFLE3xgac	0	1	0	0		180829/wq2PA7ufZDHLkBFLE3xgac_1.vtt	0	1	1	0	Satisficing and Optimizing metric				机器学习 ML 策略				180829/wq2PA7ufZDHLkBFLE3xgac.mp4			29/8/2018 10:44:10	100					0",,
"18668		djP3Sq89EZmLUK7yJpHwbZ	0	1	0	0		180829/djP3Sq89EZmLUK7yJpHwbZ_1.vtt	0	1	1	0	Single number evaluation metric				机器学习 ML 策略				180829/djP3Sq89EZmLUK7yJpHwbZ.mp4			29/8/2018 10:44:10	100					0",,
"18669		usDX2BRCVSD7GY9ueAHMTV	0	1	0	0		180829/usDX2BRCVSD7GY9ueAHMTV_1.vtt	0	1	1	0	Size of the dev and test sets				机器学习 ML 策略				180829/usDX2BRCVSD7GY9ueAHMTV.mp4			29/8/2018 10:44:10	100					0",,
"18670		rmYb6HccSVR2Bd4Y3g69jQ	0	1	0	0		180829/rmYb6HccSVR2Bd4Y3g69jQ_1.vtt	0	1	1	0	Surpassing human-level performance				机器学习 ML 策略				180829/rmYb6HccSVR2Bd4Y3g69jQ.mp4			29/8/2018 10:44:10	100					0",,
"18671		neuRd8fzm7NsiNacmXjTGS	0	1	0	0		180829/neuRd8fzm7NsiNacmXjTGS_1.vtt	0	1	1	0	Understanding human-level performance				机器学习 ML 策略				180829/neuRd8fzm7NsiNacmXjTGS.mp4			29/8/2018 10:44:10	100					0",,
"18672		cu4zqJAXgbQio8gwCCp6dg	0	1	0	0		180829/cu4zqJAXgbQio8gwCCp6dg_1.vtt	0	1	1	0	Why human-level performance_				机器学习 ML 策略				180829/cu4zqJAXgbQio8gwCCp6dg.mp4			29/8/2018 10:44:10	100					0",,
"18673		y6geSKpNrp3tBPrWDfK5pk	0	1	0	0		180829/y6geSKpNrp3tBPrWDfK5pk_1.vtt	0	1	1	0	Why ML Strategy				机器学习 ML 策略				180829/y6geSKpNrp3tBPrWDfK5pk.mp4			29/8/2018 10:44:10	100					0",,
"18674		jvcjn9svxsSHPLptjh6K55	0	1	0	0		180829/jvcjn9svxsSHPLptjh6K55_1.vtt	0	1	1	0	Addressing data mismatch				机器学习 ML 策略				180829/jvcjn9svxsSHPLptjh6K55.mp4			29/8/2018 10:44:11	100					0",,
"18675		a29Zna84VheejZauaA6jFe	0	1	0	0		180829/a29Zna84VheejZauaA6jFe_1.vtt	0	1	1	0	Bias and Variance with mismatched data distributions				机器学习 ML 策略				180829/a29Zna84VheejZauaA6jFe.mp4			29/8/2018 10:44:11	100					0",,
"18676		kSHGySL7Q5TBwz6aBjb5VZ	0	1	0	0		180829/kSHGySL7Q5TBwz6aBjb5VZ_1.vtt	0	1	1	0	""Build your first system quickly"," then iterate""				机器学习 ML 策略				180829/kSHGySL7Q5TBwz6aBjb5VZ.mp4			29/8/2018 10:44:11	100					0",
"18677		rtjMPai5NiBUhnb9Tsafkf	0	1	0	0		180829/rtjMPai5NiBUhnb9Tsafkf_1.vtt	0	1	1	0	Carrying out error analysis				机器学习 ML 策略				180829/rtjMPai5NiBUhnb9Tsafkf.mp4			29/8/2018 10:44:11	100					0",,
"18678		oJEJF3Pv6BTLLYKzCe2okb	0	1	0	0		180829/oJEJF3Pv6BTLLYKzCe2okb_1.vtt	0	1	1	0	Cleaning up incorrectly labeled data				机器学习 ML 策略				180829/oJEJF3Pv6BTLLYKzCe2okb.mp4			29/8/2018 10:44:11	100					0",,
"18679		wQ97iywDzD7iMrJPkL3qgi	0	1	0	0		180829/wQ97iywDzD7iMrJPkL3qgi_1.vtt	0	1	1	0	Multi-task learning				机器学习 ML 策略				180829/wQ97iywDzD7iMrJPkL3qgi.mp4			29/8/2018 10:44:11	100					0",,
"18680		yHyr4ZveuCBnZ7kgvsnmWH	0	1	0	0		180829/yHyr4ZveuCBnZ7kgvsnmWH_1.vtt	0	1	1	0	Ruslan Salakhutdinov interview				机器学习 ML 策略				180829/yHyr4ZveuCBnZ7kgvsnmWH.mp4			29/8/2018 10:44:11	100					0",,
"18681		tPCtJzWuoJgsMWR82NGffS	0	1	0	0		180829/tPCtJzWuoJgsMWR82NGffS_1.vtt	0	1	1	0	Training and testing on different distributions				机器学习 ML 策略				180829/tPCtJzWuoJgsMWR82NGffS.mp4			29/8/2018 10:44:12	100					0",,
"18682		vqfZuxsPBLua5Bdn8LkyBb	0	1	0	0		180829/vqfZuxsPBLua5Bdn8LkyBb_1.vtt	0	1	1	0	Transfer learning				机器学习 ML 策略				180829/vqfZuxsPBLua5Bdn8LkyBb.mp4			29/8/2018 10:44:12	100					0",,
"18683		fuAipEnUpy8PErXJvuHxzh	0	1	0	0		180829/fuAipEnUpy8PErXJvuHxzh_1.vtt	0	1	1	0	What is end-to-end deep learning_				机器学习 ML 策略				180829/fuAipEnUpy8PErXJvuHxzh.mp4			29/8/2018 10:44:12	100					0",,
"18684		o2zNRBnWm6hdPv3hfWxHfS	0	1	0	0		180829/o2zNRBnWm6hdPv3hfWxHfS_1.vtt	0	1	1	0	Whether to use end-to-end deep learning				机器学习 ML 策略				180829/o2zNRBnWm6hdPv3hfWxHfS.mp4			29/8/2018 10:44:12	100					0",,
