实体1,实体2,关系
 多态, 参数多态,
 多态, 多型 (计算机科学),
 多态, 泛型,
 多态, 特设多态,
 抽象数据类型, 串行 (抽象数据型别),
 抽象数据类型, 关联数组,
 抽象数据类型, 堆栈,
 抽象数据类型, 多重关连数组,
 抽象数据类型, 容器 (抽象数据类型),
 抽象数据类型, 抽象数据型别,
 抽象数据类型, 生成器 (计算机编程),
 抽象数据类型, 迭代器,
 抽象数据类型, 队列,
 抽象数据类型, 集合 (计算机科学),
 伪随机数生成器, 双椭圆曲线确定性随机数发生器,
 伪随机数生成器, 平方取中法,
 伪随机数生成器, 线性同余方法,
 蒙地卡罗方法, 吉布斯采样,
 蒙地卡罗方法, 并行退火,
 蒙地卡罗方法, 拟蒙特卡罗方法,
 蒙地卡罗方法, 控制变量法,
 蒙地卡罗方法, 斯温森－王算法,
 蒙地卡罗方法, 梅特罗波利斯－黑斯廷斯算法,
 蒙地卡罗方法, 模拟退火,
 蒙地卡罗方法, 粒子滤波器,
 蒙地卡罗方法, 蒙地卡罗方法,
 蒙地卡罗方法, 蒙特卡洛树搜索,
 蒙地卡罗方法, 逆变换采样,
 蒙地卡罗方法, 重要性采样,
 伪随机数生成器, 双椭圆曲线确定性随机数发生器,
 伪随机数生成器, 平方取中法,
 伪随机数生成器, 线性同余方法,
 时间序列模型, 分布滞后,
 时间序列模型, 移动平均模型,
 等候理论, Draft,
 等候理论, 出生-死亡过程,
 等候理论, 利特尔法则,
 等候理论, 处理器亲和性,
 等候理论, 等候理论,
 等候理论, 罗斯猜想,
 等候理论, 队头阻塞,
 随机控制, 分离原理,
 随机控制, 部分可观察马可夫决策过程,
 随机控制, 马可夫决策过程,
 随机控制, 鲁棒控制,
 鞅论, 半鞅,
 鞅论, 维纳过程,
 鞅论, 鞅 (概率论),
 细胞自动机, Thompson构造法,
 细胞自动机, 下推自动机,
 细胞自动机, 半自动机,
 细胞自动机, 图灵机,
 细胞自动机, 嵌入下推自动机,
 细胞自动机, 嵌套堆栈自动机,
 细胞自动机, 幂集构造,
 细胞自动机, 摩尔型有限状态机,
 细胞自动机, 有限状态机,
 细胞自动机, 比哈姆-米德尔顿-莱文交通流量模型,
 细胞自动机, 状态图,
 细胞自动机, 状态转移表,
 细胞自动机, 确定下推自动机,
 细胞自动机, 确定有限状态自动机,
 细胞自动机, 确定有限状态自动机最小化,
 细胞自动机, 米利型有限状态机,
 细胞自动机, 细胞自动机,
 细胞自动机, 线性有界自动机,
 细胞自动机, 自动机理论,
 细胞自动机, 规则30,
 细胞自动机, 非确定有限状态自动机,
 Lambda演算," B,C,K,W系统",
 Lambda演算, Beta范式,
 Lambda演算, Lambda立方体,
 Lambda演算, SKI组合子演算,
 Lambda演算, Λ演算,
 Lambda演算, 不动点组合子,
 Lambda演算, 匿名函数,
 Lambda演算, 有类型λ演算,
 Lambda演算, 构造演算,
 Lambda演算, 柯里化,
 Lambda演算, 简单类型λ演算,
 Lambda演算, 类型居留问题,
 Lambda演算, 系统F,
 Lambda演算, 组合子逻辑,
 Lambda演算, 蒙塔古语法,
 Lambda演算, 规范化性质,
 Lambda演算, 逻辑框架,
 Lambda演算, 邱奇数,
 Lambda演算, 高阶函数,
 类型论, BHK释义,
 类型论, Lambda立方体,
 类型论, ST类型论,
 类型论, 依赖类型,
 类型论, 值 (计算机科学),
 类型论, 协变与逆变,
 类型论, 原型程序设计,
 类型论, 参数多态,
 类型论, 合一,
 类型论, 同伦类型论,
 类型论, 型别安全,
 类型论, 型别构造器,
 类型论, 子类型,
 类型论, 定型环境,
 类型论, 开闭原则,
 类型论, 强弱型别,
 类型论, 抽象数据型别,
 类型论, 数学结构,
 类型论, 新基础集合论,
 类型论, 有类型λ演算,
 类型论, 构造演算,
 类型论, 柯里-霍华德同构,
 类型论, 特设多态,
 类型论, 直觉类型论,
 类型论, 简单类型λ演算,
 类型论, 类型居留问题,
 类型论, 类型推论,
 类型论, 类型擦除,
 类型论, 类型特征,
 类型论, 类型论,
 类型论, 类型转换,
 类型论, 系统F,
 类型论, 组合范畴语法,
 类型论, 罗素公理体系,
 类型论, 逻辑框架,
 类型论, 里氏替换原则,
 类型论, 类型系统,
 类型论, 高阶逻辑,
 类型论, 鸭子类型,
 伪随机数生成器, 双椭圆曲线确定性随机数发生器,
 伪随机数生成器, 平方取中法,
 伪随机数生成器, 线性同余方法,
 蒙地卡罗方法, 吉布斯采样,
 蒙地卡罗方法, 并行退火,
 蒙地卡罗方法, 拟蒙特卡罗方法,
 蒙地卡罗方法, 控制变量法,
 蒙地卡罗方法, 斯温森－王算法,
 蒙地卡罗方法, 梅特罗波利斯－黑斯廷斯算法,
 蒙地卡罗方法, 模拟退火,
 蒙地卡罗方法, 粒子滤波器,
 蒙地卡罗方法, 蒙地卡罗方法,
 蒙地卡罗方法, 蒙特卡洛树搜索,
 蒙地卡罗方法, 逆变换采样,
 蒙地卡罗方法, 重要性采样,
 伪随机数生成器, 双椭圆曲线确定性随机数发生器,
 伪随机数生成器, 平方取中法,
 伪随机数生成器, 线性同余方法,
 时间序列模型, 分布滞后,
 时间序列模型, 移动平均模型,
 等候理论, Draft,
 等候理论, 出生-死亡过程,
 等候理论, 利特尔法则,
 等候理论, 处理器亲和性,
 等候理论, 等候理论,
 等候理论, 罗斯猜想,
 等候理论, 队头阻塞,
 随机控制, 分离原理,
 随机控制, 部分可观察马可夫决策过程,
 随机控制, 马可夫决策过程,
 随机控制, 鲁棒控制,
 鞅论, 半鞅,
 鞅论, 维纳过程,
 鞅论, 鞅 (概率论),
 超光速航行, NX级星舰,
 超光速航行, 曲速引擎,
 超光速航行, 阿库别瑞引擎,
 伪随机性, 伪随机性,
 蒙地卡罗方法, 吉布斯采样,
 蒙地卡罗方法, 并行退火,
 蒙地卡罗方法, 拟蒙特卡罗方法,
 蒙地卡罗方法, 控制变量法,
 蒙地卡罗方法, 斯温森－王算法,
 蒙地卡罗方法, 梅特罗波利斯－黑斯廷斯算法,
 蒙地卡罗方法, 模拟退火,
 蒙地卡罗方法, 粒子滤波器,
 蒙地卡罗方法, 蒙地卡罗方法,
 蒙地卡罗方法, 蒙特卡洛树搜索,
 蒙地卡罗方法, 逆变换采样,
 蒙地卡罗方法, 重要性采样,
 随机化算法, 蒙地卡罗方法,
 随机化算法, 随机化算法,
 随机数生成, RdRand,
 随机数生成, 梅森旋转算法,
 随机数生成, 随机数生成,
 随机过程, Draft,
 随机过程, K-L 转换,
 随机过程, 中餐馆过程,
 随机过程, 主方程式,
 随机过程, 伊藤引理,
 随机过程, 伊藤过程,
 随机过程, 伯努利过程,
 随机过程, 停时,
 随机过程, 几何布朗运动,
 随机过程, 击中时,
 随机过程, 半鞅,
 随机过程, 可预测过程,
 随机过程, 右连左极函数,
 随机过程, 布朗桥,
 随机过程, 布朗运动,
 随机过程, 平稳过程,
 随机过程, 循序可测过程,
 随机过程, 查普曼-科尔莫戈罗夫等式,
 随机过程, 泊松过程,
 随机过程, 白噪声,
 随机过程, 福克-普朗克方程,
 随机过程, 维纳滤波,
 随机过程, 维纳空间,
 随机过程, 维纳过程,
 随机过程, 维纳－辛钦定理,
 随机过程, 莱维过程,
 随机过程, 费曼－卡茨公式,
 随机过程, 赫斯特指数,
 随机过程, 跳跃过程,
 随机过程, 适应过程,
 随机过程, 重对数律,
 随机过程, 量子随机漫步,
 随机过程, 随机分析,
 随机过程, 随机变量的收敛,
 随机过程, 随机图,
 随机过程, 随机数列,
 随机过程, 随机过程,
 随机过程, 随机微分方程,
 随机过程, 随机漫步,
 随机过程, 鞅 (概率论),
 随机过程, 马可夫过程,
 随机过程, 马尔可夫性质,
 随机过程, 马尔可夫链,
 随机过程, 高斯噪声,
 随机过程, 高斯过程,
 噪声, Template,
 噪声, 布朗噪声,
 噪声, 噪声,
 Lambda演算," B,C,K,W系统",
 Lambda演算, Beta范式,
 Lambda演算, Lambda立方体,
 Lambda演算, SKI组合子演算,
 Lambda演算, Λ演算,
 Lambda演算, 不动点组合子,
 Lambda演算, 匿名函数,
 Lambda演算, 有类型λ演算,
 Lambda演算, 构造演算,
 Lambda演算, 柯里化,
 Lambda演算, 简单类型λ演算,
 Lambda演算, 类型居留问题,
 Lambda演算, 系统F,
 Lambda演算, 组合子逻辑,
 Lambda演算, 蒙塔古语法,
 Lambda演算, 规范化性质,
 Lambda演算, 逻辑框架,
 Lambda演算, 邱奇数,
 Lambda演算, 高阶函数,
 图灵机, 交替式图灵机,
 图灵机, 判定器,
 图灵机, 图灵机,
 图灵机, 多带图灵机,
 图灵机, 枚举器,
 图灵机, 机率图灵机,
 图灵机, 递归可枚举语言,
 图灵机, 递归语言,
 图灵机, 通用图灵机,
 图灵机, 量子图灵机,
 图灵机, 非确定型图灵机,
 形式方法人物, 何积丰,
 形式方法人物, 周巢尘,
 形式方法人物, 达纳·斯科特,
 抽象数据类型, 串行 (抽象数据型别),
 抽象数据类型, 关联数组,
 抽象数据类型, 堆栈,
 抽象数据类型, 多重关连数组,
 抽象数据类型, 容器 (抽象数据类型),
 抽象数据类型, 抽象数据型别,
 抽象数据类型, 生成器 (计算机编程),
 抽象数据类型, 迭代器,
 抽象数据类型, 队列,
 抽象数据类型, 集合 (计算机科学),
 模型检查, Kripke结构,
 自动机, Thompson构造法,
 自动机, 下推自动机,
 自动机, 半自动机,
 自动机, 图灵机,
 自动机, 嵌入下推自动机,
 自动机, 嵌套堆栈自动机,
 自动机, 幂集构造,
 自动机, 摩尔型有限状态机,
 自动机, 有限状态机,
 自动机, 比哈姆-米德尔顿-莱文交通流量模型,
 自动机, 状态图,
 自动机, 状态转移表,
 自动机, 确定下推自动机,
 自动机, 确定有限状态自动机,
 自动机, 确定有限状态自动机最小化,
 自动机, 米利型有限状态机,
 自动机, 细胞自动机,
 自动机, 线性有界自动机,
 自动机, 自动机理论,
 自动机, 规则30,
 自动机, 非确定有限状态自动机,
 逻辑演算, 一元谓词演算,
 逻辑演算, 元组关系演算,
 逻辑演算, 关系演算,
 逻辑演算, 域关系演算,
 逻辑演算, 存在图,
 逻辑演算, 实体图,
 逻辑演算, 希尔伯特演绎系统,
 逻辑演算, 弗雷格命题演算,
 逻辑演算, 相继式演算,
 逻辑演算, 自然演绎,
 逻辑演算, 蕴涵命题演算,
 面向文档的数据库, Amazon SimpleDB,
 面向文档的数据库, BSON,
 面向文档的数据库, CouchDB,
 面向文档的数据库, IBM Lotus Domino,
 面向文档的数据库, IBM Lotus Notes,
 面向文档的数据库, MongoDB,
 面向文档的数据库, 文件导向的数据库,
 伪随机数生成器, 双椭圆曲线确定性随机数发生器,
 伪随机数生成器, 平方取中法,
 伪随机数生成器, 线性同余方法,
 蒙地卡罗方法, 吉布斯采样,
 蒙地卡罗方法, 并行退火,
 蒙地卡罗方法, 拟蒙特卡罗方法,
 蒙地卡罗方法, 控制变量法,
 蒙地卡罗方法, 斯温森－王算法,
 蒙地卡罗方法, 梅特罗波利斯－黑斯廷斯算法,
 蒙地卡罗方法, 模拟退火,
 蒙地卡罗方法, 粒子滤波器,
 蒙地卡罗方法, 蒙地卡罗方法,
 蒙地卡罗方法, 蒙特卡洛树搜索,
 蒙地卡罗方法, 逆变换采样,
 蒙地卡罗方法, 重要性采样,
 伪随机数生成器, 双椭圆曲线确定性随机数发生器,
 伪随机数生成器, 平方取中法,
 伪随机数生成器, 线性同余方法,
 时间序列模型, 分布滞后,
 时间序列模型, 移动平均模型,
 等候理论, Draft,
 等候理论, 出生-死亡过程,
 等候理论, 利特尔法则,
 等候理论, 处理器亲和性,
 等候理论, 等候理论,
 等候理论, 罗斯猜想,
 等候理论, 队头阻塞,
 随机控制, 分离原理,
 随机控制, 部分可观察马可夫决策过程,
 随机控制, 马可夫决策过程,
 随机控制, 鲁棒控制,
 鞅论, 半鞅,
 鞅论, 维纳过程,
 鞅论, 鞅 (概率论),
 超光速航行, NX级星舰,
 超光速航行, 曲速引擎,
 超光速航行, 阿库别瑞引擎,
 伪随机性, 伪随机性,
 蒙地卡罗方法, 吉布斯采样,
 蒙地卡罗方法, 并行退火,
 蒙地卡罗方法, 拟蒙特卡罗方法,
 蒙地卡罗方法, 控制变量法,
 蒙地卡罗方法, 斯温森－王算法,
 蒙地卡罗方法, 梅特罗波利斯－黑斯廷斯算法,
 蒙地卡罗方法, 模拟退火,
 蒙地卡罗方法, 粒子滤波器,
 蒙地卡罗方法, 蒙地卡罗方法,
 蒙地卡罗方法, 蒙特卡洛树搜索,
 蒙地卡罗方法, 逆变换采样,
 蒙地卡罗方法, 重要性采样,
 随机化算法, 蒙地卡罗方法,
 随机化算法, 随机化算法,
 随机数生成, RdRand,
 随机数生成, 梅森旋转算法,
 随机数生成, 随机数生成,
 随机过程, Draft,
 随机过程, K-L 转换,
 随机过程, 中餐馆过程,
 随机过程, 主方程式,
 随机过程, 伊藤引理,
 随机过程, 伊藤过程,
 随机过程, 伯努利过程,
 随机过程, 停时,
 随机过程, 几何布朗运动,
 随机过程, 击中时,
 随机过程, 半鞅,
 随机过程, 可预测过程,
 随机过程, 右连左极函数,
 随机过程, 布朗桥,
 随机过程, 布朗运动,
 随机过程, 平稳过程,
 随机过程, 循序可测过程,
 随机过程, 查普曼-科尔莫戈罗夫等式,
 随机过程, 泊松过程,
 随机过程, 白噪声,
 随机过程, 福克-普朗克方程,
 随机过程, 维纳滤波,
 随机过程, 维纳空间,
 随机过程, 维纳过程,
 随机过程, 维纳－辛钦定理,
 随机过程, 莱维过程,
 随机过程, 费曼－卡茨公式,
 随机过程, 赫斯特指数,
 随机过程, 跳跃过程,
 随机过程, 适应过程,
 随机过程, 重对数律,
 随机过程, 量子随机漫步,
 随机过程, 随机分析,
 随机过程, 随机变量的收敛,
 随机过程, 随机图,
 随机过程, 随机数列,
 随机过程, 随机过程,
 随机过程, 随机微分方程,
 随机过程, 随机漫步,
 随机过程, 鞅 (概率论),
 随机过程, 马可夫过程,
 随机过程, 马尔可夫性质,
 随机过程, 马尔可夫链,
 随机过程, 高斯噪声,
 随机过程, 高斯过程,
 噪声, Template,
 噪声, 布朗噪声,
 噪声, 噪声,
 超光速, 契忍可夫辐射,
 超光速, 波前速度,
 超光速, 相速度,
 超光速, 瞬间移动,
 超光速, 群速度,
 超光速, 讯号速度,
 超光速, 超光速,
 超光速, 超光速运动,
 机率复杂度理论, 机率图灵机,
 统计随机性, 随机性,
 Acid测试, Acid1,
 Acid测试, Acid2,
 Acid测试, Acid3,
 Acid测试, Template,
 Acid测试, 伊恩·希克森,
 形式方法, Set packing,
 形式方法, 先决条件,
 形式方法, 动态时序验证,
 形式方法, 布尔可满足性问题,
 形式方法, 形式化方法,
 形式方法, 形式系统,
 形式方法, 形式语义学,
 形式方法, 形式验证,
 形式方法, 循环不变量,
 形式方法, 抽象释义,
 形式方法, 指称语义,
 形式方法, 断言 (程序),
 形式方法, 时间分割测试,
 形式方法, 概念验证,
 形式方法, 生命攸关系统,
 形式方法, 联合国大学国际软件技术研究所,
 形式方法, 行为时序逻辑,
 形式方法, 软件验证及确认,
 形式方法, 通用唯一识别码,
 形式方法, 集合论,
 形式方法, 静态时序分析,
 形式方法, 高低阶,
 缺陷和问题跟踪软件, Bugzilla,
 缺陷和问题跟踪软件, Fossil,
 缺陷和问题跟踪软件, GitHub,
 缺陷和问题跟踪软件, Gitlab,
 缺陷和问题跟踪软件, GLPI,
 缺陷和问题跟踪软件, JIRA,
 缺陷和问题跟踪软件, Mantis,
 缺陷和问题跟踪软件, Phabricator,
 缺陷和问题跟踪软件, Redmine,
 缺陷和问题跟踪软件, Template,
 缺陷和问题跟踪软件, 缺陷跟踪管理系统,
 软件审查, Gerrit,
 软件审查, Phabricator,
 软件审查, Rietveld,
 软件审查, 代码审查,
 软件测试工具, HP Quality Center,
 软件测试工具, Polyspace,
 软件测试工具, WebLOAD,
 软件测试工具, 代码覆盖率,
 反向代理, Apache HTTP Server,
 反向代理, Caddy,
 反向代理, HAProxy,
 反向代理, Nginx,
 反向代理, Polipo,
 反向代理, Privoxy,
 反向代理, Squid (软件),
 反向代理, Tengine,
 反向代理, Traffic Server,
 反向代理, 反向代理,
 分布式版本控制系统, BitKeeper,
 分布式版本控制系统, Fossil,
 分布式版本控制系统, Git,
 分布式版本控制系统, GNU arch,
 分布式版本控制系统, 分布式版本控制,
 自由版本控制软件, BitKeeper,
 自由版本控制软件, Bonsai (软件),
 自由版本控制软件, Fossil,
 自由版本控制软件, Git,
 自由版本控制软件, GNU arch,
 自由版本控制软件, SVK,
 自由版本控制软件, 修订控制系统,
 项目托管网站, Gitlab,
 项目托管网站, Mozdev.org,
 项目托管网站, RubyForge,
 NoSQL, Bigtable,
 NoSQL, Cassandra,
 NoSQL, CouchDB,
 NoSQL, IBM Lotus Notes,
 NoSQL, LevelDB,
 NoSQL, NoSQL,
 NoSQL, Redis,
 NoSQL, SequoiaDB,
 SQL关键字, Truncate,
 SQL关键字, Update,
 SQL关键字, 删除 (SQL),
 SQL关键字, 插入 (SQL),
 SQL关键字, 查询 (SQL),
 SQL关键字, 空值 (SQL),
 SQL关键字, 连接 (SQL),
 小行星探测器, Template,
 小行星探测器, 伽利略号探测器,
 小行星探测器, 卡西尼-惠更斯号,
 小行星探测器, 哈雷舰队,
 小行星探测器, 乔托号,
 小行星探测器, 堂吉诃德小行星防卫任务,
 小行星探测器, 尤利西斯号,
 小行星探测器, 彗星号,
 小行星探测器, 星尘号,
 小行星探测器, 曙光号,
 小行星探测器, 会合-舒梅克号,
 小行星探测器, 深度撞击号,
 小行星探测器, 深空一号,
 小行星探测器, 维加计划,
 小行星探测器, 罗塞塔号,
 小行星探测器, 菲莱登陆器,
 小行星探测器, 隼鸟号,
 小行星探测器, 露西号,
 小行星探测器, 灵神星轨道器,
 超光速航行, NX级星舰,
 超光速航行, 曲速引擎,
 超光速航行, 阿库别瑞引擎,
 伪随机性, 伪随机性,
 蒙地卡罗方法, 吉布斯采样,
 蒙地卡罗方法, 并行退火,
 蒙地卡罗方法, 拟蒙特卡罗方法,
 蒙地卡罗方法, 控制变量法,
 蒙地卡罗方法, 斯温森－王算法,
 蒙地卡罗方法, 梅特罗波利斯－黑斯廷斯算法,
 蒙地卡罗方法, 模拟退火,
 蒙地卡罗方法, 粒子滤波器,
 蒙地卡罗方法, 蒙地卡罗方法,
 蒙地卡罗方法, 蒙特卡洛树搜索,
 蒙地卡罗方法, 逆变换采样,
 蒙地卡罗方法, 重要性采样,
 随机化算法, 蒙地卡罗方法,
 随机化算法, 随机化算法,
 随机数生成, RdRand,
 随机数生成, 梅森旋转算法,
 随机数生成, 随机数生成,
 随机过程, Draft,
 随机过程, K-L 转换,
 随机过程, 中餐馆过程,
 随机过程, 主方程式,
 随机过程, 伊藤引理,
 随机过程, 伊藤过程,
 随机过程, 伯努利过程,
 随机过程, 停时,
 随机过程, 几何布朗运动,
 随机过程, 击中时,
 随机过程, 半鞅,
 随机过程, 可预测过程,
 随机过程, 右连左极函数,
 随机过程, 布朗桥,
 随机过程, 布朗运动,
 随机过程, 平稳过程,
 随机过程, 循序可测过程,
 随机过程, 查普曼-科尔莫戈罗夫等式,
 随机过程, 泊松过程,
 随机过程, 白噪声,
 随机过程, 福克-普朗克方程,
 随机过程, 维纳滤波,
 随机过程, 维纳空间,
 随机过程, 维纳过程,
 随机过程, 维纳－辛钦定理,
 随机过程, 莱维过程,
 随机过程, 费曼－卡茨公式,
 随机过程, 赫斯特指数,
 随机过程, 跳跃过程,
 随机过程, 适应过程,
 随机过程, 重对数律,
 随机过程, 量子随机漫步,
 随机过程, 随机分析,
 随机过程, 随机变量的收敛,
 随机过程, 随机图,
 随机过程, 随机数列,
 随机过程, 随机过程,
 随机过程, 随机微分方程,
 随机过程, 随机漫步,
 随机过程, 鞅 (概率论),
 随机过程, 马可夫过程,
 随机过程, 马尔可夫性质,
 随机过程, 马尔可夫链,
 随机过程, 高斯噪声,
 随机过程, 高斯过程,
 噪声, Template,
 噪声, 布朗噪声,
 噪声, 噪声,
 超光速, 契忍可夫辐射,
 超光速, 波前速度,
 超光速, 相速度,
 超光速, 瞬间移动,
 超光速, 群速度,
 超光速, 讯号速度,
 超光速, 超光速,
 超光速, 超光速运动,
 机率复杂度理论, 机率图灵机,
 统计随机性, 随机性,
 时间旅行, TARDIS,
 时间旅行, Template,
 时间旅行, 封闭类时曲线,
 时间旅行, 快子,
 时间旅行, 时序保护猜想,
 时间旅行, 时间倒流,
 时间旅行, 时间悖论,
 时间旅行, 时间旅行,
 时间旅行, 时光机 (哆啦A梦),
 时间旅行, 时空旅人,
 时间旅行, 祖父悖论,
 时间旅行, 约翰·提托,
 时间旅行, 虫洞,
 时间旅行, 诺维科夫自洽性原则,
 时间旅行, 迪罗伦时光机,
 目的论, 大撕裂,
 目的论, 定向演化,
 目的论, 目的论,
 目的论, 目的论论证,
 随机性, M-sequence,
 随机性, 五人法则,
 随机性, 伪随机序列,
 随机性, 彩票摇奖机,
 随机性, 拉斯维加斯算法,
 随机性, 掷硬币,
 随机性, 水塘抽样,
 随机性, 无限猴子定理,
 随机性, 百万乱数表,
 随机性, 算法信息论,
 随机性, 随机函数,
 随机性, 随机变量,
 随机性, 随机场,
 随机性, 随机性,
 随机性, 随机数,
 随机性, 随机数列,
 随机性, 随机森林,
 软件测试, ApacheBench,
 软件测试, Clover,
 软件测试, IEEE 829,
 软件测试, ISTQB,
 软件测试, JUnit,
 软件测试, Metasploit,
 软件测试, Portal,
 软件测试, Robot Framework,
 软件测试, SDET,
 软件测试, Security AppScan,
 软件测试, TestLink,
 软件测试, TrendLabs,
 软件测试, TTCN-3,
 软件测试, TTCN,
 软件测试, WebLOAD,
 软件测试, 代码覆盖率,
 软件测试, 修改条件判断覆盖,
 软件测试, 伪翻译,
 软件测试, 决策到决策路径,
 软件测试, 十六进制转储,
 软件测试, 协议实现一致性声明,
 软件测试, 单元测试,
 软件测试, 可用性测试,
 软件测试, 回归测试,
 软件测试, 基于模型的测试,
 软件测试, 形式验证,
 软件测试, 探索性测试,
 软件测试, 时间分割测试,
 软件测试, 模拟对象,
 软件测试, 模糊测试,
 软件测试, 测试准则,
 软件测试, 测试平台,
 软件测试, 测试驱动开发,
 软件测试, 浏览器兼容性,
 软件测试, 海森堡bug,
 软件测试, 测试工作,
 软件测试, 测试自动化,
 软件测试, 白盒测试,
 软件测试, 兼容性测试,
 软件测试, 硬件在环,
 软件测试, 系统测试,
 软件测试, 蜕变测试,
 软件测试, 行为驱动开发,
 软件测试, 计算机安全隐患,
 软件测试, 调试,
 软件测试, 数据驱动测试,
 软件测试, 软件可测试性,
 软件测试, 软件验证及确认,
 软件测试, 软件测试,
 软件测试, 软件质量,
 软件测试, 轻量级软件测试自动化,
 软件测试, 游戏测试,
 软件测试, 边界案例,
 软件测试, 边角案例,
 软件测试, 关键词驱动测试,
 软件测试, 集成测试,
 软件测试, 黑盒测试,
 静态代码分析工具, Checkstyle,
 静态代码分析工具, Clang,
 静态代码分析工具, Cscope,
 静态代码分析工具, Ctags,
 静态代码分析工具, FindBugs,
 静态代码分析工具, Polyspace,
 静态代码分析工具, SonarQube,
 静态代码分析工具, ThreadSafe,
 动态规划, 史密斯-沃特曼算法,
 动态规划, 哈密顿-雅可比-贝尔曼方程,
 动态规划, 字符串近似匹配,
 动态规划, 尼德曼-翁施算法,
 动态规划, 最大子数列问题,
 动态规划, 最长公共子串,
 动态规划, 最长公共子序列,
 动态规划, 最长递增子序列,
 动态规划, 粘性解,
 动态规划, 维数灾难,
 动态规划, 维特比算法,
 动态规划, 自动换行,
 动态规划, 莱文斯坦距离,
 动态规划, 贝尔曼方程,
 动态规划, 部分可观察马可夫决策过程,
 机器学习算法, 反向传播算法,
 机器学习算法, 强化学习,
 机器学习算法, 径向基函数网络,
 机器学习算法, 最大期望算法,
 机器学习算法, 最小冗余特征选择,
 机器学习算法, 最近邻居法,
 机器学习算法, 模式识别,
 估计理论, Guesstimate,
 估计理论, K-L 转换,
 估计理论, 估计理论,
 估计理论, 估计量的偏差,
 估计理论, 匹配滤波器,
 估计理论, 卡尔曼滤波,
 估计理论, 均方误差,
 估计理论, 广义矩估计,
 估计理论, 数据同化,
 估计理论, 最大似然估计,
 估计理论, 最大后验概率,
 估计理论, 最大期望算法,
 估计理论, 最小均方误差,
 估计理论, 最小方差无偏估计,
 估计理论, 样本方差,
 估计理论, 等级线性模型,
 估计理论, 线性回归,
 估计理论, 线性预测,
 估计理论, 维纳滤波,
 估计理论, 费希尔信息,
 估计理论, 费雪信息,
 信息学熵, 互信息,
 信息学熵, 交叉熵,
 信息学熵, 困惑度,
 信息学熵, 条件熵,
 信息学熵, 熵 (信息论),
 信息学熵, 熵编码法,
 信息学熵, 相对熵,
 信息学熵, 联合熵,
 信息学熵, 自信息,
 字符串相似性度量, 李距离,
 字符串相似性度量, 汉明距离,
 字符串相似性度量, 编辑距离,
 字符串相似性度量, 莱文斯坦距离,
 数据压缩, CRIME,
 数据压缩, DriveSpace,
 数据压缩, SDCH,
 数据压缩, Zlib,
 数据压缩, 乘码,
 数据压缩, 分类向量量化器,
 数据压缩, 前置码,
 数据压缩, 加壳压缩,
 数据压缩, 图像压缩技术,
 数据压缩, 压缩失真,
 数据压缩, 小波压缩,
 数据压缩, 数据压缩,
 数据压缩, 有损数据压缩,
 数据压缩, 有限状态向量量化器,
 数据压缩, 次频带编码,
 数据压缩, 编码簿,
 数据压缩, 自解压缩文件,
 数据压缩, 视频压缩,
 数据压缩, 视频压缩图像类型,
 数据压缩, 语音编码,
 数据压缩, 重复数据删除,
 数据压缩, 霍夫曼编码,
 数据压缩, 音讯压缩 (格式),
 检测论, BLAST (无线通信),
 检测论, ROC曲线,
 检测论, 信号检测理论,
 检测论, 极小化极大算法,
 算法信息论, 最小描述长度,
 算法信息论, 柯氏复杂性,
 编码理论, 低密度同位检查累积码,
 编码理论, 低密度奇偶检查码,
 编码理论, 信道编码,
 编码理论, 克拉夫特不等式,
 编码理论, 分布式信源编码,
 编码理论, 分组码,
 编码理论, 前置码,
 编码理论, 喷泉码,
 编码理论, 多项式码,
 编码理论, 奇偶检验矩阵,
 编码理论, 孤子分布,
 编码理论, 对偶码,
 编码理论, 循环码,
 编码理论, 抹除码,
 编码理论, 李距离,
 编码理论, 汉明距离,
 编码理论, 汉明重量,
 编码理论, 生成矩阵,
 编码理论, 卢比变换码,
 编码理论, 编码理论,
 编码理论, 网络编码,
 编码理论, 置信度传播,
 编码理论, 莱文斯坦距离,
 编码理论, 译码方法,
 编码理论, 霍夫曼编码,
 编码理论, 非累赘取样编码,
 网络性能, TCP拥塞控制,
 网络性能, 带宽时延乘积,
 网络性能, 广域网优化,
 网络性能, 显式拥塞通知,
 Wiki软件, DidiWiki,
 Wiki软件, DokuWiki,
 Wiki软件, HDwiki,
 Wiki软件, OddMuse,
 Wiki软件, PukiWiki,
 Wiki软件, SushiWiki,
 Wiki软件, Wiki软件,
 Wiki软件, Wiki软件比较,
 Wiki软件, YukiWiki,
 协作软件, 协同过滤,
 协作软件, 基于Web的分布式编写和版本控制,
 版本控制系统, Bitbucket,
 版本控制系统, Fossil,
 版本控制系统, GitHub,
 版本控制系统, GNU Savannah,
 版本控制系统, Google开发人员,
 版本控制系统, JavaForge,
 版本控制系统, KDESvn,
 版本控制系统, Mercurial,
 版本控制系统, Monotone,
 版本控制系统, SourceForge,
 版本控制系统, Subversion,
 版本控制系统, Team Foundation Server,
 版本控制系统, Template,
 版本控制系统, Time Machine,
 版本控制系统, Visual SourceSafe,
 版本控制系统, 修订标签,
 版本控制系统, 协作版本系统,
 版本控制系统, 版本控制软件比较,
 版本控制系统, 发布版本通知,
 版本控制系统, 相依性地狱,
 版本控制系统, 自由软件托管服务比较,
 版本控制系统, 软件配置管理,
 自由内容管理系统, Coderity,
 自由内容管理系统, MediaWiki,
 自由内容管理系统, Omeka,
 自由内容管理系统, OpenKM,
 自由内容管理系统, TYPO3,
 自由内容管理系统, Zope,
 开放源码内容管理系统, MojoPortal,
 开放源码内容管理系统, Umbraco,
 SQL, CLSQL,
 SQL, HSQLDB,
 SQL, PL-SQL,
 SQL, SQL,
 SQL, SQL语法,
 SQL, SQL资料隐码攻击,
 SQL, Transact-SQL,
 SQL, Windows管理规范查询语言,
 SQL, 参数化查询,
 SQL, 数据查询语言,
 SQL, 视图,
 SQL, 数据定义语言,
 SQL, 数据控制语言,
 SQL, 数据操纵语言,
 对象关系映射, Doctrine (PHP),
 对象关系映射, MyBatis,
 对象关系映射, SQLAlchemy,
 对象关系映射, 对象关系映射软件列表,
 数据库索引技术, B树,
 数据库索引技术, R+树,
 数据库索引技术, 倒排索引,
 开源数据库管理系统, Apache Derby,
 开源数据库管理系统, Berkeley DB,
 开源数据库管理系统, Cassandra,
 开源数据库管理系统, CouchDB,
 开源数据库管理系统, CUBRID,
 开源数据库管理系统, Dbm,
 开源数据库管理系统, Firebird (数据库),
 开源数据库管理系统, HSQLDB,
 开源数据库管理系统, InfluxDB,
 开源数据库管理系统, Ingres,
 开源数据库管理系统, Kexi,
 开源数据库管理系统, LevelDB,
 开源数据库管理系统, MariaDB,
 开源数据库管理系统, MaxDB,
 开源数据库管理系统, Mnesia,
 开源数据库管理系统, MongoDB,
 开源数据库管理系统, MySQL,
 开源数据库管理系统, OPUS,
 开源数据库管理系统, PostgreSQL,
 开源数据库管理系统, Redis,
 开源数据库管理系统, SQLite,
 自动驾驶汽车, Ligier EZ10,
 自动驾驶汽车, Mobileye,
 自动驾驶汽车, TomTom,
 自动驾驶汽车, Waymo,
 自动驾驶汽车, 自动驾驶汽车,
 先驱者系列, 先锋6、7、8和9号,
 先驱者系列, 先锋计划,
 先驱者系列, 先驱者镀金铝板,
 先驱者系列, 先驱者0号,
 先驱者系列, 先驱者10号,
 先驱者系列, 先驱者11号,
 先驱者系列, 先驱者1号,
 先驱者系列, 先驱者2号,
 先驱者系列, 先驱者3号,
 先驱者系列, 先驱者4号,
 先驱者系列, 先驱者5号,
 先驱者系列, 先驱者H号,
 先驱者系列, 先驱者P-1(W)号,
 先驱者系列, 先驱者P-3 (X)号,
 先驱者系列, 先驱者P-30 (Y)号,
 先驱者系列, 先驱者P-31(Z)号,
 先驱者系列, 先驱者金星计划,
 冥王星探测器, 冥王星-古柏带特快车,
 冥王星探测器, 新视野号,
 土星探测器, 先驱者10号,
 土星探测器, 卡西尼-惠更斯号,
 土星探测器, 土卫六－土星系统任务,
 土星探测器, 土星大气进入器,
 土星探测器, 惠更斯号,
 土星探测器, 旅行者1号,
 土星探测器, 蜻蜓号,
 土星探测器, 阿尔戈号 (探测器),
 天王星探测器, ODINUS,
 天王星探测器, 天王星轨道探测器,
 天王星探测器, 旅行者2号,
 探索者系列, 探索者计划,
 探险者计划, Template,
 探险者计划, 乌呼鲁卫星,
 探险者计划, 亚毫米波天文卫星,
 探险者计划, 先进成分探测器,
 探险者计划, 国际紫外线探测卫星,
 探险者计划, 太阳过渡层成像光谱仪卫星,
 探险者计划, 威尔金森微波各向异性探测器,
 探险者计划, 广域红外线巡天探测卫星,
 探险者计划, 拉马第高能太阳光谱成像探测器,
 探险者计划, 探险者1号,
 探险者计划, 星系演化探测器,
 探险者计划, 星际边界探测器,
 探险者计划, 核光谱望远镜阵列,
 探险者计划, 罗西X射线计时探测器,
 探险者计划, 远紫外分光探测器,
 探险者计划, 雨燕卫星,
 旅行者系列, 旅行者1号,
 旅行者系列, 旅行者2号,
 旅行者系列, 旅行者金唱片,
 旅行者系列, 旅行者金唱片内容,
 旅行者系列, 爱德华·C·斯通,
 行星探测车, 月球车,
 行星探测车, 火星车,
 计划中的太空探测器, MetNet,
 计划中的太空探测器, 土卫六－土星系统任务,
 计划中的太空探测器, 天鹅座宇宙飞船,
 计划中的太空探测器, 太阳轨道载具,
 计划中的太空探测器, 月球快递,
 计划中的太空探测器, 木星冰月探测器,
 计划中的太空探测器, 木卫二－木星系统任务,
 计划中的太空探测器, 欧几里得卫星,
 计划中的太空探测器, 突破摄星,
 超光速, 契忍可夫辐射,
 超光速, 波前速度,
 超光速, 相速度,
 超光速, 瞬间移动,
 超光速, 群速度,
 超光速, 讯号速度,
 超光速, 超光速,
 超光速, 超光速运动,
 机率复杂度理论, 机率图灵机,
 统计随机性, 随机性,
 时间旅行, TARDIS,
 时间旅行, Template,
 时间旅行, 封闭类时曲线,
 时间旅行, 快子,
 时间旅行, 时序保护猜想,
 时间旅行, 时间倒流,
 时间旅行, 时间悖论,
 时间旅行, 时间旅行,
 时间旅行, 时光机 (哆啦A梦),
 时间旅行, 时空旅人,
 时间旅行, 祖父悖论,
 时间旅行, 约翰·提托,
 时间旅行, 虫洞,
 时间旅行, 诺维科夫自洽性原则,
 时间旅行, 迪罗伦时光机,
 目的论, 大撕裂,
 目的论, 定向演化,
 目的论, 目的论,
 目的论, 目的论论证,
 随机性, M-sequence,
 随机性, 五人法则,
 随机性, 伪随机序列,
 随机性, 彩票摇奖机,
 随机性, 拉斯维加斯算法,
 随机性, 掷硬币,
 随机性, 水塘抽样,
 随机性, 无限猴子定理,
 随机性, 百万乱数表,
 随机性, 算法信息论,
 随机性, 随机函数,
 随机性, 随机变量,
 随机性, 随机场,
 随机性, 随机性,
 随机性, 随机数,
 随机性, 随机数列,
 随机性, 随机森林,
 因果律, 其他条件不变,
 因果律, 只因少了一颗钉,
 因果律, 多米诺骨牌效应,
 因果律, 格兰杰因果关系,
 因果律, 解释,
 软件质量, TestLink,
 软件质量, 向后移植,
 软件质量, 失效评定,
 软件质量, 故障容许度,
 软件质量, 生命攸关系统,
 软件质量, 第二系统效应,
 软件质量, 软件质量管理,
 软件质量, 软件熵,
 软件质量, 软件验证及确认,
 软件质量, 软件危机,
 软件质量, 软件质量,
 软件质量, 软件质量保证,
 软件质量, 长期支持,
 静态代码分析工具, Checkstyle,
 静态代码分析工具, Clang,
 静态代码分析工具, Cscope,
 静态代码分析工具, Ctags,
 静态代码分析工具, FindBugs,
 静态代码分析工具, Polyspace,
 静态代码分析工具, SonarQube,
 静态代码分析工具, ThreadSafe,
 回归分析, ARIMA模型,
 回归分析, ARMA模型,
 回归分析, Lasso算法,
 回归分析, RATS,
 回归分析, 倾向评分匹配,
 回归分析, 偏最小二乘回归,
 回归分析, 决定系数,
 回归分析, 分位数回归,
 回归分析, 分层广义线性模型,
 回归分析, 可解释变异,
 回归分析, 向量自回归模型,
 回归分析, 多重共线性,
 回归分析, 工具变量,
 回归分析, 广义线性模型,
 回归分析, 径向基函数网络,
 回归分析, 曲线拟合,
 回归分析, 最小二乘法,
 回归分析, 泊松回归,
 回归分析, 泰尔－森估算,
 回归分析, 移动平均模型,
 回归分析, 线性回归,
 回归分析, 线性预测,
 回归分析, 自变量和因变量,
 回归分析, 自回归模型,
 回归分析, 设计矩阵,
 回归分析, 赤池信息量准则,
 回归分析, 回归分析,
 回归分析, 过适,
 回归分析, 逻辑回归,
 回归分析, 零膨胀,
 数学优化软件, AMPL,
 数学优化软件, COIN-OR,
 数学优化软件, GNU线性规划工具集,
 数学优化软件, Maple,
 数学优化软件, Wolfram Mathematica,
 最佳控制, LQR控制器,
 最佳控制, 协态方程,
 最佳控制, 哈密顿量 (最佳控制),
 最佳控制, 庞特里亚金最大化原理,
 最佳控制, 最优控制,
 最佳控制, 罗斯π引理,
 最佳控制, 起停式控制,
 最佳控制, 双设定点控制,
 算法, CYK算法,
 算法, DPLL算法,
 算法, ElGamal加密算法,
 算法, Flood fill,
 算法, ID3算法,
 算法, K-平均算法,
 算法, LALR语法分析器,
 算法, Move-to-front transform,
 算法, Paxos算法,
 算法, PSRS算法,
 算法, Quorum (分布式系统),
 算法, RSA加密算法,
 算法, Thompson构造法,
 算法, Tomasulo算法,
 算法, 交叉 (遗传算法),
 算法, 优先编码器,
 算法, 伪代码,
 算法, 伯利坎普－韦尔奇算法,
 算法, 先进不出,
 算法, 先验算法,
 算法, 全排列生成算法,
 算法, 凸包,
 算法, 分治法,
 算法, 匹配追踪,
 算法, 原地算法,
 算法, 启发式搜索,
 算法, 回溯法,
 算法, 埃拉托斯特尼筛法,
 算法, 处理器亲和性,
 算法, 大英博物馆算法,
 算法, 奎因－麦克拉斯基算法,
 算法, 密码强度,
 算法, 左偏树,
 算法, 差异进化算法,
 算法, 布斯乘法算法,
 算法, 布雷森汉姆直线算法,
 算法, 并行排序,
 算法, 德卡斯特里奥算法,
 算法, 德布尔算法,
 算法, 快取文件置换机制,
 算法, 拉斯维加斯算法,
 算法, 数据结构与算法术语列表,
 算法, 施特拉森算法,
 算法, 星期的计算,
 算法, 最大期望算法,
 算法, 最小圆覆盖,
 算法, 最小生成树,
 算法, 最邻近搜索,
 算法, 最长公共子串,
 算法, 最长公共子序列,
 算法, 梁友栋-柏世奇算法,
 算法, 模拟退火,
 算法, 模糊聚类,
 算法, 水塘抽样,
 算法, 洗牌交换连接,
 算法, 流加密,
 算法, 画家算法,
 算法, 确定性算法,
 算法, 碰撞侦测,
 算法, 禁忌搜索,
 算法, 秦九韶算法,
 算法, 算法,
 算法, 算法与数据结构词典,
 算法, 算法交易,
 算法, 算法导论,
 算法, 在线算法,
 算法, 线性对数,
 算法, 结构归纳法,
 算法, 莱文斯坦距离,
 算法, 萤火虫算法,
 算法, 蚁群算法,
 算法, 装置指纹,
 算法, 语音算法,
 算法, 贪心法,
 算法, 速率单调,
 算法, 遗传算法,
 算法, 量子退火,
 算法, 长除法,
 算法, 除法器,
 算法, 随机抽样一致,
 算法, 马尔可夫算法,
 算法, 黄金分割搜索,
 信息论, MIMO,
 信息论, 互信息,
 信息论, 企业信息化,
 信息论, 优先编码器,
 信息论, 信息冗余,
 信息论, 信息哲学,
 信息论, 信息瓶颈,
 信息论, 信息论,
 信息论, 信源编码定理,
 信息论, 信道容量,
 信息论, 克劳德·香农,
 信息论, 分布式信源编码,
 信息论, 吞吐量,
 信息论, 哈里·奈奎斯特,
 信息论, 唯信息论,
 信息论, 压缩感知,
 信息论, 对称信道,
 信息论, 带宽,
 信息论, 广域信息论,
 信息论, 引力的熵力假说,
 信息论, 最小权限原则,
 信息论, 有噪信道编码定理,
 信息论, 条件熵,
 信息论, 柯氏复杂性,
 信息论, 梅特卡夫定律,
 信息论, 熵 (信息论),
 信息论, 熵率,
 信息论, 相对熵,
 信息论, 算法信息论,
 信息论, 编辑距离,
 信息论, 纳特,
 信息论, 编码率,
 信息论, 网络编码,
 信息论, 自信息,
 信息论, 费希尔信息,
 信息论, 费雪信息,
 信息论, 过采样,
 信息论, 采样定理,
 信息论, 量子计算,
 信息论, 随机数生成,
 信息论, 频谱效率,
 内容管理系统, Beyond Compare,
 内容管理系统, CMS Made Simple,
 内容管理系统, CMSimple XH,
 内容管理系统, CMSimple,
 内容管理系统, Coderity,
 内容管理系统, Collablog,
 内容管理系统, Drupal,
 内容管理系统, ENQUIRE,
 内容管理系统, Habari,
 内容管理系统, Joomla!,
 内容管理系统, LocalWiki,
 内容管理系统, LogicalDOC,
 内容管理系统, Movable Type,
 内容管理系统, Omeka,
 内容管理系统, OpenCMS,
 内容管理系统, PivotX,
 内容管理系统, Plone,
 内容管理系统, SilverStripe,
 内容管理系统, SupeSite,
 内容管理系统, TYPO3,
 内容管理系统, UCoz,
 内容管理系统, WebGUI,
 内容管理系统, WikkaWiki,
 内容管理系统, WordPress,
 内容管理系统, XOOPS Cube,
 内容管理系统, XOOPS,
 内容管理系统, XWiki,
 内容管理系统, Zikula,
 内容管理系统, 内容管理系统,
 内容管理系统, 内容管理系统列表,
 内容管理系统, 曼波,
 推荐系统, Sci-Hub,
 推荐系统, Yelp,
 推荐系统, 协同过滤,
 推荐系统, 推荐系统,
 推荐系统, 烂西红柿,
 数据库管理系统, Adaptive Server Enterprise,
 数据库管理系统, Borland数据引擎,
 数据库管理系统, Draft,
 数据库管理系统, IBM DB2,
 数据库管理系统, InterBase,
 数据库管理系统, LibreOffice Base,
 数据库管理系统, Mckoi Database,
 数据库管理系统, Microsoft Access,
 数据库管理系统, Microsoft SQL Server,
 数据库管理系统, OpenOffice.org Base,
 数据库管理系统, Oracle数据库,
 数据库管理系统, RAC,
 数据库管理系统, SAP HANA,
 数据库管理系统, Spanner (数据库),
 数据库管理系统, SQL Server Express,
 数据库管理系统, Template,
 数据库管理系统, Windows Internal Database,
 数据库管理系统, 乐观并发控制,
 数据库管理系统, 二进制大型对象,
 数据库管理系统, 关系 (数据库),
 数据库管理系统, 关系型数据库管理系统比较,
 数据库管理系统, 关系键,
 数据库管理系统, 列式数据库,
 数据库管理系统, 字符大型对象,
 数据库管理系统, 存储程序,
 数据库管理系统, 悲观并发控制,
 数据库管理系统, 数据冗余,
 数据库管理系统, 数据库管理员,
 数据库管理系统, 数据库管理系统,
 数据库管理系统, 数据库索引,
 数据库管理系统, 文件导向的数据库,
 数据库管理系统, 时间数据库,
 数据库管理系统, 数据库理论,
 数据库管理系统, 关系数据库管理系统,
 管理信息系统, Microsoft Project,
 管理信息系统, Odoo,
 管理信息系统, Windows管理规范,
 管理信息系统, WINGs Display Manager,
 管理信息系统, XMind,
 管理信息系统, 主管支持系统,
 管理信息系统, 产品生命周期管理 (市场),
 管理信息系统, 企业资源计划,
 管理信息系统, 供货商管理库存系统,
 管理信息系统, 保险应用架构,
 管理信息系统, 决策支持系统,
 管理信息系统, 制造资源计划,
 管理信息系统, 商业过程管理,
 管理信息系统, 客户关系管理,
 管理信息系统, 工作流技术,
 管理信息系统, 收益管理,
 管理信息系统, 案例推论,
 管理信息系统, 楼盘管理系统,
 管理信息系统, 知识管理系统,
 管理信息系统, 策略信息系统,
 管理信息系统, 管理信息系统,
 管理信息系统, 信息安全管理系统,
 管理信息系统, 计算机整合制造,
 系统软件, Ad-Aware,
 系统软件, AutoRun,
 系统软件, BartPE,
 系统软件, CrossOver,
 系统软件, Driver Booster,
 系统软件, EasyInstall,
 系统软件, EXeScope,
 系统软件, Gearman,
 系统软件, PlayOnLinux,
 系统软件, R-Studio,
 系统软件, Spybot-S&D,
 系统软件, TuneUp Utilities,
 系统软件, Windows优化大师,
 系统软件, Windows预安装环境,
 系统软件, Wise Care 365,
 系统软件, Wise Disk Cleaner,
 系统软件, Wise Registry Cleaner,
 系统软件," Yellowdog Updater, Modified",
 系统软件, 易搜比软件,
 系统软件, 服务器,
 系统软件, 服务包,
 系统软件, 申根信息系统,
 系统软件, 监督程序,
 系统软件, 直译器,
 系统软件, 系统程序设计,
 系统软件, 系统软件,
 系统软件, 网络信息服务,
 系统软件, 网页服务器,
 系统软件, 翻译程序,
 系统软件, 虚拟主机,
 系统软件, 屏幕保护,
 系统软件, 超级兔子,
 系统软件, 软件包管理系统,
 系统软件, 还原光盘,
 系统软件, 鲁大师,
 概率分布, 卡方分布,
 概率分布, 多元正态分布,
 概率分布, 孤子分布,
 概率分布, 德国坦克问题,
 概率分布, 条件概率分布,
 概率分布, 柯西分布,
 概率分布, 概率分布,
 概率分布, 正态分布,
 概率分布, 稳定分布,
 概率分布, 退化分布,
 概率分布, 离散型均匀分布,
 统一塑模语言, 伊瓦尔·雅各布布布森,
 统一塑模语言, 对象管理组织,
 统一塑模语言, 用例图,
 统一塑模语言, 系统建模语言,
 统一塑模语言, 葛来迪·布区,
 统一塑模语言, 詹姆士·兰宝,
 中国机器人, 中国机器人,
 中国机器人, 中国科研潜艇,
 中国机器人, 中国空间探测器,
 日本机器人, AIBO,
 日本机器人, ASIMO,
 日本机器人, HAL (动力服),
 日本机器人, HRP-4C,
 日本机器人, Kirobo,
 日本机器人, Pepper (机器人),
 日本机器人, QRIO,
 日本机器人, Sota (机器人),
 日本机器人, 日本机器人,
 美国机器人, Kismet,
 美国机器人, 约翰霍普金斯野兽,
 美国机器人, 美国机器人,
 美国机器人, 美国太空总署探测器(子分类),
 美国机器人, 骑士视界 (机器人),
 中国机器人, 先行者,
 中国机器人, 全国大学生机器人大赛,
 日本机器人, AIBO,
 日本机器人, ASIMO,
 日本机器人, HAL (动力服),
 日本机器人, HRP-4C,
 日本机器人, Kirobo,
 日本机器人, Pepper (机器人),
 日本机器人, QRIO,
 日本机器人, Sota (机器人),
 美国机器人, Kismet,
 美国机器人, 约翰霍普金斯野兽,
 美国机器人, 骑士视界 (机器人),
 导弹制导, 主动雷达导引,
 导弹制导, 乘波导引,
 导弹制导, 全球定位系统,
 导弹制导, 半主动雷达制导,
 导弹制导, 圆概率误差,
 导弹制导, 导弹制导,
 导弹制导, 射后不理,
 导弹制导, 惯性导航系统,
 导弹制导, 瞄准线半自动指令,
 导弹制导, 瞄准线指令,
 导弹制导, 红外线导引,
 无人机, ADM-20诱饵无人机,
 无人机, IAI豹,
 无人机, MQ-1捕食者无人攻击机,
 无人机, MQ-8火力侦察兵无人机,
 无人机, MQ-9收割者侦察机,
 无人机, P.1HH锤头无人机,
 无人机, RQ-11渡鸦式无人侦察机,
 无人机, RQ-170侦查机,
 无人机, RQ-4全球鹰侦察机,
 无人机, SR-72侦察机,
 无人机, X-33试验机,
 无人机, X-43试验机,
 无人机, X-47A飞马试验机,
 无人机, X-51乘波者试验机,
 无人机, 云影无人机,
 无人机, 候鸟无人机,
 无人机, 利剑无人作战飞机,
 无人机, 各国多轴飞行器监管情况,
 无人机, 哈比无人机,
 无人机, 复仇者无人驾驶战斗机,
 无人机, 大疆 Mavic Pro,
 无人机, 大疆精灵4,
 无人机, 奥拉无人作战飞机,
 无人机, 彩虹五号无人机,
 无人机, 扫描鹰无人机,
 无人机, 搜索者侦察机,
 无人机, 暗剑无人机,
 无人机, 泽弗,
 无人机, 海上战术侦搜大队,
 无人机, 无人地面载具,
 无人机, 无人战斗航空载具,
 无人机, 无人机,
 无人机, 无人水下载具,
 无人机, 无人水面载具,
 无人机, 无人航空载具,
 无人机, 神经元无人作战飞机,
 无人机, 红雀微型无人机,
 无人机, 翔龙无人机,
 无人机, 翼龙系列无人机,
 无人机, 自主水下载具,
 无人机, 赫耳墨斯900,
 无人机, 遥控飞机,
 无人机, 锐鸢无人机,
 无人机, 雷神无人机,
 无人机, 腾云无人机,
 无人机, 高超音速武器,
 无人机, 鳐鱼无人机,
 无人机无人机制造商, 大疆创新,
 无人机无人机制造商, 经纬航天,
 潜艇机器人, 海神号 (水下航行器),
 潜艇机器人, 自主水下载具,
 潜艇机器人, 遥控潜水器,
 无人地面载具, Ligier EZ10,
 无人地面载具, 无人地面载具,
 无人地面载具, 能量自律战术机器,
 无人地面载具, 遥控战车,
 无人地面载具, 龙行者,
 空间探测器, MAVEN,
 空间探测器, Template,
 空间探测器, 伽利略号探测器,
 空间探测器, 信使号,
 空间探测器, 先锋计划,
 空间探测器, 卡西尼-惠更斯号,
 空间探测器, 土星探测,
 空间探测器, 天王星探测,
 空间探测器, 探索者计划,
 空间探测器, 斯基亚帕雷利EDM登陆器,
 空间探测器, 新视野二号,
 空间探测器, 新视野号,
 空间探测器, 星尘号,
 空间探测器, 曙光号,
 空间探测器, 会合-舒梅克号,
 空间探测器, 木星探测,
 空间探测器, 朱诺号,
 空间探测器, 水手10号,
 空间探测器, 水手3号,
 空间探测器, 水手4号,
 空间探测器, 水手5号,
 空间探测器, 水手6号,
 空间探测器, 水手7号,
 空间探测器, 水手8号,
 空间探测器, 水手9号,
 空间探测器, 水手号计划,
 空间探测器, 海王星探测,
 空间探测器, 深空一号,
 空间探测器, 火星微量气体任务卫星,
 空间探测器, 福布斯－土壤,
 空间探测器, 空间探测器,
 空间探测器, 罗塞塔号,
 空间探测器, 航海家计划,
 空间探测器, 菲莱登陆器,
 空间探测器, 起源号,
 空间探测器, 隼鸟号,
 军用机器人, 30毫米DS30M Mk 2小口径机炮,
 军用机器人, 利剑无人作战飞机,
 军用机器人, 哥利亚遥控炸弹,
 军用机器人, 守门员近迫武器系统,
 军用机器人, 拆弹机械人,
 军用机器人, 方阵近迫武器系统,
 军用机器人, 木牛流马,
 军用机器人, 机械骡,
 军用机器人, 波士顿机械狗,
 军用机器人, 神经元无人作战飞机,
 军用机器人, 能量自律战术机器,
 军用机器人, 雷神无人机,
 军用机器人, 鳐鱼无人机,
 军用机器人, 龙行者,
 Prolog, Prolog,
 Prolog, Visual Prolog,
 时间旅行, TARDIS,
 时间旅行, Template,
 时间旅行, 封闭类时曲线,
 时间旅行, 快子,
 时间旅行, 时序保护猜想,
 时间旅行, 时间倒流,
 时间旅行, 时间悖论,
 时间旅行, 时间旅行,
 时间旅行, 时光机 (哆啦A梦),
 时间旅行, 时空旅人,
 时间旅行, 祖父悖论,
 时间旅行, 约翰·提托,
 时间旅行, 虫洞,
 时间旅行, 诺维科夫自洽性原则,
 时间旅行, 迪罗伦时光机,
 目的论, 大撕裂,
 目的论, 定向演化,
 目的论, 目的论,
 目的论, 目的论论证,
 随机性, M-sequence,
 随机性, 五人法则,
 随机性, 伪随机序列,
 随机性, 彩票摇奖机,
 随机性, 拉斯维加斯算法,
 随机性, 掷硬币,
 随机性, 水塘抽样,
 随机性, 无限猴子定理,
 随机性, 百万乱数表,
 随机性, 算法信息论,
 随机性, 随机函数,
 随机性, 随机变量,
 随机性, 随机场,
 随机性, 随机性,
 随机性, 随机数,
 随机性, 随机数列,
 随机性, 随机森林,
 小组过程, Template,
 小组过程, 交互记忆,
 小组过程, 内团体与外团体,
 小组过程, 八卦新闻,
 小组过程, 兽群,
 小组过程, 同侪压力,
 小组过程, 团体迷思,
 小组过程, 拒绝社交,
 小组过程, 社会性动物,
 小组过程, 群体动力学,
 小组过程, 自我审查,
 小组过程, 集体歇斯底里,
 小组过程, 食物大战,
 因果律, 其他条件不变,
 因果律, 只因少了一颗钉,
 因果律, 多米诺骨牌效应,
 因果律, 格兰杰因果关系,
 因果律, 解释,
 归纳推理, 归纳推理,
 软件度量, DSQI,
 软件度量, 代码覆盖率,
 软件度量, 内聚性 (计算器科学),
 软件度量, 同步复杂度,
 软件度量, 循环复杂度,
 软件度量, 本质复杂度,
 软件度量, 涟漪效应,
 软件度量, 耦合性 (计算器科学),
 软件度量, 软件度量,
 软件度量, 软件熵,
 软件度量, 霍尔斯特德复杂度量测,
 静态程序分析, 数据流分析,
 静态程序分析, 污点检验,
 系统功能语言学, 语调,
 数学优化, Rosenbrock函数,
 数学优化, 反应曲面法,
 数学优化, 多学科设计优化,
 数学优化, 差异进化算法,
 数学优化, 布谷鸟搜索算法,
 数学优化, 庞特里亚金最大化原理,
 数学优化, 格里旺克函数,
 数学优化, 离散优化,
 数学优化, 约束 (数学),
 数学优化, 置信域方法,
 数学优化, 莱文贝格－马夸特方法,
 数学优化, 萤火虫算法,
 数学优化, 蝙蝠算法,
 数学优化, 贝尔曼方程,
 数学优化, 非线性规划,
 回归分析, ARIMA模型,
 回归分析, ARMA模型,
 回归分析, Lasso算法,
 回归分析, RATS,
 回归分析, 倾向评分匹配,
 回归分析, 偏最小二乘回归,
 回归分析, 决定系数,
 回归分析, 分位数回归,
 回归分析, 分层广义线性模型,
 回归分析, 可解释变异,
 回归分析, 向量自回归模型,
 回归分析, 多重共线性,
 回归分析, 工具变量,
 回归分析, 广义线性模型,
 回归分析, 径向基函数网络,
 回归分析, 曲线拟合,
 回归分析, 最小二乘法,
 回归分析, 泊松回归,
 回归分析, 泰尔－森估算,
 回归分析, 移动平均模型,
 回归分析, 线性回归,
 回归分析, 线性预测,
 回归分析, 自变量和因变量,
 回归分析, 自回归模型,
 回归分析, 设计矩阵,
 回归分析, 赤池信息量准则,
 回归分析, 回归分析,
 回归分析, 过适,
 回归分析, 逻辑回归,
 回归分析, 零膨胀,
 变异数分析, F检验,
 变异数分析, 合并方差,
 理论计算机科学, DNA运算,
 理论计算机科学, NL完全,
 理论计算机科学, 三个世界理论 (信息学),
 理论计算机科学, 伪多项式时间,
 理论计算机科学, 伪随机性,
 理论计算机科学, 分布式计算,
 理论计算机科学, 密码学,
 理论计算机科学, 工作量证明,
 理论计算机科学, 并行计算,
 理论计算机科学, 形式化方法,
 理论计算机科学, 拜占庭将军问题,
 理论计算机科学, 持有量证明,
 理论计算机科学, 数据结构,
 理论计算机科学, 未解决的计算器科学问题,
 理论计算机科学, 理论计算器科学,
 理论计算机科学, 算法,
 理论计算机科学, 精确覆盖问题,
 理论计算机科学, 编码理论,
 理论计算机科学, 自动推理,
 理论计算机科学, 自动机理论,
 理论计算机科学, 自旋电子学,
 理论计算机科学, 计算复杂性理论,
 理论计算机科学, 计算几何,
 理论计算机科学, 递归定义,
 理论计算机科学, 量子计算,
 信息系统, AMeDAS,
 信息系统, DataPower,
 信息系统, Xcon,
 信息系统, 专家系统,
 信息系统, 事务处理系统,
 信息系统, 企业架构,
 信息系统, 信息烟囱,
 信息系统, 信息系统,
 信息系统, 制造执行系统,
 信息系统, 医院信息系统,
 信息系统, 实验室信息管理系统,
 信息系统, 实验室信息系统,
 信息系统, 室内导航,
 信息系统, 智能型运输系统,
 信息系统, 业务自动化,
 信息系统, 知识管理,
 信息系统, 结构化系统分析及设计方法,
 信息系统, 信息系统建置,
 信息系统, 道路交通信息通信系统,
 信息系统, 销售时点情报系统,
 信息系统, 计算机辅助沟通,
 数学模型, AMPL,
 数学模型, Simulink,
 数学模型, Stateflow,
 数学模型, 代理模型,
 数学模型, 复杂系统,
 数学模型, 布莱克-舒尔兹模型,
 数学模型, 指数增长,
 数学模型, 数学模型,
 数学模型, 白箱模型,
 数学模型, 相场模型,
 科学建模, 世界观,
 科学建模, 个体为本模型,
 科学建模, 代理模型,
 科学建模, 信息可视化,
 科学建模, 再现,
 科学建模, 几何模型,
 科学建模, 可视化 (计算机图形学),
 科学建模, 商业棋,
 科学建模, 心智模型,
 科学建模, 敏感度分析,
 科学建模, 数学模型,
 科学建模, 数据建模,
 科学建模, 模型,
 科学建模, 灰箱模型,
 科学建模, 特征整合论,
 科学建模, 知识表示,
 科学建模, 离散事件仿真,
 科学建模, 科学可视化,
 科学建模, 蓝脑计划,
 科学建模, 计算机模拟,
 科学建模, 键结图,
 集合论系统, 公理化集合论,
 集合论系统, 冯诺伊曼-博内斯-哥德尔集合论,
 集合论系统, 半集合,
 集合论系统, 可替代的集合论,
 集合论系统, 描述集合论,
 集合论系统, 新基础集合论,
 集合论系统, 朴素集合论,
 集合论系统, 模糊集,
 集合论系统, 正集合论,
 集合论系统, 策梅洛-弗兰克尔集合论,
 集合论系统, 策梅洛集合论,
 集合论系统, 粗集合,
 中国机器人学, 中国机器人学,
 各国机器人, 各国机器人,
 各国机器人学家, 各国机器人学家,
 日本机器人学, 日本机器人学,
 美国机器人学, 美国机器人学,
 3D打印, 3D 生物打印,
 3D打印, 3D打印,
 3D打印, Artec 3D,
 3D打印, RepRap,
 3D打印, STL (文件格式),
 3D打印, Treatstock,
 3D打印, 光造形术,
 3D打印, 快速成型,
 3D打印, 熔融沉积成型,
 工业机器人, ABB,
 工业机器人, SCARA,
 工业机器人, 协作式机器人,
 工业机器人, 发那科,
 工业机器人, 安川电机,
 工业机器人, 工业机器人,
 工业机器人, 库卡,
 工业机器人, 新松机器人自动化公司,
 工业机器人, 电装,
 智能设备, 智能显示器,
 智能设备, 瘦客户端,
 动物型机器人, AIBO,
 动物型机器人, 动物型机器人,
 工业机器人, ABB,
 工业机器人, SCARA,
 工业机器人, 协作式机器人,
 工业机器人, 发那科,
 工业机器人, 安川电机,
 工业机器人, 工业机器人,
 工业机器人, 库卡,
 工业机器人, 新松机器人自动化公司,
 工业机器人, 电装,
 无人载具, BeetleCam,
 无人载具, 反舰弹道导弹,
 无人载具, 土卫六－土星系统任务,
 无人载具, 木卫二－木星系统任务,
 无人载具, 自主机器人,
 无人载具, 自动驾驶,
 无人载具, 遥控模型,
 机器人题材作品, BASQUASH!,
 机器人题材作品, G-Saviour,
 机器人题材作品, Muv-Luv Alternative,
 机器人题材作品, Muv-Luv,
 机器人题材作品, Schwarzesmarken,
 机器人题材作品, UFO战士阿波罗,
 机器人题材作品, 人造人间电脑奇侠,
 机器人题材作品, 光速电神,
 机器人题材作品, 太空堡垒卡拉狄加,
 机器人题材作品, 太空突击队,
 机器人题材作品, 宇宙铁人天地双龙,
 机器人题材作品, 从太阳出击,
 机器人题材作品, 怪物王女,
 机器人题材作品, 我，机器人,
 机器人题材作品, 捉兔记,
 机器人题材作品, 推理 (短篇小说),
 机器人题材作品, 攻壳机动队,
 机器人题材作品, 新世纪国军战士,
 机器人题材作品, 无敌巴拉达,
 机器人题材作品, 无敌超人赞波3,
 机器人题材作品, 无敌钢人泰坦3,
 机器人题材作品, 星际争霸战,
 机器人题材作品, 最强机器 大王者,
 机器人题材作品, 机器人瓦力 (原声碟),
 机器人题材作品, 机器人奇诺丘,
 机器人题材作品, 机器人系列,
 机器人题材作品, 爆丸小子,
 机器人题材作品, 环舞 (短篇小说),
 机器人题材作品, 甜蜜的接触,
 机器人题材作品, 电脑奇侠,
 机器人题材作品, 电脑奇侠REBOOT,
 机器人题材作品, 百变龙,
 机器人题材作品, 红色巴隆,
 机器人题材作品, 英雄时代 (动画),
 机器人题材作品, 苹果核战,
 机器人题材作品, 詹伯a,
 机器人题材作品, 超智能足球,
 机器人题材作品, 钢铁吉克,
 机器人题材作品, 铁甲机,
 机器人题材作品, 银河系漫游指南系列,
 机器人题材作品, 飞龙特攻队,
 机器人题材作品, 魔神班达,
 机器人题材作品, 魔神英雄传系列,
 球形机器人, Sphero,
 球形机器人, 球形机器人,
 社交机器人, Kismet,
 社交机器人, QRIO,
 社交机器人, 协作式机器人,
 社交机器人, 社交机器人,
 社交机器人, 索菲亚 (机器人),
 自动驾驶汽车, Ligier EZ10,
 自动驾驶汽车, Mobileye,
 自动驾驶汽车, TomTom,
 自动驾驶汽车, Waymo,
 自动驾驶汽车, 自动驾驶汽车,
 医疗机器人, HAL (动力服),
 医疗机器人, 医疗用机器人,
 类人型机器人, ASIMO,
 类人型机器人, 类人型机器人,
 机器人感应, 光学雷达,
 机器人学公司, ABB,
 机器人学公司, InTouch Health,
 机器人学公司, IRobot,
 机器人学公司, 发那科,
 机器人学公司, 库卡,
 机器人学公司, 恩纳基科技,
 机器人学公司, 波士顿动力公司,
 机器人学公司, 精工爱普生,
 决策树, C4.5算法,
 决策树, ID3算法,
 决策树, 决策树,
 决策树, 决策树学习,
 决策树, 随机森林,
 遗传算法, 交叉 (遗传算法),
 遗传算法, 定义长度,
 遗传算法, 染色体 (遗传算法),
 遗传算法, 突变 (遗传算法),
 遗传算法, 遗传算法,
 遗传算法, 遗传编程,
 遗传算法, 遗传操作数,
 遗传算法, 黄鼠狼程序,
 遗传算法, 交叉 (遗传算法),
 遗传算法, 定义长度,
 遗传算法, 染色体 (遗传算法),
 遗传算法, 突变 (遗传算法),
 遗传算法, 遗传算法,
 遗传算法, 遗传编程,
 遗传算法, 遗传操作数,
 遗传算法, 黄鼠狼程序,
 卡牌对战电子游戏, Emperors SaGa,
 卡牌对战电子游戏, 全民魔兽,
 卡牌对战电子游戏, 刀剑乱舞,
 卡牌对战电子游戏, 卡牌对决,
 卡牌对战电子游戏, 卧龙传说-三国名将传,
 卡牌对战电子游戏, 去吧皮卡丘,
 卡牌对战电子游戏, 合金装备Ac!d2,
 卡牌对战电子游戏, 坦克世界：将军,
 卡牌对战电子游戏, 小冰冰传奇,
 卡牌对战电子游戏, 巫师之昆特牌,
 卡牌对战电子游戏, 恋与制作人,
 卡牌对战电子游戏, 潜龙谍影Ac!d,
 卡牌对战电子游戏, 激斗棒球魂,
 卡牌对战电子游戏, 火焰之纹章 英雄,
 卡牌对战电子游戏, 炉石传说,
 卡牌对战电子游戏, 碧蓝幻想,
 卡牌对战电子游戏, 舰娘收藏,
 卡牌对战电子游戏, 闇影诗章,
 卡牌对战电子游戏, 阴阳师 (游戏),
 卡牌对战电子游戏, 陆行鸟与魔法绘本,
 卡牌对战电子游戏, 霸天开拓史 永恒之翼与失落之海,
 卡牌对战电子游戏, 魔法门之冠军对决,
 卡牌对战电子游戏, 魔法风云会Online,
 电子卡牌游戏小作品, Template,
 电子卡牌游戏小作品, 全民魔兽,
 电子卡牌游戏小作品, 卧龙传说-三国名将传,
 电子卡牌游戏小作品, 卷轴 (游戏),
 电子卡牌游戏小作品, 合金装备Ac!d2,
 电子卡牌游戏小作品, 潜龙谍影Ac!d,
 电子卡牌游戏小作品, 激斗棒球魂,
 电子卡牌游戏小作品, 浏览器一骑当千 爆乳争霸传,
 电子卡牌游戏小作品, 舰娘收藏,
 数据挖掘和机器学习软件, Giraph,
 数据挖掘和机器学习软件, SPSS Modeler,
 数据挖掘和机器学习软件, TensorFlow,
 数据挖掘和机器学习软件, Wolfram Mathematica,
 聚类分析, K-平均算法,
 聚类分析, 信息瓶颈,
 聚类分析, 模糊聚类,
 聚类分析, 聚类分析,
 聚类分析, 高斯混合模型,
 本体编辑器, Protégé,
 本体编辑器, 本体编辑器,
 本体语言, 本体语言,
 本体语言, 本体语言,
 资源描述框架, SPARQL,
 资源描述框架, 资源描述框架,
 本体编辑器, Protégé,
 本体编辑器, 本体编辑器,
 专家系统, Jess程序设计语言,
 专家系统, Xcon,
 专家系统, 专家系统,
 受控词表, ICD-10 第一章：某些传染病和寄生虫病,
 受控词表, ICD-10 第七章：眼和附器疾病,
 受控词表, ICD-10 第三章：血液及造血器官疾病和某些涉及免疫机制的疾患,
 受控词表, ICD-10 第九章：循环系统疾病,
 受控词表, ICD-10 第二十一章：影响健康状态和与保健机构接触的因素,
 受控词表, ICD-10 第二十章：疾病和死亡的外因,
 受控词表, ICD-10 第五章：精神和行为障碍,
 受控词表, ICD-10 第八章：耳和乳突疾病,
 受控词表, ICD-10 第六章：神经系统疾病,
 受控词表, ICD-10 第十一章：消化系统疾病,
 受控词表, ICD-10 第十七章：先天畸形、变形和染色体异常,
 受控词表, ICD-10 第十三章：肌肉骨骼系统和结缔组织疾病,
 受控词表, ICD-10 第十九章：损伤、中毒和外因的某些其他后果,
 受控词表, ICD-10 第十二章：皮肤和皮下组织疾病,
 受控词表, ICD-10 第十五章：妊娠、分娩和产褥期,
 受控词表, ICD-10 第十八章：症状、体征和临床与实验室异常所见,
 受控词表, ICD-10 第十六章：起源于围产期的某些情况,
 受控词表, ICD-10 第十四章：泌尿生殖系统疾病,
 受控词表, ICD-10 第十章：呼吸系统疾病,
 受控词表, ICD-10 第四章：内分泌、营养和代谢疾病,
 受控词表, ICD-10,
 受控词表, ICD-9编码列表,
 受控词表, SNOMED CT,
 受控词表, 一体化医学语言系统,
 受控词表, 医学主题词,
 受控词表, 国际疾病与相关健康问题统计分类,
 受控词表, 自由软件目录,
 受控词表, 艺术家联合名录,
 受控词表, 观测指针标识符逻辑命名与编码系统,
 语义wiki, Translatewiki.net,
 语义wiki, 自由软件目录,
 资源描述框架, SPARQL,
 资源描述框架, 资源描述框架,
 因果律, 其他条件不变,
 因果律, 只因少了一颗钉,
 因果律, 多米诺骨牌效应,
 因果律, 格兰杰因果关系,
 因果律, 解释,
 整体论, 全球脑,
 整体论, 协同效应,
 整体论, 乌伊拉德·冯·奥曼·蒯因,
 整体论, 超个体,
 Prolog, Prolog,
 Prolog, Visual Prolog,
 人脸识别, 特征脸,
 光学字符识别, ABBYY,
 光学字符识别, 人类可读介质,
 自动驾驶汽车, Ligier EZ10,
 自动驾驶汽车, Mobileye,
 自动驾驶汽车, TomTom,
 自动驾驶汽车, Waymo,
 自动驾驶汽车, 自动驾驶汽车,
 土地规划, 商圈,
 土地规划, 土地法 (中华民国),
 土地规划, 坟场,
 土地规划, 工业区,
 土地规划, 工业园区,
 土地规划, 市区更新,
 土地规划, 校园,
 土地规划, 机场,
 土地规划, 高雄港区土地开发公司,
 战略, 以空间换时间,
 战略, 停火,
 战略, 分而治之,
 战略, 制海权,
 战略, 力量投射,
 战略, 咽喉点,
 战略, 唐太宗李卫公问对,
 战略, 城镇战,
 战略, 大战略,
 战略, 封锁,
 战略, 战略,
 战略, 战略计划,
 战略, 政治化,
 战略, 新世界秩序,
 战略, 新加坡战略,
 战略, 施里芬计划,
 战略, 消耗战,
 战略, 无限制潜艇战,
 战略, 皮洛士式胜利,
 战略, 第一岛链,
 战略, 第十七号计划,
 战略, 经济战,
 战略, 蓝色方案,
 战略, 衡山之谋,
 战略, 跳岛战术,
 战略, 长远目标、使命和信念,
 系统思维, 水平思考,
 系统思维, 系统思维,
 系统思维, 贝拉·巴纳锡,
 系统思维, 软件质量,
 航天计划, 土卫六－土星系统任务,
 航天计划, 曙光女神计划,
 航天计划, 法国国家太空研究中心,
 航天计划, 维京号,
 航天计划, 近地轨道防护盾计划,
 半导体分析, 原子力显微镜,
 半导体分析, 故障分析,
 归纳推理, 归纳推理,
 悬疑, 悬疑音乐,
 悬疑, 谜团,
 悬疑, 黑血 (漫画),
 推理, 充足理由律,
 推理, 数字推理,
 推理, 理性,
 推理, 理性主体,
 推理, 自动推理,
 程序分析, 别名 (计算),
 程序分析, 定义可达性,
 程序分析, 控制流分析,
 程序分析, 程序分析,
 程序分析, 符号执行,
 程序分析, 软件度量,
 程序分析, 静态程序分析,
 篇章分析, 探讨,
 篇章分析, 篇章分析,
 篇章分析, 话语和社会,
 篇章分析, 语境,
 篇章分析, 话语语言学,
 系统分析, OODA循环,
 系统分析, 系统整合,
 系统分析, 系统关系图,
 系统分析, 电源完整性,
 计算机网络分析, NetFlow,
 计算机网络分析, Ns (模拟器),
 计算机网络分析, Qualnet,
 计算机网络分析, SFlow,
 计算机网络分析, 带宽时延乘积,
 计算机网络分析, 网站流量,
 资料分析, Minitab,
 资料分析, 主成分分析,
 资料分析, 平滑,
 资料分析, 德国坦克问题,
 资料分析, 数据分析,
 资料分析, 聚类分析,
 资料分析, 复回归分析,
 资料分析, 邻里成分分析,
 形式科学, 人工智能,
 形式科学, 信息论,
 形式科学, 图像分析,
 形式科学, 形式化方法,
 形式科学, 形式科学,
 形式科学, 理论计算器科学,
 形式科学, 生物信息学,
 形式科学, 精密科学,
 形式科学, 系统科学,
 抽象数据类型, 串行 (抽象数据型别),
 抽象数据类型, 关联数组,
 抽象数据类型, 堆栈,
 抽象数据类型, 多重关连数组,
 抽象数据类型, 容器 (抽象数据类型),
 抽象数据类型, 抽象数据型别,
 抽象数据类型, 生成器 (计算机编程),
 抽象数据类型, 迭代器,
 抽象数据类型, 队列,
 抽象数据类型, 集合 (计算机科学),
 概念系统, 元系统,
 概念系统, 公理系统,
 概念系统, 实验系统,
 逻辑, DPLL算法,
 逻辑, 下反对关系,
 逻辑, 互斥,
 逻辑, 伊比鸠鲁学派,
 逻辑, 传统逻辑,
 逻辑, 充分必要条件,
 逻辑, 充足理由律,
 逻辑, 先有鸡还是先有蛋,
 逻辑, 前件,
 逻辑, 原则,
 逻辑, 双重否定除去,
 逻辑, 反例,
 逻辑, 反证法,
 逻辑, 可测试性,
 逻辑, 后件,
 逻辑, 向量逻辑,
 逻辑, 否定后件,
 逻辑, 周延 (哲学概念),
 逻辑, 命题,
 逻辑, 命题逻辑,
 逻辑, 哲学逻辑,
 逻辑, 因子图,
 逻辑, 多值逻辑,
 逻辑, 孤证不立,
 逻辑, 布尔逻辑,
 逻辑, 归纳推理,
 逻辑, 形式主义,
 逻辑, 从言与从实,
 逻辑, 德摩根定律,
 逻辑, 思维规律,
 逻辑, 恶魔的证明,
 逻辑, 悖论,
 逻辑, 批判性思维,
 逻辑, 排中律,
 逻辑, 推理,
 逻辑, 推理规则,
 逻辑, 数学原理,
 逻辑, 数理逻辑,
 逻辑, 文氏图,
 逻辑, 无矛盾律,
 逻辑, 明希豪森三难困境,
 逻辑, 有效性,
 逻辑, 概率逻辑,
 逻辑, 模态逻辑,
 逻辑, 欧拉图,
 逻辑, 归谬法,
 逻辑, 波菲利之树,
 逻辑, 溯因推理,
 逻辑, 演绎推理,
 逻辑, 白马非马,
 逻辑, 直陈条件,
 逻辑, 经典逻辑,
 逻辑, 自指,
 逻辑, 辖域,
 逻辑, 逆推法,
 逻辑, 选言判断,
 逻辑, 逻辑,
 逻辑, 逻辑史,
 逻辑, 逻辑或非,
 逻辑, 逻辑推理,
 逻辑, 逻辑符号表,
 逻辑, 逻辑论证,
 逻辑, 道义逻辑,
 逻辑, 逻辑语义学,
 逻辑, 非古典逻辑,
 逻辑, 非形式逻辑,
 Prolog, Prolog,
 Prolog, Visual Prolog,
 美国人工智能协会会士, 周志华 (计算机科学家),
 美国人工智能协会会士, 杨强,
 美国人工智能协会会士, 杰弗里·辛顿,
 美国人工智能协会会士, 迈克尔·乔丹 (学者),
 美国人工智能协会会士, 达芙妮·科勒,
 美国人工智能协会会士, 邢波,
 美国人工智能协会会士, 马文·闵斯基,
 人脸识别, 人脸识别,
 人脸识别, 特征脸,
 代理人为基础之软件, Gatebox,
 代理人为基础之软件, 代理人为基础之软件,
 代理人为基础之软件, 虚拟助理,
 光学字符识别, ABBYY,
 光学字符识别, 人类可读介质,
 光学字符识别, 光学字符识别,
 聊天机器人, Tay,
 聊天机器人, 小冰,
 聊天机器人, 尤金·古斯特曼,
 聊天机器人, 聊天机器人,
 聊天机器人, 聊天机器人,
 聊天机器人, 虚拟助理,
 自然语言处理, Deeplearning4j,
 自然语言处理, MARF,
 自然语言处理, N元语法,
 自然语言处理, OpenNLP,
 自然语言处理, Powerset,
 自然语言处理, RSVP Technologies Inc.,
 自然语言处理, Tatoeba,
 自然语言处理, Word2vec,
 自然语言处理, 中文自动分词,
 自然语言处理, 主题模型,
 自然语言处理, 关键语,
 自然语言处理, 双字母组,
 自然语言处理, 对联机,
 自然语言处理, 扩展查询,
 自然语言处理, 文字蕴涵,
 自然语言处理, 文本情感分析,
 自然语言处理, 文档分类,
 自然语言处理, 机器翻译(子分类),
 自然语言处理, 机器记者,
 自然语言处理, 汉语自动句法分析,
 自然语言处理, 篇章分析,
 自然语言处理, 约限语言,
 自然语言处理, 自然语言处理,
 自然语言处理, 自然语言,
 自然语言处理, 自然语言处理,
 自然语言处理, 自然语言处理软件(子分类),
 自然语言处理, 自然语言理解,
 自然语言处理, 词汇标示框架,
 自然语言处理, 词义消歧(子分类),
 自然语言处理, 词义消歧,
 自然语言处理, 词嵌入,
 自然语言处理, 词干提取,
 自然语言处理, 词袋模型,
 自然语言处理, 语料库,
 自然语言处理, 语音识别(子分类),
 自然语言处理, 阳光失了玻璃窗,
 自然语言处理, 隐含狄利克雷分布,
 自然语言处理, 零回指,
 自然语言处理软件, Linguee,
 自然语言处理软件, MemoQ,
 自然语言处理软件, 自然语言处理软件,
 语音合成, CeVIO Creative Studio,
 语音合成, Sinsy,
 语音合成, Template,
 语音合成, UTAU(子分类),
 语音合成, VOCALINA,
 语音合成, VocaListener,
 语音合成, Vocaloid(子分类),
 语音合成, VOCALOID,
 语音合成, Voiceroid,
 语音合成, 沃尔夫冈·冯·肯佩伦的说话机器,
 语音合成, 袅袅虚拟歌手,
 语音合成, 语音可扩展标记语言,
 语音合成, 语音合成,
 语音合成, 语音合成标记语言,
 语音合成, 语音产生装置,
 语音合成, 语音合成,
 语音技术, Internet Speech Audio Codec,
 语音技术, 语音合成(子分类),
 语音技术, 语音技术,
 语音技术, 语音处理(子分类),
 计算语言学, 标记语言(子分类),
 计算语言学, 置标语言(子分类),
 计算语言学, 自然语言处理(子分类),
 计算语言学, 词义消歧(子分类),
 计算语言学, 语言模型(子分类),
 计算语言学, 语音合成(子分类),
 计算语言学, 计算语言学,
 计算语言学, 语音算法(子分类),
 计算语言学, 语音识别(子分类),
 社交机器人, Kismet,
 社交机器人, QRIO,
 社交机器人, 协作式机器人,
 社交机器人, 社交机器人,
 社交机器人, 社交机器人,
 社交机器人, 索菲亚 (机器人),
 散列, 哈希树,
 散列, 完美散列,
 散列, 散列,
 散列, 散列函数(子分类),
 散列, 碰撞 (计算机科学),
 散列, 线性探测,
 散列, 线性散列,
 散列, 随机预言机,
 本体编辑器, Protégé,
 本体编辑器, 本体编辑器,
 本体语言, 本体语言,
 BEAM机器人学, BEAM,
 BEAM机器人学, BEAM机器人学,
 人型机器人学, 人型机器人学,
 多机器人系统, 多机器人系统,
 多机器人系统, 集体智慧,
 智慧家庭, 智慧家庭,
 机器人, Kirobo,
 机器人, Kismet,
 机器人, MAKOplasty,
 机器人, NAO (机器人),
 机器人, Robotis Bioloid,
 机器人, UrRobot,
 机器人, 云机器人,
 机器人, 亚太广播联盟机械人大赛,
 机器人, 全港大专生机械人大赛,
 机器人, 加拿大臂,
 机器人, 台北国际机器人展,
 机器人, 国际奥林匹克机器人大赛,
 机器人, 拆弹机械人,
 机器人, 机器人,
 机器人, 机甲,
 机器人, 机器人吸尘器,
 机器人, 机械手臂,
 机器人, 无人水下载具,
 机器人, 移动维修系统,
 机器人, 联合相容分枝定界,
 机器人, 自主机器人,
 机器人, 自动导引车,
 机器人, 华硕Zenbo,
 机器人, 类人型机器人,
 机器人学主题, Portal,
 机器人学模板, Template,
 机器人控制, 不完全驱动,
 机器人控制, 粒子滤波器,
 机器人控制, 障碍避免,
 机器人软件, 可变汇编语言,
 机器人学组织, FIRST,
 机器人学组织, MIT计算器科学与人工智能实验室,
 赛博格, 内尔·哈维森,
 赛博格, 格里弗斯将军,
 赛博格, 赛博人,
 赛博格, 赛博格,
 赛博格, 达斯·维达,
 人工神经网络, Deeplearning4j,
 人工神经网络, Softmax函数,
 人工神经网络, Word2vec,
 人工神经网络, 前馈控制,
 人工神经网络, 卷积神经网络,
 人工神经网络, 反向传播算法,
 人工神经网络, 受限玻尔兹曼机,
 人工神经网络, 学习向量量化,
 人工神经网络, 径向基函数,
 人工神经网络, 梯度消失问题,
 人工神经网络, 深度学习,
 人工神经网络, 激活函数,
 人工神经网络, 玻尔兹曼机,
 人工神经网络, 线性整流函数,
 人工神经网络, 自组织映射,
 人工神经网络, 词嵌入,
 人工神经网络, 递归神经网络,
 人工神经网络, 长短期记忆,
 人工神经网络, 随机神经网络,
 分类算法, AdaBoost,
 分类算法, C4.5算法,
 分类算法, 二次分类器,
 分类算法, 决策树学习,
 分类算法, 多元分类,
 分类算法, 径向基函数网络,
 分类算法, 支持向量机,
 分类算法, 最近邻居法,
 分类算法, 朴素贝叶斯分类器,
 分类算法, 概率潜在语义分析,
 分类算法, 线性判别分析,
 分类算法, 线性分类器,
 分类算法, 随机森林,
 数据挖掘和机器学习软件, Giraph,
 数据挖掘和机器学习软件, SPSS Modeler,
 数据挖掘和机器学习软件, TensorFlow,
 数据挖掘和机器学习软件, Wolfram Mathematica,
 机器学习研究者, 伊恩·古德费洛,
 机器学习研究者, 李飞飞,
 机器学习研究者, 约书亚·本希奥,
 机器学习研究者, 迈克尔·乔丹 (学者),
 机器学习研究者, 邢波,
 机器学习算法, 反向传播算法,
 机器学习算法, 强化学习,
 机器学习算法, 径向基函数网络,
 机器学习算法, 最大期望算法,
 机器学习算法, 最小冗余特征选择,
 机器学习算法, 最近邻居法,
 机器学习算法, 模式识别,
 神经网络, Google神经机器翻译系统,
 神经网络, Hopfield神经网络,
 神经网络, 人工神经网络,
 神经网络, 径向基函数网络,
 神经网络, 极限学习机,
 神经网络, 生成对抗网络,
 神经网络, 神经可塑性,
 聚类分析, K-平均算法,
 聚类分析, 信息瓶颈,
 聚类分析, 模糊聚类,
 聚类分析, 聚类分析,
 聚类分析, 高斯混合模型,
 进化算法, 差异进化算法,
 进化算法, 布谷鸟搜索算法,
 进化算法, 蝙蝠算法,
 进化算法, 遗传编程,
 马尔可夫模型, 佩奇排名,
 马尔可夫模型, 熵率,
 马尔可夫模型, 算法作曲,
 马尔可夫模型, 维特比算法,
 马尔可夫模型, 语言模型,
 马尔可夫模型, 转移矩阵,
 马尔可夫模型, 量子马尔可夫链,
 马尔可夫模型, 马尔可夫性质,
 电子卡牌游戏, 三国杀Online,
 电子卡牌游戏, 卷轴 (游戏),
 电子卡牌游戏, 太阳神三国杀,
 电子卡牌游戏, 植物大战僵尸Online,
 电子卡牌游戏, 植物大战僵尸：全明星,
 电子卡牌游戏, 植物大战僵尸：英雄,
 电子卡牌游戏, 浏览器一骑当千 爆乳争霸传,
 电子卡牌游戏, 纸牌 (电子游戏),
 电子卡牌游戏, 英雄杀,
 Prolog, Prolog,
 Prolog, Visual Prolog,
 分类系统, JEL分类系统,
 分类系统, User,
 分类系统, User talk,
 分类系统, Wikipedia,
 分类系统, 七略,
 分类系统, 中华人民共和国学科分类,
 分类系统, 中华人民共和国学科分类与代码国家标准,
 分类系统, 中华民国行业标准分类,
 分类系统, 佛科留斯系统,
 分类系统, 冒号分类法,
 分类系统, 分类学,
 分类系统, 列表索引,
 分类系统, 卡片分类法,
 分类系统, 历史上的今天,
 分类系统, 哈伯序列,
 分类系统, 国家社会科学基金项目的分类法,
 分类系统, 国际专利分类,
 分类系统, 国际文献联合会分类体系,
 分类系统, 国际贸易标准分类,
 分类系统, 夏普力-索耶集中度分类法,
 分类系统, 属性,
 分类系统, 布立斯分类法,
 分类系统, 数学学科分类标准,
 分类系统, 日本十进分类法,
 分类系统, 机车轴式,
 分类系统, 杜威十进制图书分类法,
 分类系统, 气候分类,
 分类系统, 波特尔暗空分类法,
 分类系统, 生物分类法,
 分类系统, 真菌分类系统,
 分类系统, 总类,
 分类系统, 联合国教科文科学技术统计工作手册的分类法,
 分类系统, 联合国教科文组织分类法,
 分类系统, 萨达斯基太阳系外行星分类法,
 分类系统, 语言的类型分类,
 分类系统, 语言系属分类,
 分类系统, 阿尔奈-汤普森分类法,
 分类系统, 电影分级制度,
 分类系统, 电视分级制度,
 分类系统, 霍恩博斯特尔-萨克斯分类法,
 分类系统, 鲍茨-摩根分类,
 多重代理人系统, Gatebox,
 多重代理人系统, 多重代理人系统,
 多重代理人系统, 虚拟助理,
 战略, 以空间换时间,
 战略, 停火,
 战略, 分而治之,
 战略, 制海权,
 战略, 力量投射,
 战略, 咽喉点,
 战略, 唐太宗李卫公问对,
 战略, 城镇战,
 战略, 大战略,
 战略, 封锁,
 战略, 战略,
 战略, 战略计划,
 战略, 政治化,
 战略, 新世界秩序,
 战略, 新加坡战略,
 战略, 施里芬计划,
 战略, 消耗战,
 战略, 无限制潜艇战,
 战略, 皮洛士式胜利,
 战略, 第一岛链,
 战略, 第十七号计划,
 战略, 经济战,
 战略, 蓝色方案,
 战略, 衡山之谋,
 战略, 跳岛战术,
 战略, 长远目标、使命和信念,
 数据挖掘, DBSCAN,
 数据挖掘, ETL,
 数据挖掘, ROC曲线,
 数据挖掘, UIMA,
 数据挖掘, 先验算法,
 数据挖掘, 关联规则学习,
 数据挖掘, 分子挖掘,
 数据挖掘, 加权相关网络分析,
 数据挖掘, 商业智能,
 数据挖掘, 大数据,
 数据挖掘, 异常检测,
 数据挖掘, 拓扑数据分析,
 数据挖掘, 数据可视化,
 数据挖掘, 数据挖掘,
 数据挖掘, 文本挖掘,
 数据挖掘, 文档分类,
 数据挖掘, 正规概念分析法,
 数据挖掘, 在线分析处理,
 数据挖掘, 聚类分析,
 数据挖掘, 自动标引,
 数据挖掘, 资料仓储,
 数据挖掘, 过适,
 数据挖掘, 预测分析,
 本体 (计算机科学), BabelNet,
 本体 (计算机科学), Protégé,
 本体 (计算机科学), Swoogle,
 本体 (计算机科学), 受控词表(子分类),
 本体 (计算机科学), 受控词表,
 本体 (计算机科学), 基因本体,
 本体 (计算机科学), 本体 (信息科学),
 本体 (计算机科学), 本体工程,
 本体 (计算机科学), 本体 (计算机科学),
 本体 (计算机科学), 正规概念分析法,
 本体 (计算机科学), 知识交换格式,
 本体 (计算机科学), 网络本体语言,
 本体 (计算机科学), 解剖学基础模型,
 知识表示语言, 知识交换格式,
 索引典, AGROVOC,
 索引典, 主题术语的面向运用,
 索引典, 医学主题词,
 索引典, 索引典,
 索引典, 艺术家联合名录,
 规则引擎, Jess程序设计语言,
 语义网, DBpedia,
 语义网, Freebase,
 语义网, Google Squared,
 语义网, OWL-S,
 语义网, RDFa,
 语义网, SPARQL,
 语义网, Swoogle,
 语义网, Template,
 语义网, Wolfram Alpha,
 语义网, 信息框,
 语义网, 分众分类法,
 语义网, 受控词表,
 语义网, 巨大全球图,
 语义网, 本体 (信息科学),
 语义网, 本体工程,
 语义网, 本体构成要素,
 语义网, 卷标 (元数据),
 语义网, 潜在语义索引,
 语义网, 简单知识组织系统,
 语义网, 统一资源标志符,
 语义网, 网络本体语言,
 语义网, 规则交换格式,
 语义网, 语义检索,
 语义网, 语义网,
 语义网, 语义网堆栈,
 部分论, 分体本质论,
 部分论, 分体虚无主义,
 人工神经网络, Deeplearning4j,
 人工神经网络, Softmax函数,
 人工神经网络, Word2vec,
 人工神经网络, 前馈控制,
 人工神经网络, 卷积神经网络,
 人工神经网络, 反向传播算法,
 人工神经网络, 受限玻尔兹曼机,
 人工神经网络, 学习向量量化,
 人工神经网络, 径向基函数,
 人工神经网络, 梯度消失问题,
 人工神经网络, 深度学习,
 人工神经网络, 激活函数,
 人工神经网络, 玻尔兹曼机,
 人工神经网络, 线性整流函数,
 人工神经网络, 自组织映射,
 人工神经网络, 词嵌入,
 人工神经网络, 递归神经网络,
 人工神经网络, 长短期记忆,
 人工神经网络, 随机神经网络,
 专家系统, Jess程序设计语言,
 专家系统, Xcon,
 专家系统, 专家系统,
 摄影测量学, 像片重叠,
 摄影测量学, 共线方程,
 摄影测量学, 内、外方位元素,
 摄影测量学, 摄影测量法,
 摄影测量学, 相对定向与绝对定向,
 摄影测量学, 空中三角测量,
 数学形态学, 开运算 (形态学),
 数学形态学, 数学形态学,
 数学形态学, 腐蚀 (形态学),
 数学形态学, 膨胀 (形态学),
 数学形态学, 闭运算 (形态学),
 特征检测 (计算机视觉), Canny算子,
 特征检测 (计算机视觉), Template,
 特征检测 (计算机视觉), 加速稳健特征,
 特征检测 (计算机视觉), 卷积,
 特征检测 (计算机视觉), 尺度不变特征转换,
 特征检测 (计算机视觉), 特征检测,
 特征检测 (计算机视觉), 索贝尔算子,
 特征检测 (计算机视觉), 脊检测,
 特征检测 (计算机视觉), 角检测,
 特征检测 (计算机视觉), 边缘检测,
 特征检测 (计算机视觉), 霍夫变换,
 计算机视觉应用, 图像自动标注,
 计算机视觉应用, 移动测图,
 计算机视觉应用, 自动目标识别,
 计算机视觉应用, 闭路电视,
 语言模型, N元语法,
 语言模型, 困惑度,
 语言模型, 随机上下文无关文法,
 合一, 合一,
 合一, 方程求解,
 分析, 分析,
 分析, 引文分析,
 分析, 情景分析,
 分析, 系统分析,
 分析, 变异数分析测试,
 启发法, 代表性捷思法,
 启发法, 奥卡姆剃刀,
 启发法, 布谷鸟搜索算法,
 启发法, 并行退火,
 启发法, 怎样解题,
 启发法, 科学共识,
 启发法, 萨顿定律,
 启发法, 蝙蝠算法,
 启发法, 锚定效应,
 启发法, 零和思维,
 想象, 心智表征,
 想象, 性幻想,
 想象, 想象,
 想象, 白日梦,
 抽象, 复杂,
 抽象, 广义化,
 抽象, 抽象化,
 抽象, 概念,
 抽象, 白日梦,
 抽象, 知识抽象化,
 抽象, 第一原理,
 专家系统, Jess程序设计语言,
 专家系统, Xcon,
 专家系统, 专家系统,
 人工智能协会, 生命未来研究所,
 人工智能协会, 知识工程和机器学习实验室,
 人工智能史, MIT计算器科学与人工智能实验室,
 人工智能史, 一般问题解决器,
 人工智能史, 人工智能低谷,
 人工智能史, 人工智能史,
 人工智能史, 图灵测试,
 人工智能史, 爱德华·费根鲍姆,
 人工智能史, 拉吉·瑞迪,
 人工智能史, 约翰霍普金斯野兽,
 人工智能史, 约翰·霍普菲尔德,
 人工智能史, 艾伦·图灵,
 人工智能史, 信息处理语言,
 人工智能实验室, DeepMind,
 人工智能实验室, MIT计算器科学与人工智能实验室,
 人工智能实验室, 人工智能实验室,
 人工智能实验室, 知识工程和机器学习实验室,
 人工智能实验室, 信息科学研究院,
 人工智能应用, AlphaGo Zero,
 人工智能应用, AlphaZero,
 人工智能应用, AQ (围棋软件),
 人工智能应用, CGI (围棋软件),
 人工智能应用, ELF OpenGo,
 人工智能应用, Google智能助理,
 人工智能应用, Google神经机器翻译系统,
 人工智能应用, Leela Zero,
 人工智能应用, Leela,
 人工智能应用, Minigo,
 人工智能应用, PhoenixGo,
 人工智能应用, Prisma,
 人工智能应用," Quick, Draw!",
 人工智能应用, 人工生命,
 人工智能应用, 嘴型同步,
 人工智能应用, 图像自动标注,
 人工智能应用, 小冰,
 人工智能应用, 小爱同学,
 人工智能应用, 尤金·古斯特曼,
 人工智能应用, 推理,
 人工智能应用, 搜索 (计算机),
 人工智能应用, 数据挖掘,
 人工智能应用, 文本挖掘,
 人工智能应用, 机器学习,
 人工智能应用, 模式识别,
 人工智能应用, 机器记者,
 人工智能应用, 沃森 (人工智能程序),
 人工智能应用, 自主武器,
 人工智能应用, 自然语言处理,
 人工智能应用, 语音产生装置,
 人工智能应用, 认知科学,
 人工智能应用, 遗传算法,
 人工智能应用, 阿基纳多,
 人工智能研究者, 伊恩·古德费洛,
 人工智能研究者, 傅京孙,
 人工智能研究者, 杰夫·迪恩,
 人工智能研究者, 吴恩达,
 人工智能研究者, 周志华 (计算机科学家),
 人工智能研究者, 哈尔·阿伯尔森,
 人工智能研究者, 爱德华·费根鲍姆,
 人工智能研究者, 扬·勒丘恩,
 人工智能研究者, 拉吉·瑞迪,
 人工智能研究者, 朱松纯,
 人工智能研究者, 朱迪亚·珀尔,
 人工智能研究者, 李飞飞,
 人工智能研究者, 杨强,
 人工智能研究者, 杰弗里·辛顿,
 人工智能研究者, 特里·威诺格拉德,
 人工智能研究者, 约书亚·本希奥,
 人工智能研究者, 约瑟夫·维森鲍姆,
 人工智能研究者, 约翰·霍兰德,
 人工智能研究者, 约翰·霍普菲尔德,
 人工智能研究者, 罗莎琳·皮卡德,
 人工智能研究者, 艾伦·图灵,
 人工智能研究者, 蔡自兴,
 人工智能研究者, 迈克尔·乔丹 (学者),
 人工智能研究者, 达芙妮·科勒,
 人工智能研究者, 邢波,
 人工智能题材作品, 人工智能叛变,
 人工智能题材作品, 人工智能题材作品,
 人工智能题材作品, 传送门,
 人工智能题材作品, 传送门2,
 人工智能题材作品, 传送门故事：梅尔,
 人工智能题材作品, 全面进化,
 人工智能题材作品, 刺客教条系列,
 人工智能题材作品, 梦见,
 人工智能题材作品, 战斗妖精雪风,
 人工智能题材作品, 无声狂啸,
 人工智能题材作品, 王国之心 HD I.5 ReMIX,
 人工智能题材作品, 王国之心 HD II.5 ReMIX,
 人工智能题材作品, 王国之心 HD II.8 Final Chapter Prologue,
 人工智能题材作品, 王国之心 χ,
 人工智能题材作品, 王国之心 编码,
 人工智能题材作品, 神经漫游者,
 人工智能题材作品, 绝密飞行,
 人工智能题材作品, 罗索的万能工人,
 人工智能题材作品, 翠星上的加尔冈缇亚,
 人工智能题材作品, 聚爆,
 人工智能题材作品, 聚爆：第零日,
 人工智能题材作品, 起源 (丹·布朗小说),
 人工智能题材作品, 云端情人,
 人工智能题材作品, 计算机情人梦,
 人工智能题材作品, 黑客帝国,
 人工智能题材作品, 黑客帝国2：重装上阵,
 人工智能题材作品, 黑客帝国3：矩阵革命,
 人工智能题材作品, 黑客帝国动画版,
 多重代理人系统, Gatebox,
 多重代理人系统, 多重代理人系统,
 多重代理人系统, 虚拟助理,
 情感计算, 情感计算,
 情感计算, 文本情感分析,
 搜寻算法, Alpha-beta剪枝,
 搜寻算法, X算法,
 搜寻算法, 二分搜索算法,
 搜寻算法, 倒排索引,
 搜寻算法, 哈希表,
 搜寻算法, 完美散列,
 搜寻算法, 广度优先搜索,
 搜寻算法, 康托展开,
 搜寻算法, 搜寻算法,
 搜寻算法, 散列函数,
 搜寻算法, 暴力搜索,
 搜寻算法, 最近邻居法,
 搜寻算法, 极小化极大算法,
 搜寻算法, 深度优先搜索,
 搜寻算法, 爬山算法,
 搜寻算法, 禁忌搜索,
 搜寻算法, 线性哈希,
 搜寻算法, 线性探测,
 搜寻算法, 线性散列,
 搜寻算法, 范围最值查询,
 搜寻算法, 蒙特卡洛树搜索,
 搜寻算法, 迭代深化深度优先搜索,
 本体 (计算机科学), BabelNet,
 本体 (计算机科学), Protégé,
 本体 (计算机科学), Swoogle,
 本体 (计算机科学), 受控词表(子分类),
 本体 (计算机科学), 受控词表,
 本体 (计算机科学), 基因本体,
 本体 (计算机科学), 本体 (信息科学),
 本体 (计算机科学), 本体工程,
 本体 (计算机科学), 本体 (计算机科学),
 本体 (计算机科学), 正规概念分析法,
 本体 (计算机科学), 知识交换格式,
 本体 (计算机科学), 网络本体语言,
 本体 (计算机科学), 解剖学基础模型,
 机器人学, Atlas机器人,
 机器人学, LeJOS,
 机器人学, Not eXactly C,
 机器人学, Pepper (机器人),
 机器人学, Portal,
 机器人学, Sota (机器人),
 机器人学, VFH算法,
 机器人学, 人工势场法,
 机器人学, 人形机器人,
 机器人学, 仿生机器人学,
 机器人学, 即时定位与地图构建,
 机器人学, 性爱机械人,
 机器人学, 技术奇异点,
 机器人学, 新加坡机器人学会,
 机器人学, 机器人,
 机器人学, 机器人学,
 机器人学, 机械手臂,
 机器人学, 真实的人类,
 机器人学, 纳米机器人,
 机器人学, 声码器,
 机器人学, 肯·戈德堡,
 机器人学, 自动机,
 机器人学, 自动驾驶汽车,
 机器人学, 自由度 (物理学),
 机器人学, 被动行走,
 机器人学, 军用机器人,
 机器人学, 运动规划,
 机器人学, 逆运动学,
 机器人学, 医疗用机器人,
 机器学习, AlphaGo Zero,
 机器学习, AlphaGo,
 机器学习, AQ (围棋软件),
 机器学习, Bagging算法,
 机器学习, CGI (围棋软件),
 机器学习, Darkforest,
 机器学习, Deeplearning4j,
 机器学习, DeepMind,
 机器学习, DeepZenGo,
 机器学习, Draft,
 机器学习, ELF OpenGo,
 机器学习, ID3算法,
 机器学习, Kaggle,
 机器学习, Leela Zero,
 机器学习, Leela,
 机器学习, Minigo,
 机器学习, PhoenixGo,
 机器学习, TensorFlow,
 机器学习, UIMA,
 机器学习, VC理论,
 机器学习, Word2vec,
 机器学习, 主题模型,
 机器学习, 二次分类器,
 机器学习, 人工神经网络,
 机器学习, 决策树,
 机器学习, 分类问题,
 机器学习, 判别模型,
 机器学习, 即时定位与地图构建,
 机器学习, 商汤科技,
 机器学习, 图模式,
 机器学习, 多层感知器,
 机器学习, 多示例学习,
 机器学习, 多线性主成分分析,
 机器学习, 大间隔最近邻居,
 机器学习, 对联机,
 机器学习, 序列最小优化算法,
 机器学习, 张量处理器,
 机器学习, 强人工智能,
 机器学习, 强化学习,
 机器学习, 归纳偏置,
 机器学习, 径向基函数核,
 机器学习, 感知器,
 机器学习, 文档分类,
 机器学习, 机器学习,
 机器学习, 条件随机域,
 机器学习, 梯度消失问题,
 机器学习, 概率模型,
 机器学习, 机器感知,
 机器学习, 正规概念分析法,
 机器学习, 归纳偏向,
 机器学习, 泛化误差,
 机器学习, 深度学习,
 机器学习, 无监督式学习网络,
 机器学习, 特征缩放,
 机器学习, 生成模型,
 机器学习, 监督式学习,
 机器学习, 监督式学习网络,
 机器学习, 相关向量机,
 机器学习, 等距特征映射,
 机器学习, 绝艺,
 机器学习, 统计学习理论,
 机器学习, 维数灾难,
 机器学习, 聚类分析,
 机器学习, 表征学习,
 机器学习, 规则归纳,
 机器学习, 词袋模型,
 机器学习, 贝氏网络,
 机器学习, 过适,
 机器学习, 部分可观察马可夫决策过程,
 机器学习, 随机森林,
 机器学习, 隐含狄利克雷分布,
 机器学习, 隐马尔可夫模型,
 机器学习, 非监督式学习,
 机器学习, 高斯混合模型,
 模糊逻辑, 含糊,
 模糊逻辑, 模糊控制,
 模糊逻辑, 模糊控制语言,
 模糊逻辑, 模糊数学,
 模糊逻辑, 模糊翻译,
 模糊逻辑, 模糊规则,
 模糊逻辑, 模糊逻辑,
 模糊逻辑, 模糊集,
 模糊逻辑, 隶属函数,
 游戏人工智能, AlphaGo,
 游戏人工智能, AQ (围棋软件),
 游戏人工智能, CGI (围棋软件),
 游戏人工智能, Darkforest,
 游戏人工智能, DeepZenGo,
 游戏人工智能, ELF OpenGo,
 游戏人工智能, Leela Zero,
 游戏人工智能, Leela,
 游戏人工智能, Minigo,
 游戏人工智能, PhoenixGo,
 游戏人工智能, 国际计算机对局协会,
 游戏人工智能, 奥林匹亚计算机游戏程序竞赛,
 游戏人工智能, 寻路,
 游戏人工智能, 极小化极大算法,
 游戏人工智能, 洛斯阿拉莫斯西洋棋,
 游戏人工智能, 游戏人工智能,
 游戏人工智能, 电子卡牌游戏(子分类),
 游戏人工智能, 电子图版游戏(子分类),
 游戏人工智能, 电脑象棋,
 游戏人工智能, 竞赛树,
 游戏人工智能, 绝艺,
 游戏人工智能, 计算机围棋,
 游戏人工智能, 计算机将棋,
 游戏人工智能, 零玩家游戏,
 生物特征识别, 人脸检测,
 生物特征识别, 人脸识别,
 生物特征识别, 哈尔特征,
 生物特征识别, 商汤科技,
 生物特征识别, 生物特征识别,
 生物特征识别, 维奥拉-琼斯目标检测框架,
 知识表示, BabelNet,
 知识表示, Is-a,
 知识表示, KM程序语言,
 知识表示, Prolog,
 知识表示, Protégé,
 知识表示, SERVQUAL量表,
 知识表示, 专家系统,
 知识表示, 主题卷标,
 知识表示, 主题地图,
 知识表示, 元内容框架,
 知识表示, 具象人类知识系统,
 知识表示, 再现,
 知识表示, 分众分类法,
 知识表示, 地缘政治本体论,
 知识表示, 多智能体系统,
 知识表示, 实化 (计算机科学),
 知识表示, 描述逻辑,
 知识表示, 文档分类,
 知识表示, 本体 (信息科学),
 知识表示, 框架 (社会科学),
 知识表示, 知识库,
 知识表示, 知识表示,
 知识表示, 简单知识组织系统,
 知识表示, 语义网,
 知识表示, 语义网堆栈,
 知识表示, 资源描述框架,
 知识表示, 部分论(子分类),
 神经网络, Google神经机器翻译系统,
 神经网络, Hopfield神经网络,
 神经网络, 人工神经网络(子分类),
 神经网络, 人工神经网络,
 神经网络, 径向基函数网络,
 神经网络, 极限学习机,
 神经网络, 生成对抗网络,
 神经网络, 神经网络,
 神经网络, 神经可塑性,
 群集智能, 多主体优化系统,
 群集智能, 社会认知优化,
 群集智能, 粒子群优化,
 群集智能, 群集智能,
 群集智能, 蚁群算法,
 聊天机器人, Tay,
 聊天机器人, 小冰,
 聊天机器人, 尤金·古斯特曼,
 聊天机器人, 聊天机器人,
 聊天机器人, 聊天机器人,
 聊天机器人, 虚拟助理,
 虚拟助理, Gatebox,
 虚拟助理, 虚拟助理,
 规则引擎, Jess程序设计语言,
 规则引擎, JSR-94,
 计算机视觉, Google Goggles,
 计算机视觉, ViBe,
 计算机视觉, 三维扫描仪,
 计算机视觉, 主动轮廓模型,
 计算机视觉, 光流法,
 计算机视觉, 卢卡斯-卡纳德方法,
 计算机视觉, 哈尔特征,
 计算机视觉, 商汤科技,
 计算机视觉, 图像分析,
 计算机视觉, 图像处理,
 计算机视觉, 图像配准,
 计算机视觉, 基础矩阵,
 计算机视觉, 局部二值模式,
 计算机视觉, 心理视觉增强,
 计算机视觉, 方向梯度直方图,
 计算机视觉, 最大稳定极值区域,
 计算机视觉, 消失点,
 计算机视觉, 特征检测,
 计算机视觉, 联合相容分枝定界,
 计算机视觉, 计算机视觉,
 计算机视觉, 计算机视觉各主题列表,
 计算机视觉, 隐马尔可夫模型,
 计算机视觉, 随机抽样一致,
 计算机视觉, 高斯差,
 语音识别, Cortana,
 语音识别, Google智能助理,
 语音识别, MARF,
 语音识别, Siri,
 语音识别, TIMIT,
 语音识别, 关键词检测,
 语音识别, 口语语料库,
 语音识别, 声学模型,
 语音识别, 小爱同学,
 语音识别, 言语知觉的运动理论,
 语音识别, 词汇标示框架,
 语音识别, 语音加强,
 语音识别, 语音输入法,
 语音识别, 语音文档检索,
 语音识别, 语音活性检测,
 语音识别, 语音识别,
 逻辑编程, Cut (逻辑编程),
 逻辑编程, 合一,
 逻辑编程, 方程求解,
 问题解决, 8D问题解决法,
 问题解决, TRIZ,
 问题解决, 世界咖啡馆 (讨论),
 问题解决, 六何法,
 问题解决, 创造力,
 问题解决, 启发法,
 问题解决, 心流理论,
 问题解决, 怎样解题,
 问题解决, 批判性思维,
 问题解决, 提喻法,
 问题解决, 故障分析,
 问题解决, 根本原因分析,
 问题解决, 水平思考,
 问题解决, 算法,
 问题解决, 聚敛性思考,
 问题解决, 脑力激荡法,
 问题解决, 解决问题,
 问题解决, 试错,
 问题解决, 跳跃性思维,
 问题解决, 问题管理,
 限制满足, 约束编程,
人工智能, BabelNet,
人工智能, Bixby,
人工智能, Cyc,
人工智能, DeepMind,
人工智能, GOFAI,
人工智能, Gomocup,
人工智能, OilEd,
人工智能, Pellet,
人工智能, ReCAPTCHA,
人工智能, RSVP Technologies Inc.,
人工智能, SCIgen,
人工智能, SimSimi,
人工智能, Tf-idf,
人工智能, 不确定性推理,
人工智能, 不精确和不确定的管理,
人工智能, 专家系统,
人工智能, 中文房间,
人工智能, 云机器人,
人工智能, 人工意识,
人工智能, 人工智能叛变,
人工智能, 人工智能,
人工智能, 人工智能史,
人工智能, 人工生命,
人工智能, 人工神经网络,
人工智能, 人形机器人,
人工智能, 人脸识别,
人工智能, 信息抽取,
人工智能, 光学字符识别,
人工智能, 关键语,
人工智能, 决策树,
人工智能, 前馈神经网络,
人工智能, 动态语言生成,
人工智能, 博弈论,
人工智能, 即时定位与地图构建,
人工智能, 卷积神经网络,
人工智能, 友好的人工智能,
人工智能, 可废止推理,
人工智能, 问答系统,
人工智能, 国际人工智能联合会议,
人工智能, 图灵估计,
人工智能, 图灵测试,
人工智能, 多主体系统学习,
人工智能, 多层感知器,
人工智能, 多智能体系统,
人工智能, 威诺格拉德模式挑战,
人工智能, 工业人工智能,
人工智能, 常识知识库,
人工智能, 开放蠕虫,
人工智能, 弈心,
人工智能, 强化学习,
人工智能, 心物问题,
人工智能, 恐怖谷理论,
人工智能, 感知器,
人工智能, 指代,
人工智能, 推理机,
人工智能, 搜索 (计算机),
人工智能, 旷视科技,
人工智能, 普适计算,
人工智能, 智能型个人助理,
人工智能, 智能代理,
人工智能, 智能控制,
人工智能, 智能程序,
人工智能, 智能规划,
人工智能, 最近邻居法,
人工智能, 最邻近搜索,
人工智能, 本体 (信息科学),
人工智能, 机器人,
人工智能, 机器人世界杯,
人工智能, 机器翻译,
人工智能, 机器视觉,
人工智能, 模块化本体,
人工智能, 模糊逻辑,
人工智能, 混淆矩阵,
人工智能, 爬山算法,
人工智能, 玲奈 (人工智能),
人工智能, 理性主体,
人工智能, 生命形态列表,
人工智能, 生物识别技术,
人工智能, 电脑象棋,
人工智能, 知识表示,
人工智能, 竞赛树,
人工智能, 第五代计算机,
人工智能, 算法交易,
人工智能, 细胞式类神经网络,
人工智能, 约翰·罗杰斯·希尔勒,
人工智能, 统计机器翻译,
人工智能, 罗布纳奖,
人工智能, 自动推理,
人工智能, 莫拉维克悖论,
人工智能, 蒙特卡洛树搜索,
人工智能, 语意分析,
人工智能, 计算机围棋,
人工智能, 计算机视觉,
人工智能, 软计算,
人工智能, 达特矛斯会议,
人工智能, 进化计算,
人工智能, 递归神经网络,
人工智能, 遗传算法,
人工智能, 遗传编程,
人工智能, 逻辑编程,
人工智能, 长短期记忆,
人工智能, 限制 (逻辑),
人工智能, 集体智慧,
人工智能, 马尔可夫网络,
人工智能, 验证码,
人工智能, 黑板 (计算机),
