 多态,instance of, 参数多态
 多态,instance of, 多型 (计算机科学)
 多态,instance of, 泛型
 多态,instance of, 特设多态
 抽象数据类型,instance of, 串行 (抽象数据型别)
 抽象数据类型,instance of, 关联数组
 抽象数据类型,instance of, 堆栈
 抽象数据类型,instance of, 多重关连数组
 抽象数据类型,instance of, 容器 (抽象数据类型)
 抽象数据类型,instance of, 抽象数据型别
 抽象数据类型,instance of, 生成器 (计算机编程)
 抽象数据类型,instance of, 迭代器
 抽象数据类型,instance of, 队列
 抽象数据类型,instance of, 集合 (计算机科学)
 伪随机数生成器,instance of, 双椭圆曲线确定性随机数发生器
 伪随机数生成器,instance of, 平方取中法
 伪随机数生成器,instance of, 线性同余方法
 蒙地卡罗方法,instance of, 吉布斯采样
 蒙地卡罗方法,instance of, 并行退火
 蒙地卡罗方法,instance of, 拟蒙特卡罗方法
 蒙地卡罗方法,instance of, 控制变量法
 蒙地卡罗方法,instance of, 斯温森－王算法
 蒙地卡罗方法,instance of, 梅特罗波利斯－黑斯廷斯算法
 蒙地卡罗方法,instance of, 模拟退火
 蒙地卡罗方法,instance of, 粒子滤波器
 蒙地卡罗方法,instance of, 蒙地卡罗方法
 蒙地卡罗方法,instance of, 蒙特卡洛树搜索
 蒙地卡罗方法,instance of, 逆变换采样
 蒙地卡罗方法,instance of, 重要性采样
 伪随机数生成器,instance of, 双椭圆曲线确定性随机数发生器
 伪随机数生成器,instance of, 平方取中法
 伪随机数生成器,instance of, 线性同余方法
 时间序列模型,instance of, 分布滞后
 时间序列模型,instance of, 移动平均模型
 等候理论,instance of, Draft
 等候理论,instance of, 出生-死亡过程
 等候理论,instance of, 利特尔法则
 等候理论,instance of, 处理器亲和性
 等候理论,instance of, 等候理论
 等候理论,instance of, 罗斯猜想
 等候理论,instance of, 队头阻塞
 随机控制,instance of, 分离原理
 随机控制,instance of, 部分可观察马可夫决策过程
 随机控制,instance of, 马可夫决策过程
 随机控制,instance of, 鲁棒控制
 鞅论,instance of, 半鞅
 鞅论,instance of, 维纳过程
 鞅论,instance of, 鞅 (概率论)
 细胞自动机,instance of, Thompson构造法
 细胞自动机,instance of, 下推自动机
 细胞自动机,instance of, 半自动机
 细胞自动机,instance of, 图灵机
 细胞自动机,instance of, 嵌入下推自动机
 细胞自动机,instance of, 嵌套堆栈自动机
 细胞自动机,instance of, 幂集构造
 细胞自动机,instance of, 摩尔型有限状态机
 细胞自动机,instance of, 有限状态机
 细胞自动机,instance of, 比哈姆-米德尔顿-莱文交通流量模型
 细胞自动机,instance of, 状态图
 细胞自动机,instance of, 状态转移表
 细胞自动机,instance of, 确定下推自动机
 细胞自动机,instance of, 确定有限状态自动机
 细胞自动机,instance of, 确定有限状态自动机最小化
 细胞自动机,instance of, 米利型有限状态机
 细胞自动机,instance of, 细胞自动机
 细胞自动机,instance of, 线性有界自动机
 细胞自动机,instance of, 自动机理论
 细胞自动机,instance of, 规则30
 细胞自动机,instance of, 非确定有限状态自动机
 Lambda演算,instance of," B,C,K,W系统"
 Lambda演算,instance of, Beta范式
 Lambda演算,instance of, Lambda立方体
 Lambda演算,instance of, SKI组合子演算
 Lambda演算,instance of, Λ演算
 Lambda演算,instance of, 不动点组合子
 Lambda演算,instance of, 匿名函数
 Lambda演算,instance of, 有类型λ演算
 Lambda演算,instance of, 构造演算
 Lambda演算,instance of, 柯里化
 Lambda演算,instance of, 简单类型λ演算
 Lambda演算,instance of, 类型居留问题
 Lambda演算,instance of, 系统F
 Lambda演算,instance of, 组合子逻辑
 Lambda演算,instance of, 蒙塔古语法
 Lambda演算,instance of, 规范化性质
 Lambda演算,instance of, 逻辑框架
 Lambda演算,instance of, 邱奇数
 Lambda演算,instance of, 高阶函数
 类型论,instance of, BHK释义
 类型论,instance of, Lambda立方体
 类型论,instance of, ST类型论
 类型论,instance of, 依赖类型
 类型论,instance of, 值 (计算机科学)
 类型论,instance of, 协变与逆变
 类型论,instance of, 原型程序设计
 类型论,instance of, 参数多态
 类型论,instance of, 合一
 类型论,instance of, 同伦类型论
 类型论,instance of, 型别安全
 类型论,instance of, 型别构造器
 类型论,instance of, 子类型
 类型论,instance of, 定型环境
 类型论,instance of, 开闭原则
 类型论,instance of, 强弱型别
 类型论,instance of, 抽象数据型别
 类型论,instance of, 数学结构
 类型论,instance of, 新基础集合论
 类型论,instance of, 有类型λ演算
 类型论,instance of, 构造演算
 类型论,instance of, 柯里-霍华德同构
 类型论,instance of, 特设多态
 类型论,instance of, 直觉类型论
 类型论,instance of, 简单类型λ演算
 类型论,instance of, 类型居留问题
 类型论,instance of, 类型推论
 类型论,instance of, 类型擦除
 类型论,instance of, 类型特征
 类型论,instance of, 类型论
 类型论,instance of, 类型转换
 类型论,instance of, 系统F
 类型论,instance of, 组合范畴语法
 类型论,instance of, 罗素公理体系
 类型论,instance of, 逻辑框架
 类型论,instance of, 里氏替换原则
 类型论,instance of, 类型系统
 类型论,instance of, 高阶逻辑
 类型论,instance of, 鸭子类型
 伪随机数生成器,instance of, 双椭圆曲线确定性随机数发生器
 伪随机数生成器,instance of, 平方取中法
 伪随机数生成器,instance of, 线性同余方法
 蒙地卡罗方法,instance of, 吉布斯采样
 蒙地卡罗方法,instance of, 并行退火
 蒙地卡罗方法,instance of, 拟蒙特卡罗方法
 蒙地卡罗方法,instance of, 控制变量法
 蒙地卡罗方法,instance of, 斯温森－王算法
 蒙地卡罗方法,instance of, 梅特罗波利斯－黑斯廷斯算法
 蒙地卡罗方法,instance of, 模拟退火
 蒙地卡罗方法,instance of, 粒子滤波器
 蒙地卡罗方法,instance of, 蒙地卡罗方法
 蒙地卡罗方法,instance of, 蒙特卡洛树搜索
 蒙地卡罗方法,instance of, 逆变换采样
 蒙地卡罗方法,instance of, 重要性采样
 伪随机数生成器,instance of, 双椭圆曲线确定性随机数发生器
 伪随机数生成器,instance of, 平方取中法
 伪随机数生成器,instance of, 线性同余方法
 时间序列模型,instance of, 分布滞后
 时间序列模型,instance of, 移动平均模型
 等候理论,instance of, Draft
 等候理论,instance of, 出生-死亡过程
 等候理论,instance of, 利特尔法则
 等候理论,instance of, 处理器亲和性
 等候理论,instance of, 等候理论
 等候理论,instance of, 罗斯猜想
 等候理论,instance of, 队头阻塞
 随机控制,instance of, 分离原理
 随机控制,instance of, 部分可观察马可夫决策过程
 随机控制,instance of, 马可夫决策过程
 随机控制,instance of, 鲁棒控制
 鞅论,instance of, 半鞅
 鞅论,instance of, 维纳过程
 鞅论,instance of, 鞅 (概率论)
 超光速航行,instance of, NX级星舰
 超光速航行,instance of, 曲速引擎
 超光速航行,instance of, 阿库别瑞引擎
 伪随机性,instance of, 伪随机性
 蒙地卡罗方法,instance of, 吉布斯采样
 蒙地卡罗方法,instance of, 并行退火
 蒙地卡罗方法,instance of, 拟蒙特卡罗方法
 蒙地卡罗方法,instance of, 控制变量法
 蒙地卡罗方法,instance of, 斯温森－王算法
 蒙地卡罗方法,instance of, 梅特罗波利斯－黑斯廷斯算法
 蒙地卡罗方法,instance of, 模拟退火
 蒙地卡罗方法,instance of, 粒子滤波器
 蒙地卡罗方法,instance of, 蒙地卡罗方法
 蒙地卡罗方法,instance of, 蒙特卡洛树搜索
 蒙地卡罗方法,instance of, 逆变换采样
 蒙地卡罗方法,instance of, 重要性采样
 随机化算法,instance of, 蒙地卡罗方法
 随机化算法,instance of, 随机化算法
 随机数生成,instance of, RdRand
 随机数生成,instance of, 梅森旋转算法
 随机数生成,instance of, 随机数生成
 随机过程,instance of, Draft
 随机过程,instance of, K-L 转换
 随机过程,instance of, 中餐馆过程
 随机过程,instance of, 主方程式
 随机过程,instance of, 伊藤引理
 随机过程,instance of, 伊藤过程
 随机过程,instance of, 伯努利过程
 随机过程,instance of, 停时
 随机过程,instance of, 几何布朗运动
 随机过程,instance of, 击中时
 随机过程,instance of, 半鞅
 随机过程,instance of, 可预测过程
 随机过程,instance of, 右连左极函数
 随机过程,instance of, 布朗桥
 随机过程,instance of, 布朗运动
 随机过程,instance of, 平稳过程
 随机过程,instance of, 循序可测过程
 随机过程,instance of, 查普曼-科尔莫戈罗夫等式
 随机过程,instance of, 泊松过程
 随机过程,instance of, 白噪声
 随机过程,instance of, 福克-普朗克方程
 随机过程,instance of, 维纳滤波
 随机过程,instance of, 维纳空间
 随机过程,instance of, 维纳过程
 随机过程,instance of, 维纳－辛钦定理
 随机过程,instance of, 莱维过程
 随机过程,instance of, 费曼－卡茨公式
 随机过程,instance of, 赫斯特指数
 随机过程,instance of, 跳跃过程
 随机过程,instance of, 适应过程
 随机过程,instance of, 重对数律
 随机过程,instance of, 量子随机漫步
 随机过程,instance of, 随机分析
 随机过程,instance of, 随机变量的收敛
 随机过程,instance of, 随机图
 随机过程,instance of, 随机数列
 随机过程,instance of, 随机过程
 随机过程,instance of, 随机微分方程
 随机过程,instance of, 随机漫步
 随机过程,instance of, 鞅 (概率论)
 随机过程,instance of, 马可夫过程
 随机过程,instance of, 马尔可夫性质
 随机过程,instance of, 马尔可夫链
 随机过程,instance of, 高斯噪声
 随机过程,instance of, 高斯过程
 噪声,instance of, Template
 噪声,instance of, 布朗噪声
 噪声,instance of, 噪声
 Lambda演算,instance of," B,C,K,W系统"
 Lambda演算,instance of, Beta范式
 Lambda演算,instance of, Lambda立方体
 Lambda演算,instance of, SKI组合子演算
 Lambda演算,instance of, Λ演算
 Lambda演算,instance of, 不动点组合子
 Lambda演算,instance of, 匿名函数
 Lambda演算,instance of, 有类型λ演算
 Lambda演算,instance of, 构造演算
 Lambda演算,instance of, 柯里化
 Lambda演算,instance of, 简单类型λ演算
 Lambda演算,instance of, 类型居留问题
 Lambda演算,instance of, 系统F
 Lambda演算,instance of, 组合子逻辑
 Lambda演算,instance of, 蒙塔古语法
 Lambda演算,instance of, 规范化性质
 Lambda演算,instance of, 逻辑框架
 Lambda演算,instance of, 邱奇数
 Lambda演算,instance of, 高阶函数
 图灵机,instance of, 交替式图灵机
 图灵机,instance of, 判定器
 图灵机,instance of, 图灵机
 图灵机,instance of, 多带图灵机
 图灵机,instance of, 枚举器
 图灵机,instance of, 机率图灵机
 图灵机,instance of, 递归可枚举语言
 图灵机,instance of, 递归语言
 图灵机,instance of, 通用图灵机
 图灵机,instance of, 量子图灵机
 图灵机,instance of, 非确定型图灵机
 形式方法人物,instance of, 何积丰
 形式方法人物,instance of, 周巢尘
 形式方法人物,instance of, 达纳·斯科特
 抽象数据类型,instance of, 串行 (抽象数据型别)
 抽象数据类型,instance of, 关联数组
 抽象数据类型,instance of, 堆栈
 抽象数据类型,instance of, 多重关连数组
 抽象数据类型,instance of, 容器 (抽象数据类型)
 抽象数据类型,instance of, 抽象数据型别
 抽象数据类型,instance of, 生成器 (计算机编程)
 抽象数据类型,instance of, 迭代器
 抽象数据类型,instance of, 队列
 抽象数据类型,instance of, 集合 (计算机科学)
 模型检查,instance of, Kripke结构
 自动机,instance of, Thompson构造法
 自动机,instance of, 下推自动机
 自动机,instance of, 半自动机
 自动机,instance of, 图灵机
 自动机,instance of, 嵌入下推自动机
 自动机,instance of, 嵌套堆栈自动机
 自动机,instance of, 幂集构造
 自动机,instance of, 摩尔型有限状态机
 自动机,instance of, 有限状态机
 自动机,instance of, 比哈姆-米德尔顿-莱文交通流量模型
 自动机,instance of, 状态图
 自动机,instance of, 状态转移表
 自动机,instance of, 确定下推自动机
 自动机,instance of, 确定有限状态自动机
 自动机,instance of, 确定有限状态自动机最小化
 自动机,instance of, 米利型有限状态机
 自动机,instance of, 细胞自动机
 自动机,instance of, 线性有界自动机
 自动机,instance of, 自动机理论
 自动机,instance of, 规则30
 自动机,instance of, 非确定有限状态自动机
 逻辑演算,instance of, 一元谓词演算
 逻辑演算,instance of, 元组关系演算
 逻辑演算,instance of, 关系演算
 逻辑演算,instance of, 域关系演算
 逻辑演算,instance of, 存在图
 逻辑演算,instance of, 实体图
 逻辑演算,instance of, 希尔伯特演绎系统
 逻辑演算,instance of, 弗雷格命题演算
 逻辑演算,instance of, 相继式演算
 逻辑演算,instance of, 自然演绎
 逻辑演算,instance of, 蕴涵命题演算
 面向文档的数据库,instance of, Amazon SimpleDB
 面向文档的数据库,instance of, BSON
 面向文档的数据库,instance of, CouchDB
 面向文档的数据库,instance of, IBM Lotus Domino
 面向文档的数据库,instance of, IBM Lotus Notes
 面向文档的数据库,instance of, MongoDB
 面向文档的数据库,instance of, 文件导向的数据库
 伪随机数生成器,instance of, 双椭圆曲线确定性随机数发生器
 伪随机数生成器,instance of, 平方取中法
 伪随机数生成器,instance of, 线性同余方法
 蒙地卡罗方法,instance of, 吉布斯采样
 蒙地卡罗方法,instance of, 并行退火
 蒙地卡罗方法,instance of, 拟蒙特卡罗方法
 蒙地卡罗方法,instance of, 控制变量法
 蒙地卡罗方法,instance of, 斯温森－王算法
 蒙地卡罗方法,instance of, 梅特罗波利斯－黑斯廷斯算法
 蒙地卡罗方法,instance of, 模拟退火
 蒙地卡罗方法,instance of, 粒子滤波器
 蒙地卡罗方法,instance of, 蒙地卡罗方法
 蒙地卡罗方法,instance of, 蒙特卡洛树搜索
 蒙地卡罗方法,instance of, 逆变换采样
 蒙地卡罗方法,instance of, 重要性采样
 伪随机数生成器,instance of, 双椭圆曲线确定性随机数发生器
 伪随机数生成器,instance of, 平方取中法
 伪随机数生成器,instance of, 线性同余方法
 时间序列模型,instance of, 分布滞后
 时间序列模型,instance of, 移动平均模型
 等候理论,instance of, Draft
 等候理论,instance of, 出生-死亡过程
 等候理论,instance of, 利特尔法则
 等候理论,instance of, 处理器亲和性
 等候理论,instance of, 等候理论
 等候理论,instance of, 罗斯猜想
 等候理论,instance of, 队头阻塞
 随机控制,instance of, 分离原理
 随机控制,instance of, 部分可观察马可夫决策过程
 随机控制,instance of, 马可夫决策过程
 随机控制,instance of, 鲁棒控制
 鞅论,instance of, 半鞅
 鞅论,instance of, 维纳过程
 鞅论,instance of, 鞅 (概率论)
 超光速航行,instance of, NX级星舰
 超光速航行,instance of, 曲速引擎
 超光速航行,instance of, 阿库别瑞引擎
 伪随机性,instance of, 伪随机性
 蒙地卡罗方法,instance of, 吉布斯采样
 蒙地卡罗方法,instance of, 并行退火
 蒙地卡罗方法,instance of, 拟蒙特卡罗方法
 蒙地卡罗方法,instance of, 控制变量法
 蒙地卡罗方法,instance of, 斯温森－王算法
 蒙地卡罗方法,instance of, 梅特罗波利斯－黑斯廷斯算法
 蒙地卡罗方法,instance of, 模拟退火
 蒙地卡罗方法,instance of, 粒子滤波器
 蒙地卡罗方法,instance of, 蒙地卡罗方法
 蒙地卡罗方法,instance of, 蒙特卡洛树搜索
 蒙地卡罗方法,instance of, 逆变换采样
 蒙地卡罗方法,instance of, 重要性采样
 随机化算法,instance of, 蒙地卡罗方法
 随机化算法,instance of, 随机化算法
 随机数生成,instance of, RdRand
 随机数生成,instance of, 梅森旋转算法
 随机数生成,instance of, 随机数生成
 随机过程,instance of, Draft
 随机过程,instance of, K-L 转换
 随机过程,instance of, 中餐馆过程
 随机过程,instance of, 主方程式
 随机过程,instance of, 伊藤引理
 随机过程,instance of, 伊藤过程
 随机过程,instance of, 伯努利过程
 随机过程,instance of, 停时
 随机过程,instance of, 几何布朗运动
 随机过程,instance of, 击中时
 随机过程,instance of, 半鞅
 随机过程,instance of, 可预测过程
 随机过程,instance of, 右连左极函数
 随机过程,instance of, 布朗桥
 随机过程,instance of, 布朗运动
 随机过程,instance of, 平稳过程
 随机过程,instance of, 循序可测过程
 随机过程,instance of, 查普曼-科尔莫戈罗夫等式
 随机过程,instance of, 泊松过程
 随机过程,instance of, 白噪声
 随机过程,instance of, 福克-普朗克方程
 随机过程,instance of, 维纳滤波
 随机过程,instance of, 维纳空间
 随机过程,instance of, 维纳过程
 随机过程,instance of, 维纳－辛钦定理
 随机过程,instance of, 莱维过程
 随机过程,instance of, 费曼－卡茨公式
 随机过程,instance of, 赫斯特指数
 随机过程,instance of, 跳跃过程
 随机过程,instance of, 适应过程
 随机过程,instance of, 重对数律
 随机过程,instance of, 量子随机漫步
 随机过程,instance of, 随机分析
 随机过程,instance of, 随机变量的收敛
 随机过程,instance of, 随机图
 随机过程,instance of, 随机数列
 随机过程,instance of, 随机过程
 随机过程,instance of, 随机微分方程
 随机过程,instance of, 随机漫步
 随机过程,instance of, 鞅 (概率论)
 随机过程,instance of, 马可夫过程
 随机过程,instance of, 马尔可夫性质
 随机过程,instance of, 马尔可夫链
 随机过程,instance of, 高斯噪声
 随机过程,instance of, 高斯过程
 噪声,instance of, Template
 噪声,instance of, 布朗噪声
 噪声,instance of, 噪声
 超光速,instance of, 契忍可夫辐射
 超光速,instance of, 波前速度
 超光速,instance of, 相速度
 超光速,instance of, 瞬间移动
 超光速,instance of, 群速度
 超光速,instance of, 讯号速度
 超光速,instance of, 超光速
 超光速,instance of, 超光速运动
 机率复杂度理论,instance of, 机率图灵机
 统计随机性,instance of, 随机性
 Acid测试,instance of, Acid1
 Acid测试,instance of, Acid2
 Acid测试,instance of, Acid3
 Acid测试,instance of, Template
 Acid测试,instance of, 伊恩·希克森
 形式方法,instance of, Set packing
 形式方法,instance of, 先决条件
 形式方法,instance of, 动态时序验证
 形式方法,instance of, 布尔可满足性问题
 形式方法,instance of, 形式化方法
 形式方法,instance of, 形式系统
 形式方法,instance of, 形式语义学
 形式方法,instance of, 形式验证
 形式方法,instance of, 循环不变量
 形式方法,instance of, 抽象释义
 形式方法,instance of, 指称语义
 形式方法,instance of, 断言 (程序)
 形式方法,instance of, 时间分割测试
 形式方法,instance of, 概念验证
 形式方法,instance of, 生命攸关系统
 形式方法,instance of, 联合国大学国际软件技术研究所
 形式方法,instance of, 行为时序逻辑
 形式方法,instance of, 软件验证及确认
 形式方法,instance of, 通用唯一识别码
 形式方法,instance of, 集合论
 形式方法,instance of, 静态时序分析
 形式方法,instance of, 高低阶
 缺陷和问题跟踪软件,instance of, Bugzilla
 缺陷和问题跟踪软件,instance of, Fossil
 缺陷和问题跟踪软件,instance of, GitHub
 缺陷和问题跟踪软件,instance of, Gitlab
 缺陷和问题跟踪软件,instance of, GLPI
 缺陷和问题跟踪软件,instance of, JIRA
 缺陷和问题跟踪软件,instance of, Mantis
 缺陷和问题跟踪软件,instance of, Phabricator
 缺陷和问题跟踪软件,instance of, Redmine
 缺陷和问题跟踪软件,instance of, Template
 缺陷和问题跟踪软件,instance of, 缺陷跟踪管理系统
 软件审查,instance of, Gerrit
 软件审查,instance of, Phabricator
 软件审查,instance of, Rietveld
 软件审查,instance of, 代码审查
 软件测试工具,instance of, HP Quality Center
 软件测试工具,instance of, Polyspace
 软件测试工具,instance of, WebLOAD
 软件测试工具,instance of, 代码覆盖率
 反向代理,instance of, Apache HTTP Server
 反向代理,instance of, Caddy
 反向代理,instance of, HAProxy
 反向代理,instance of, Nginx
 反向代理,instance of, Polipo
 反向代理,instance of, Privoxy
 反向代理,instance of, Squid (软件)
 反向代理,instance of, Tengine
 反向代理,instance of, Traffic Server
 反向代理,instance of, 反向代理
 分布式版本控制系统,instance of, BitKeeper
 分布式版本控制系统,instance of, Fossil
 分布式版本控制系统,instance of, Git
 分布式版本控制系统,instance of, GNU arch
 分布式版本控制系统,instance of, 分布式版本控制
 自由版本控制软件,instance of, BitKeeper
 自由版本控制软件,instance of, Bonsai (软件)
 自由版本控制软件,instance of, Fossil
 自由版本控制软件,instance of, Git
 自由版本控制软件,instance of, GNU arch
 自由版本控制软件,instance of, SVK
 自由版本控制软件,instance of, 修订控制系统
 项目托管网站,instance of, Gitlab
 项目托管网站,instance of, Mozdev.org
 项目托管网站,instance of, RubyForge
 NoSQL,instance of, Bigtable
 NoSQL,instance of, Cassandra
 NoSQL,instance of, CouchDB
 NoSQL,instance of, IBM Lotus Notes
 NoSQL,instance of, LevelDB
 NoSQL,instance of, NoSQL
 NoSQL,instance of, Redis
 NoSQL,instance of, SequoiaDB
 SQL关键字,instance of, Truncate
 SQL关键字,instance of, Update
 SQL关键字,instance of, 删除 (SQL)
 SQL关键字,instance of, 插入 (SQL)
 SQL关键字,instance of, 查询 (SQL)
 SQL关键字,instance of, 空值 (SQL)
 SQL关键字,instance of, 连接 (SQL)
 小行星探测器,instance of, Template
 小行星探测器,instance of, 伽利略号探测器
 小行星探测器,instance of, 卡西尼-惠更斯号
 小行星探测器,instance of, 哈雷舰队
 小行星探测器,instance of, 乔托号
 小行星探测器,instance of, 堂吉诃德小行星防卫任务
 小行星探测器,instance of, 尤利西斯号
 小行星探测器,instance of, 彗星号
 小行星探测器,instance of, 星尘号
 小行星探测器,instance of, 曙光号
 小行星探测器,instance of, 会合-舒梅克号
 小行星探测器,instance of, 深度撞击号
 小行星探测器,instance of, 深空一号
 小行星探测器,instance of, 维加计划
 小行星探测器,instance of, 罗塞塔号
 小行星探测器,instance of, 菲莱登陆器
 小行星探测器,instance of, 隼鸟号
 小行星探测器,instance of, 露西号
 小行星探测器,instance of, 灵神星轨道器
 超光速航行,instance of, NX级星舰
 超光速航行,instance of, 曲速引擎
 超光速航行,instance of, 阿库别瑞引擎
 伪随机性,instance of, 伪随机性
 蒙地卡罗方法,instance of, 吉布斯采样
 蒙地卡罗方法,instance of, 并行退火
 蒙地卡罗方法,instance of, 拟蒙特卡罗方法
 蒙地卡罗方法,instance of, 控制变量法
 蒙地卡罗方法,instance of, 斯温森－王算法
 蒙地卡罗方法,instance of, 梅特罗波利斯－黑斯廷斯算法
 蒙地卡罗方法,instance of, 模拟退火
 蒙地卡罗方法,instance of, 粒子滤波器
 蒙地卡罗方法,instance of, 蒙地卡罗方法
 蒙地卡罗方法,instance of, 蒙特卡洛树搜索
 蒙地卡罗方法,instance of, 逆变换采样
 蒙地卡罗方法,instance of, 重要性采样
 随机化算法,instance of, 蒙地卡罗方法
 随机化算法,instance of, 随机化算法
 随机数生成,instance of, RdRand
 随机数生成,instance of, 梅森旋转算法
 随机数生成,instance of, 随机数生成
 随机过程,instance of, Draft
 随机过程,instance of, K-L 转换
 随机过程,instance of, 中餐馆过程
 随机过程,instance of, 主方程式
 随机过程,instance of, 伊藤引理
 随机过程,instance of, 伊藤过程
 随机过程,instance of, 伯努利过程
 随机过程,instance of, 停时
 随机过程,instance of, 几何布朗运动
 随机过程,instance of, 击中时
 随机过程,instance of, 半鞅
 随机过程,instance of, 可预测过程
 随机过程,instance of, 右连左极函数
 随机过程,instance of, 布朗桥
 随机过程,instance of, 布朗运动
 随机过程,instance of, 平稳过程
 随机过程,instance of, 循序可测过程
 随机过程,instance of, 查普曼-科尔莫戈罗夫等式
 随机过程,instance of, 泊松过程
 随机过程,instance of, 白噪声
 随机过程,instance of, 福克-普朗克方程
 随机过程,instance of, 维纳滤波
 随机过程,instance of, 维纳空间
 随机过程,instance of, 维纳过程
 随机过程,instance of, 维纳－辛钦定理
 随机过程,instance of, 莱维过程
 随机过程,instance of, 费曼－卡茨公式
 随机过程,instance of, 赫斯特指数
 随机过程,instance of, 跳跃过程
 随机过程,instance of, 适应过程
 随机过程,instance of, 重对数律
 随机过程,instance of, 量子随机漫步
 随机过程,instance of, 随机分析
 随机过程,instance of, 随机变量的收敛
 随机过程,instance of, 随机图
 随机过程,instance of, 随机数列
 随机过程,instance of, 随机过程
 随机过程,instance of, 随机微分方程
 随机过程,instance of, 随机漫步
 随机过程,instance of, 鞅 (概率论)
 随机过程,instance of, 马可夫过程
 随机过程,instance of, 马尔可夫性质
 随机过程,instance of, 马尔可夫链
 随机过程,instance of, 高斯噪声
 随机过程,instance of, 高斯过程
 噪声,instance of, Template
 噪声,instance of, 布朗噪声
 噪声,instance of, 噪声
 超光速,instance of, 契忍可夫辐射
 超光速,instance of, 波前速度
 超光速,instance of, 相速度
 超光速,instance of, 瞬间移动
 超光速,instance of, 群速度
 超光速,instance of, 讯号速度
 超光速,instance of, 超光速
 超光速,instance of, 超光速运动
 机率复杂度理论,instance of, 机率图灵机
 统计随机性,instance of, 随机性
 时间旅行,instance of, TARDIS
 时间旅行,instance of, Template
 时间旅行,instance of, 封闭类时曲线
 时间旅行,instance of, 快子
 时间旅行,instance of, 时序保护猜想
 时间旅行,instance of, 时间倒流
 时间旅行,instance of, 时间悖论
 时间旅行,instance of, 时间旅行
 时间旅行,instance of, 时光机 (哆啦A梦)
 时间旅行,instance of, 时空旅人
 时间旅行,instance of, 祖父悖论
 时间旅行,instance of, 约翰·提托
 时间旅行,instance of, 虫洞
 时间旅行,instance of, 诺维科夫自洽性原则
 时间旅行,instance of, 迪罗伦时光机
 目的论,instance of, 大撕裂
 目的论,instance of, 定向演化
 目的论,instance of, 目的论
 目的论,instance of, 目的论论证
 随机性,instance of, M-sequence
 随机性,instance of, 五人法则
 随机性,instance of, 伪随机序列
 随机性,instance of, 彩票摇奖机
 随机性,instance of, 拉斯维加斯算法
 随机性,instance of, 掷硬币
 随机性,instance of, 水塘抽样
 随机性,instance of, 无限猴子定理
 随机性,instance of, 百万乱数表
 随机性,instance of, 算法信息论
 随机性,instance of, 随机函数
 随机性,instance of, 随机变量
 随机性,instance of, 随机场
 随机性,instance of, 随机性
 随机性,instance of, 随机数
 随机性,instance of, 随机数列
 随机性,instance of, 随机森林
 软件测试,instance of, ApacheBench
 软件测试,instance of, Clover
 软件测试,instance of, IEEE 829
 软件测试,instance of, ISTQB
 软件测试,instance of, JUnit
 软件测试,instance of, Metasploit
 软件测试,instance of, Portal
 软件测试,instance of, Robot Framework
 软件测试,instance of, SDET
 软件测试,instance of, Security AppScan
 软件测试,instance of, TestLink
 软件测试,instance of, TrendLabs
 软件测试,instance of, TTCN-3
 软件测试,instance of, TTCN
 软件测试,instance of, WebLOAD
 软件测试,instance of, 代码覆盖率
 软件测试,instance of, 修改条件判断覆盖
 软件测试,instance of, 伪翻译
 软件测试,instance of, 决策到决策路径
 软件测试,instance of, 十六进制转储
 软件测试,instance of, 协议实现一致性声明
 软件测试,instance of, 单元测试
 软件测试,instance of, 可用性测试
 软件测试,instance of, 回归测试
 软件测试,instance of, 基于模型的测试
 软件测试,instance of, 形式验证
 软件测试,instance of, 探索性测试
 软件测试,instance of, 时间分割测试
 软件测试,instance of, 模拟对象
 软件测试,instance of, 模糊测试
 软件测试,instance of, 测试准则
 软件测试,instance of, 测试平台
 软件测试,instance of, 测试驱动开发
 软件测试,instance of, 浏览器兼容性
 软件测试,instance of, 海森堡bug
 软件测试,instance of, 测试工作
 软件测试,instance of, 测试自动化
 软件测试,instance of, 白盒测试
 软件测试,instance of, 兼容性测试
 软件测试,instance of, 硬件在环
 软件测试,instance of, 系统测试
 软件测试,instance of, 蜕变测试
 软件测试,instance of, 行为驱动开发
 软件测试,instance of, 计算机安全隐患
 软件测试,instance of, 调试
 软件测试,instance of, 数据驱动测试
 软件测试,instance of, 软件可测试性
 软件测试,instance of, 软件验证及确认
 软件测试,instance of, 软件测试
 软件测试,instance of, 软件质量
 软件测试,instance of, 轻量级软件测试自动化
 软件测试,instance of, 游戏测试
 软件测试,instance of, 边界案例
 软件测试,instance of, 边角案例
 软件测试,instance of, 关键词驱动测试
 软件测试,instance of, 集成测试
 软件测试,instance of, 黑盒测试
 静态代码分析工具,instance of, Checkstyle
 静态代码分析工具,instance of, Clang
 静态代码分析工具,instance of, Cscope
 静态代码分析工具,instance of, Ctags
 静态代码分析工具,instance of, FindBugs
 静态代码分析工具,instance of, Polyspace
 静态代码分析工具,instance of, SonarQube
 静态代码分析工具,instance of, ThreadSafe
 动态规划,instance of, 史密斯-沃特曼算法
 动态规划,instance of, 哈密顿-雅可比-贝尔曼方程
 动态规划,instance of, 字符串近似匹配
 动态规划,instance of, 尼德曼-翁施算法
 动态规划,instance of, 最大子数列问题
 动态规划,instance of, 最长公共子串
 动态规划,instance of, 最长公共子序列
 动态规划,instance of, 最长递增子序列
 动态规划,instance of, 粘性解
 动态规划,instance of, 维数灾难
 动态规划,instance of, 维特比算法
 动态规划,instance of, 自动换行
 动态规划,instance of, 莱文斯坦距离
 动态规划,instance of, 贝尔曼方程
 动态规划,instance of, 部分可观察马可夫决策过程
 机器学习算法,instance of, 反向传播算法
 机器学习算法,instance of, 强化学习
 机器学习算法,instance of, 径向基函数网络
 机器学习算法,instance of, 最大期望算法
 机器学习算法,instance of, 最小冗余特征选择
 机器学习算法,instance of, 最近邻居法
 机器学习算法,instance of, 模式识别
 估计理论,instance of, Guesstimate
 估计理论,instance of, K-L 转换
 估计理论,instance of, 估计理论
 估计理论,instance of, 估计量的偏差
 估计理论,instance of, 匹配滤波器
 估计理论,instance of, 卡尔曼滤波
 估计理论,instance of, 均方误差
 估计理论,instance of, 广义矩估计
 估计理论,instance of, 数据同化
 估计理论,instance of, 最大似然估计
 估计理论,instance of, 最大后验概率
 估计理论,instance of, 最大期望算法
 估计理论,instance of, 最小均方误差
 估计理论,instance of, 最小方差无偏估计
 估计理论,instance of, 样本方差
 估计理论,instance of, 等级线性模型
 估计理论,instance of, 线性回归
 估计理论,instance of, 线性预测
 估计理论,instance of, 维纳滤波
 估计理论,instance of, 费希尔信息
 估计理论,instance of, 费雪信息
 信息学熵,instance of, 互信息
 信息学熵,instance of, 交叉熵
 信息学熵,instance of, 困惑度
 信息学熵,instance of, 条件熵
 信息学熵,instance of, 熵 (信息论)
 信息学熵,instance of, 熵编码法
 信息学熵,instance of, 相对熵
 信息学熵,instance of, 联合熵
 信息学熵,instance of, 自信息
 字符串相似性度量,instance of, 李距离
 字符串相似性度量,instance of, 汉明距离
 字符串相似性度量,instance of, 编辑距离
 字符串相似性度量,instance of, 莱文斯坦距离
 数据压缩,instance of, CRIME
 数据压缩,instance of, DriveSpace
 数据压缩,instance of, SDCH
 数据压缩,instance of, Zlib
 数据压缩,instance of, 乘码
 数据压缩,instance of, 分类向量量化器
 数据压缩,instance of, 前置码
 数据压缩,instance of, 加壳压缩
 数据压缩,instance of, 图像压缩技术
 数据压缩,instance of, 压缩失真
 数据压缩,instance of, 小波压缩
 数据压缩,instance of, 数据压缩
 数据压缩,instance of, 有损数据压缩
 数据压缩,instance of, 有限状态向量量化器
 数据压缩,instance of, 次频带编码
 数据压缩,instance of, 编码簿
 数据压缩,instance of, 自解压缩文件
 数据压缩,instance of, 视频压缩
 数据压缩,instance of, 视频压缩图像类型
 数据压缩,instance of, 语音编码
 数据压缩,instance of, 重复数据删除
 数据压缩,instance of, 霍夫曼编码
 数据压缩,instance of, 音讯压缩 (格式)
 检测论,instance of, BLAST (无线通信)
 检测论,instance of, ROC曲线
 检测论,instance of, 信号检测理论
 检测论,instance of, 极小化极大算法
 算法信息论,instance of, 最小描述长度
 算法信息论,instance of, 柯氏复杂性
 编码理论,instance of, 低密度同位检查累积码
 编码理论,instance of, 低密度奇偶检查码
 编码理论,instance of, 信道编码
 编码理论,instance of, 克拉夫特不等式
 编码理论,instance of, 分布式信源编码
 编码理论,instance of, 分组码
 编码理论,instance of, 前置码
 编码理论,instance of, 喷泉码
 编码理论,instance of, 多项式码
 编码理论,instance of, 奇偶检验矩阵
 编码理论,instance of, 孤子分布
 编码理论,instance of, 对偶码
 编码理论,instance of, 循环码
 编码理论,instance of, 抹除码
 编码理论,instance of, 李距离
 编码理论,instance of, 汉明距离
 编码理论,instance of, 汉明重量
 编码理论,instance of, 生成矩阵
 编码理论,instance of, 卢比变换码
 编码理论,instance of, 编码理论
 编码理论,instance of, 网络编码
 编码理论,instance of, 置信度传播
 编码理论,instance of, 莱文斯坦距离
 编码理论,instance of, 译码方法
 编码理论,instance of, 霍夫曼编码
 编码理论,instance of, 非累赘取样编码
 网络性能,instance of, TCP拥塞控制
 网络性能,instance of, 带宽时延乘积
 网络性能,instance of, 广域网优化
 网络性能,instance of, 显式拥塞通知
 Wiki软件,instance of, DidiWiki
 Wiki软件,instance of, DokuWiki
 Wiki软件,instance of, HDwiki
 Wiki软件,instance of, OddMuse
 Wiki软件,instance of, PukiWiki
 Wiki软件,instance of, SushiWiki
 Wiki软件,instance of, Wiki软件
 Wiki软件,instance of, Wiki软件比较
 Wiki软件,instance of, YukiWiki
 协作软件,instance of, 协同过滤
 协作软件,instance of, 基于Web的分布式编写和版本控制
 版本控制系统,instance of, Bitbucket
 版本控制系统,instance of, Fossil
 版本控制系统,instance of, GitHub
 版本控制系统,instance of, GNU Savannah
 版本控制系统,instance of, Google开发人员
 版本控制系统,instance of, JavaForge
 版本控制系统,instance of, KDESvn
 版本控制系统,instance of, Mercurial
 版本控制系统,instance of, Monotone
 版本控制系统,instance of, SourceForge
 版本控制系统,instance of, Subversion
 版本控制系统,instance of, Team Foundation Server
 版本控制系统,instance of, Template
 版本控制系统,instance of, Time Machine
 版本控制系统,instance of, Visual SourceSafe
 版本控制系统,instance of, 修订标签
 版本控制系统,instance of, 协作版本系统
 版本控制系统,instance of, 版本控制软件比较
 版本控制系统,instance of, 发布版本通知
 版本控制系统,instance of, 相依性地狱
 版本控制系统,instance of, 自由软件托管服务比较
 版本控制系统,instance of, 软件配置管理
 自由内容管理系统,instance of, Coderity
 自由内容管理系统,instance of, MediaWiki
 自由内容管理系统,instance of, Omeka
 自由内容管理系统,instance of, OpenKM
 自由内容管理系统,instance of, TYPO3
 自由内容管理系统,instance of, Zope
 开放源码内容管理系统,instance of, MojoPortal
 开放源码内容管理系统,instance of, Umbraco
 SQL,instance of, CLSQL
 SQL,instance of, HSQLDB
 SQL,instance of, PL-SQL
 SQL,instance of, SQL
 SQL,instance of, SQL语法
 SQL,instance of, SQL资料隐码攻击
 SQL,instance of, Transact-SQL
 SQL,instance of, Windows管理规范查询语言
 SQL,instance of, 参数化查询
 SQL,instance of, 数据查询语言
 SQL,instance of, 视图
 SQL,instance of, 数据定义语言
 SQL,instance of, 数据控制语言
 SQL,instance of, 数据操纵语言
 对象关系映射,instance of, Doctrine (PHP)
 对象关系映射,instance of, MyBatis
 对象关系映射,instance of, SQLAlchemy
 对象关系映射,instance of, 对象关系映射软件列表
 数据库索引技术,instance of, B树
 数据库索引技术,instance of, R+树
 数据库索引技术,instance of, 倒排索引
 开源数据库管理系统,instance of, Apache Derby
 开源数据库管理系统,instance of, Berkeley DB
 开源数据库管理系统,instance of, Cassandra
 开源数据库管理系统,instance of, CouchDB
 开源数据库管理系统,instance of, CUBRID
 开源数据库管理系统,instance of, Dbm
 开源数据库管理系统,instance of, Firebird (数据库)
 开源数据库管理系统,instance of, HSQLDB
 开源数据库管理系统,instance of, InfluxDB
 开源数据库管理系统,instance of, Ingres
 开源数据库管理系统,instance of, Kexi
 开源数据库管理系统,instance of, LevelDB
 开源数据库管理系统,instance of, MariaDB
 开源数据库管理系统,instance of, MaxDB
 开源数据库管理系统,instance of, Mnesia
 开源数据库管理系统,instance of, MongoDB
 开源数据库管理系统,instance of, MySQL
 开源数据库管理系统,instance of, OPUS
 开源数据库管理系统,instance of, PostgreSQL
 开源数据库管理系统,instance of, Redis
 开源数据库管理系统,instance of, SQLite
 自动驾驶汽车,instance of, Ligier EZ10
 自动驾驶汽车,instance of, Mobileye
 自动驾驶汽车,instance of, TomTom
 自动驾驶汽车,instance of, Waymo
 自动驾驶汽车,instance of, 自动驾驶汽车
 先驱者系列,instance of, 先锋6、7、8和9号
 先驱者系列,instance of, 先锋计划
 先驱者系列,instance of, 先驱者镀金铝板
 先驱者系列,instance of, 先驱者0号
 先驱者系列,instance of, 先驱者10号
 先驱者系列,instance of, 先驱者11号
 先驱者系列,instance of, 先驱者1号
 先驱者系列,instance of, 先驱者2号
 先驱者系列,instance of, 先驱者3号
 先驱者系列,instance of, 先驱者4号
 先驱者系列,instance of, 先驱者5号
 先驱者系列,instance of, 先驱者H号
 先驱者系列,instance of, 先驱者P-1(W)号
 先驱者系列,instance of, 先驱者P-3 (X)号
 先驱者系列,instance of, 先驱者P-30 (Y)号
 先驱者系列,instance of, 先驱者P-31(Z)号
 先驱者系列,instance of, 先驱者金星计划
 冥王星探测器,instance of, 冥王星-古柏带特快车
 冥王星探测器,instance of, 新视野号
 土星探测器,instance of, 先驱者10号
 土星探测器,instance of, 卡西尼-惠更斯号
 土星探测器,instance of, 土卫六－土星系统任务
 土星探测器,instance of, 土星大气进入器
 土星探测器,instance of, 惠更斯号
 土星探测器,instance of, 旅行者1号
 土星探测器,instance of, 蜻蜓号
 土星探测器,instance of, 阿尔戈号 (探测器)
 天王星探测器,instance of, ODINUS
 天王星探测器,instance of, 天王星轨道探测器
 天王星探测器,instance of, 旅行者2号
 探索者系列,instance of, 探索者计划
 探险者计划,instance of, Template
 探险者计划,instance of, 乌呼鲁卫星
 探险者计划,instance of, 亚毫米波天文卫星
 探险者计划,instance of, 先进成分探测器
 探险者计划,instance of, 国际紫外线探测卫星
 探险者计划,instance of, 太阳过渡层成像光谱仪卫星
 探险者计划,instance of, 威尔金森微波各向异性探测器
 探险者计划,instance of, 广域红外线巡天探测卫星
 探险者计划,instance of, 拉马第高能太阳光谱成像探测器
 探险者计划,instance of, 探险者1号
 探险者计划,instance of, 星系演化探测器
 探险者计划,instance of, 星际边界探测器
 探险者计划,instance of, 核光谱望远镜阵列
 探险者计划,instance of, 罗西X射线计时探测器
 探险者计划,instance of, 远紫外分光探测器
 探险者计划,instance of, 雨燕卫星
 旅行者系列,instance of, 旅行者1号
 旅行者系列,instance of, 旅行者2号
 旅行者系列,instance of, 旅行者金唱片
 旅行者系列,instance of, 旅行者金唱片内容
 旅行者系列,instance of, 爱德华·C·斯通
 行星探测车,instance of, 月球车
 行星探测车,instance of, 火星车
 计划中的太空探测器,instance of, MetNet
 计划中的太空探测器,instance of, 土卫六－土星系统任务
 计划中的太空探测器,instance of, 天鹅座宇宙飞船
 计划中的太空探测器,instance of, 太阳轨道载具
 计划中的太空探测器,instance of, 月球快递
 计划中的太空探测器,instance of, 木星冰月探测器
 计划中的太空探测器,instance of, 木卫二－木星系统任务
 计划中的太空探测器,instance of, 欧几里得卫星
 计划中的太空探测器,instance of, 突破摄星
 超光速,instance of, 契忍可夫辐射
 超光速,instance of, 波前速度
 超光速,instance of, 相速度
 超光速,instance of, 瞬间移动
 超光速,instance of, 群速度
 超光速,instance of, 讯号速度
 超光速,instance of, 超光速
 超光速,instance of, 超光速运动
 机率复杂度理论,instance of, 机率图灵机
 统计随机性,instance of, 随机性
 时间旅行,instance of, TARDIS
 时间旅行,instance of, Template
 时间旅行,instance of, 封闭类时曲线
 时间旅行,instance of, 快子
 时间旅行,instance of, 时序保护猜想
 时间旅行,instance of, 时间倒流
 时间旅行,instance of, 时间悖论
 时间旅行,instance of, 时间旅行
 时间旅行,instance of, 时光机 (哆啦A梦)
 时间旅行,instance of, 时空旅人
 时间旅行,instance of, 祖父悖论
 时间旅行,instance of, 约翰·提托
 时间旅行,instance of, 虫洞
 时间旅行,instance of, 诺维科夫自洽性原则
 时间旅行,instance of, 迪罗伦时光机
 目的论,instance of, 大撕裂
 目的论,instance of, 定向演化
 目的论,instance of, 目的论
 目的论,instance of, 目的论论证
 随机性,instance of, M-sequence
 随机性,instance of, 五人法则
 随机性,instance of, 伪随机序列
 随机性,instance of, 彩票摇奖机
 随机性,instance of, 拉斯维加斯算法
 随机性,instance of, 掷硬币
 随机性,instance of, 水塘抽样
 随机性,instance of, 无限猴子定理
 随机性,instance of, 百万乱数表
 随机性,instance of, 算法信息论
 随机性,instance of, 随机函数
 随机性,instance of, 随机变量
 随机性,instance of, 随机场
 随机性,instance of, 随机性
 随机性,instance of, 随机数
 随机性,instance of, 随机数列
 随机性,instance of, 随机森林
 因果律,instance of, 其他条件不变
 因果律,instance of, 只因少了一颗钉
 因果律,instance of, 多米诺骨牌效应
 因果律,instance of, 格兰杰因果关系
 因果律,instance of, 解释
 软件质量,instance of, TestLink
 软件质量,instance of, 向后移植
 软件质量,instance of, 失效评定
 软件质量,instance of, 故障容许度
 软件质量,instance of, 生命攸关系统
 软件质量,instance of, 第二系统效应
 软件质量,instance of, 软件质量管理
 软件质量,instance of, 软件熵
 软件质量,instance of, 软件验证及确认
 软件质量,instance of, 软件危机
 软件质量,instance of, 软件质量
 软件质量,instance of, 软件质量保证
 软件质量,instance of, 长期支持
 静态代码分析工具,instance of, Checkstyle
 静态代码分析工具,instance of, Clang
 静态代码分析工具,instance of, Cscope
 静态代码分析工具,instance of, Ctags
 静态代码分析工具,instance of, FindBugs
 静态代码分析工具,instance of, Polyspace
 静态代码分析工具,instance of, SonarQube
 静态代码分析工具,instance of, ThreadSafe
 回归分析,instance of, ARIMA模型
 回归分析,instance of, ARMA模型
 回归分析,instance of, Lasso算法
 回归分析,instance of, RATS
 回归分析,instance of, 倾向评分匹配
 回归分析,instance of, 偏最小二乘回归
 回归分析,instance of, 决定系数
 回归分析,instance of, 分位数回归
 回归分析,instance of, 分层广义线性模型
 回归分析,instance of, 可解释变异
 回归分析,instance of, 向量自回归模型
 回归分析,instance of, 多重共线性
 回归分析,instance of, 工具变量
 回归分析,instance of, 广义线性模型
 回归分析,instance of, 径向基函数网络
 回归分析,instance of, 曲线拟合
 回归分析,instance of, 最小二乘法
 回归分析,instance of, 泊松回归
 回归分析,instance of, 泰尔－森估算
 回归分析,instance of, 移动平均模型
 回归分析,instance of, 线性回归
 回归分析,instance of, 线性预测
 回归分析,instance of, 自变量和因变量
 回归分析,instance of, 自回归模型
 回归分析,instance of, 设计矩阵
 回归分析,instance of, 赤池信息量准则
 回归分析,instance of, 回归分析
 回归分析,instance of, 过适
 回归分析,instance of, 逻辑回归
 回归分析,instance of, 零膨胀
 数学优化软件,instance of, AMPL
 数学优化软件,instance of, COIN-OR
 数学优化软件,instance of, GNU线性规划工具集
 数学优化软件,instance of, Maple
 数学优化软件,instance of, Wolfram Mathematica
 最佳控制,instance of, LQR控制器
 最佳控制,instance of, 协态方程
 最佳控制,instance of, 哈密顿量 (最佳控制)
 最佳控制,instance of, 庞特里亚金最大化原理
 最佳控制,instance of, 最优控制
 最佳控制,instance of, 罗斯π引理
 最佳控制,instance of, 起停式控制
 最佳控制,instance of, 双设定点控制
 算法,instance of, CYK算法
 算法,instance of, DPLL算法
 算法,instance of, ElGamal加密算法
 算法,instance of, Flood fill
 算法,instance of, ID3算法
 算法,instance of, K-平均算法
 算法,instance of, LALR语法分析器
 算法,instance of, Move-to-front transform
 算法,instance of, Paxos算法
 算法,instance of, PSRS算法
 算法,instance of, Quorum (分布式系统)
 算法,instance of, RSA加密算法
 算法,instance of, Thompson构造法
 算法,instance of, Tomasulo算法
 算法,instance of, 交叉 (遗传算法)
 算法,instance of, 优先编码器
 算法,instance of, 伪代码
 算法,instance of, 伯利坎普－韦尔奇算法
 算法,instance of, 先进不出
 算法,instance of, 先验算法
 算法,instance of, 全排列生成算法
 算法,instance of, 凸包
 算法,instance of, 分治法
 算法,instance of, 匹配追踪
 算法,instance of, 原地算法
 算法,instance of, 启发式搜索
 算法,instance of, 回溯法
 算法,instance of, 埃拉托斯特尼筛法
 算法,instance of, 处理器亲和性
 算法,instance of, 大英博物馆算法
 算法,instance of, 奎因－麦克拉斯基算法
 算法,instance of, 密码强度
 算法,instance of, 左偏树
 算法,instance of, 差异进化算法
 算法,instance of, 布斯乘法算法
 算法,instance of, 布雷森汉姆直线算法
 算法,instance of, 并行排序
 算法,instance of, 德卡斯特里奥算法
 算法,instance of, 德布尔算法
 算法,instance of, 快取文件置换机制
 算法,instance of, 拉斯维加斯算法
 算法,instance of, 数据结构与算法术语列表
 算法,instance of, 施特拉森算法
 算法,instance of, 星期的计算
 算法,instance of, 最大期望算法
 算法,instance of, 最小圆覆盖
 算法,instance of, 最小生成树
 算法,instance of, 最邻近搜索
 算法,instance of, 最长公共子串
 算法,instance of, 最长公共子序列
 算法,instance of, 梁友栋-柏世奇算法
 算法,instance of, 模拟退火
 算法,instance of, 模糊聚类
 算法,instance of, 水塘抽样
 算法,instance of, 洗牌交换连接
 算法,instance of, 流加密
 算法,instance of, 画家算法
 算法,instance of, 确定性算法
 算法,instance of, 碰撞侦测
 算法,instance of, 禁忌搜索
 算法,instance of, 秦九韶算法
 算法,instance of, 算法
 算法,instance of, 算法与数据结构词典
 算法,instance of, 算法交易
 算法,instance of, 算法导论
 算法,instance of, 在线算法
 算法,instance of, 线性对数
 算法,instance of, 结构归纳法
 算法,instance of, 莱文斯坦距离
 算法,instance of, 萤火虫算法
 算法,instance of, 蚁群算法
 算法,instance of, 装置指纹
 算法,instance of, 语音算法
 算法,instance of, 贪心法
 算法,instance of, 速率单调
 算法,instance of, 遗传算法
 算法,instance of, 量子退火
 算法,instance of, 长除法
 算法,instance of, 除法器
 算法,instance of, 随机抽样一致
 算法,instance of, 马尔可夫算法
 算法,instance of, 黄金分割搜索
 信息论,instance of, MIMO
 信息论,instance of, 互信息
 信息论,instance of, 企业信息化
 信息论,instance of, 优先编码器
 信息论,instance of, 信息冗余
 信息论,instance of, 信息哲学
 信息论,instance of, 信息瓶颈
 信息论,instance of, 信息论
 信息论,instance of, 信源编码定理
 信息论,instance of, 信道容量
 信息论,instance of, 克劳德·香农
 信息论,instance of, 分布式信源编码
 信息论,instance of, 吞吐量
 信息论,instance of, 哈里·奈奎斯特
 信息论,instance of, 唯信息论
 信息论,instance of, 压缩感知
 信息论,instance of, 对称信道
 信息论,instance of, 带宽
 信息论,instance of, 广域信息论
 信息论,instance of, 引力的熵力假说
 信息论,instance of, 最小权限原则
 信息论,instance of, 有噪信道编码定理
 信息论,instance of, 条件熵
 信息论,instance of, 柯氏复杂性
 信息论,instance of, 梅特卡夫定律
 信息论,instance of, 熵 (信息论)
 信息论,instance of, 熵率
 信息论,instance of, 相对熵
 信息论,instance of, 算法信息论
 信息论,instance of, 编辑距离
 信息论,instance of, 纳特
 信息论,instance of, 编码率
 信息论,instance of, 网络编码
 信息论,instance of, 自信息
 信息论,instance of, 费希尔信息
 信息论,instance of, 费雪信息
 信息论,instance of, 过采样
 信息论,instance of, 采样定理
 信息论,instance of, 量子计算
 信息论,instance of, 随机数生成
 信息论,instance of, 频谱效率
 内容管理系统,instance of, Beyond Compare
 内容管理系统,instance of, CMS Made Simple
 内容管理系统,instance of, CMSimple XH
 内容管理系统,instance of, CMSimple
 内容管理系统,instance of, Coderity
 内容管理系统,instance of, Collablog
 内容管理系统,instance of, Drupal
 内容管理系统,instance of, ENQUIRE
 内容管理系统,instance of, Habari
 内容管理系统,instance of, Joomla!
 内容管理系统,instance of, LocalWiki
 内容管理系统,instance of, LogicalDOC
 内容管理系统,instance of, Movable Type
 内容管理系统,instance of, Omeka
 内容管理系统,instance of, OpenCMS
 内容管理系统,instance of, PivotX
 内容管理系统,instance of, Plone
 内容管理系统,instance of, SilverStripe
 内容管理系统,instance of, SupeSite
 内容管理系统,instance of, TYPO3
 内容管理系统,instance of, UCoz
 内容管理系统,instance of, WebGUI
 内容管理系统,instance of, WikkaWiki
 内容管理系统,instance of, WordPress
 内容管理系统,instance of, XOOPS Cube
 内容管理系统,instance of, XOOPS
 内容管理系统,instance of, XWiki
 内容管理系统,instance of, Zikula
 内容管理系统,instance of, 内容管理系统
 内容管理系统,instance of, 内容管理系统列表
 内容管理系统,instance of, 曼波
 推荐系统,instance of, Sci-Hub
 推荐系统,instance of, Yelp
 推荐系统,instance of, 协同过滤
 推荐系统,instance of, 推荐系统
 推荐系统,instance of, 烂西红柿
 数据库管理系统,instance of, Adaptive Server Enterprise
 数据库管理系统,instance of, Borland数据引擎
 数据库管理系统,instance of, Draft
 数据库管理系统,instance of, IBM DB2
 数据库管理系统,instance of, InterBase
 数据库管理系统,instance of, LibreOffice Base
 数据库管理系统,instance of, Mckoi Database
 数据库管理系统,instance of, Microsoft Access
 数据库管理系统,instance of, Microsoft SQL Server
 数据库管理系统,instance of, OpenOffice.org Base
 数据库管理系统,instance of, Oracle数据库
 数据库管理系统,instance of, RAC
 数据库管理系统,instance of, SAP HANA
 数据库管理系统,instance of, Spanner (数据库)
 数据库管理系统,instance of, SQL Server Express
 数据库管理系统,instance of, Template
 数据库管理系统,instance of, Windows Internal Database
 数据库管理系统,instance of, 乐观并发控制
 数据库管理系统,instance of, 二进制大型对象
 数据库管理系统,instance of, 关系 (数据库)
 数据库管理系统,instance of, 关系型数据库管理系统比较
 数据库管理系统,instance of, 关系键
 数据库管理系统,instance of, 列式数据库
 数据库管理系统,instance of, 字符大型对象
 数据库管理系统,instance of, 存储程序
 数据库管理系统,instance of, 悲观并发控制
 数据库管理系统,instance of, 数据冗余
 数据库管理系统,instance of, 数据库管理员
 数据库管理系统,instance of, 数据库管理系统
 数据库管理系统,instance of, 数据库索引
 数据库管理系统,instance of, 文件导向的数据库
 数据库管理系统,instance of, 时间数据库
 数据库管理系统,instance of, 数据库理论
 数据库管理系统,instance of, 关系数据库管理系统
 管理信息系统,instance of, Microsoft Project
 管理信息系统,instance of, Odoo
 管理信息系统,instance of, Windows管理规范
 管理信息系统,instance of, WINGs Display Manager
 管理信息系统,instance of, XMind
 管理信息系统,instance of, 主管支持系统
 管理信息系统,instance of, 产品生命周期管理 (市场)
 管理信息系统,instance of, 企业资源计划
 管理信息系统,instance of, 供货商管理库存系统
 管理信息系统,instance of, 保险应用架构
 管理信息系统,instance of, 决策支持系统
 管理信息系统,instance of, 制造资源计划
 管理信息系统,instance of, 商业过程管理
 管理信息系统,instance of, 客户关系管理
 管理信息系统,instance of, 工作流技术
 管理信息系统,instance of, 收益管理
 管理信息系统,instance of, 案例推论
 管理信息系统,instance of, 楼盘管理系统
 管理信息系统,instance of, 知识管理系统
 管理信息系统,instance of, 策略信息系统
 管理信息系统,instance of, 管理信息系统
 管理信息系统,instance of, 信息安全管理系统
 管理信息系统,instance of, 计算机整合制造
 系统软件,instance of, Ad-Aware
 系统软件,instance of, AutoRun
 系统软件,instance of, BartPE
 系统软件,instance of, CrossOver
 系统软件,instance of, Driver Booster
 系统软件,instance of, EasyInstall
 系统软件,instance of, EXeScope
 系统软件,instance of, Gearman
 系统软件,instance of, PlayOnLinux
 系统软件,instance of, R-Studio
 系统软件,instance of, Spybot-S&D
 系统软件,instance of, TuneUp Utilities
 系统软件,instance of, Windows优化大师
 系统软件,instance of, Windows预安装环境
 系统软件,instance of, Wise Care 365
 系统软件,instance of, Wise Disk Cleaner
 系统软件,instance of, Wise Registry Cleaner
 系统软件,instance of," Yellowdog Updater, Modified"
 系统软件,instance of, 易搜比软件
 系统软件,instance of, 服务器
 系统软件,instance of, 服务包
 系统软件,instance of, 申根信息系统
 系统软件,instance of, 监督程序
 系统软件,instance of, 直译器
 系统软件,instance of, 系统程序设计
 系统软件,instance of, 系统软件
 系统软件,instance of, 网络信息服务
 系统软件,instance of, 网页服务器
 系统软件,instance of, 翻译程序
 系统软件,instance of, 虚拟主机
 系统软件,instance of, 屏幕保护
 系统软件,instance of, 超级兔子
 系统软件,instance of, 软件包管理系统
 系统软件,instance of, 还原光盘
 系统软件,instance of, 鲁大师
 概率分布,instance of, 卡方分布
 概率分布,instance of, 多元正态分布
 概率分布,instance of, 孤子分布
 概率分布,instance of, 德国坦克问题
 概率分布,instance of, 条件概率分布
 概率分布,instance of, 柯西分布
 概率分布,instance of, 概率分布
 概率分布,instance of, 正态分布
 概率分布,instance of, 稳定分布
 概率分布,instance of, 退化分布
 概率分布,instance of, 离散型均匀分布
 统一塑模语言,instance of, 伊瓦尔·雅各布布布森
 统一塑模语言,instance of, 对象管理组织
 统一塑模语言,instance of, 用例图
 统一塑模语言,instance of, 系统建模语言
 统一塑模语言,instance of, 葛来迪·布区
 统一塑模语言,instance of, 詹姆士·兰宝
 中国机器人,instance of, 中国机器人
 中国机器人,instance of, 中国科研潜艇
 中国机器人,instance of, 中国空间探测器
 日本机器人,instance of, AIBO
 日本机器人,instance of, ASIMO
 日本机器人,instance of, HAL (动力服)
 日本机器人,instance of, HRP-4C
 日本机器人,instance of, Kirobo
 日本机器人,instance of, Pepper (机器人)
 日本机器人,instance of, QRIO
 日本机器人,instance of, Sota (机器人)
 日本机器人,instance of, 日本机器人
 美国机器人,instance of, Kismet
 美国机器人,instance of, 约翰霍普金斯野兽
 美国机器人,instance of, 美国机器人
 美国机器人,instance of, 美国太空总署探测器(子分类)
 美国机器人,instance of, 骑士视界 (机器人)
 中国机器人,instance of, 先行者
 中国机器人,instance of, 全国大学生机器人大赛
 日本机器人,instance of, AIBO
 日本机器人,instance of, ASIMO
 日本机器人,instance of, HAL (动力服)
 日本机器人,instance of, HRP-4C
 日本机器人,instance of, Kirobo
 日本机器人,instance of, Pepper (机器人)
 日本机器人,instance of, QRIO
 日本机器人,instance of, Sota (机器人)
 美国机器人,instance of, Kismet
 美国机器人,instance of, 约翰霍普金斯野兽
 美国机器人,instance of, 骑士视界 (机器人)
 导弹制导,instance of, 主动雷达导引
 导弹制导,instance of, 乘波导引
 导弹制导,instance of, 全球定位系统
 导弹制导,instance of, 半主动雷达制导
 导弹制导,instance of, 圆概率误差
 导弹制导,instance of, 导弹制导
 导弹制导,instance of, 射后不理
 导弹制导,instance of, 惯性导航系统
 导弹制导,instance of, 瞄准线半自动指令
 导弹制导,instance of, 瞄准线指令
 导弹制导,instance of, 红外线导引
 无人机,instance of, ADM-20诱饵无人机
 无人机,instance of, IAI豹
 无人机,instance of, MQ-1捕食者无人攻击机
 无人机,instance of, MQ-8火力侦察兵无人机
 无人机,instance of, MQ-9收割者侦察机
 无人机,instance of, P.1HH锤头无人机
 无人机,instance of, RQ-11渡鸦式无人侦察机
 无人机,instance of, RQ-170侦查机
 无人机,instance of, RQ-4全球鹰侦察机
 无人机,instance of, SR-72侦察机
 无人机,instance of, X-33试验机
 无人机,instance of, X-43试验机
 无人机,instance of, X-47A飞马试验机
 无人机,instance of, X-51乘波者试验机
 无人机,instance of, 云影无人机
 无人机,instance of, 候鸟无人机
 无人机,instance of, 利剑无人作战飞机
 无人机,instance of, 各国多轴飞行器监管情况
 无人机,instance of, 哈比无人机
 无人机,instance of, 复仇者无人驾驶战斗机
 无人机,instance of, 大疆 Mavic Pro
 无人机,instance of, 大疆精灵4
 无人机,instance of, 奥拉无人作战飞机
 无人机,instance of, 彩虹五号无人机
 无人机,instance of, 扫描鹰无人机
 无人机,instance of, 搜索者侦察机
 无人机,instance of, 暗剑无人机
 无人机,instance of, 泽弗
 无人机,instance of, 海上战术侦搜大队
 无人机,instance of, 无人地面载具
 无人机,instance of, 无人战斗航空载具
 无人机,instance of, 无人机
 无人机,instance of, 无人水下载具
 无人机,instance of, 无人水面载具
 无人机,instance of, 无人航空载具
 无人机,instance of, 神经元无人作战飞机
 无人机,instance of, 红雀微型无人机
 无人机,instance of, 翔龙无人机
 无人机,instance of, 翼龙系列无人机
 无人机,instance of, 自主水下载具
 无人机,instance of, 赫耳墨斯900
 无人机,instance of, 遥控飞机
 无人机,instance of, 锐鸢无人机
 无人机,instance of, 雷神无人机
 无人机,instance of, 腾云无人机
 无人机,instance of, 高超音速武器
 无人机,instance of, 鳐鱼无人机
 无人机无人机制造商,instance of, 大疆创新
 无人机无人机制造商,instance of, 经纬航天
 潜艇机器人,instance of, 海神号 (水下航行器)
 潜艇机器人,instance of, 自主水下载具
 潜艇机器人,instance of, 遥控潜水器
 无人地面载具,instance of, Ligier EZ10
 无人地面载具,instance of, 无人地面载具
 无人地面载具,instance of, 能量自律战术机器
 无人地面载具,instance of, 遥控战车
 无人地面载具,instance of, 龙行者
 空间探测器,instance of, MAVEN
 空间探测器,instance of, Template
 空间探测器,instance of, 伽利略号探测器
 空间探测器,instance of, 信使号
 空间探测器,instance of, 先锋计划
 空间探测器,instance of, 卡西尼-惠更斯号
 空间探测器,instance of, 土星探测
 空间探测器,instance of, 天王星探测
 空间探测器,instance of, 探索者计划
 空间探测器,instance of, 斯基亚帕雷利EDM登陆器
 空间探测器,instance of, 新视野二号
 空间探测器,instance of, 新视野号
 空间探测器,instance of, 星尘号
 空间探测器,instance of, 曙光号
 空间探测器,instance of, 会合-舒梅克号
 空间探测器,instance of, 木星探测
 空间探测器,instance of, 朱诺号
 空间探测器,instance of, 水手10号
 空间探测器,instance of, 水手3号
 空间探测器,instance of, 水手4号
 空间探测器,instance of, 水手5号
 空间探测器,instance of, 水手6号
 空间探测器,instance of, 水手7号
 空间探测器,instance of, 水手8号
 空间探测器,instance of, 水手9号
 空间探测器,instance of, 水手号计划
 空间探测器,instance of, 海王星探测
 空间探测器,instance of, 深空一号
 空间探测器,instance of, 火星微量气体任务卫星
 空间探测器,instance of, 福布斯－土壤
 空间探测器,instance of, 空间探测器
 空间探测器,instance of, 罗塞塔号
 空间探测器,instance of, 航海家计划
 空间探测器,instance of, 菲莱登陆器
 空间探测器,instance of, 起源号
 空间探测器,instance of, 隼鸟号
 军用机器人,instance of, 30毫米DS30M Mk 2小口径机炮
 军用机器人,instance of, 利剑无人作战飞机
 军用机器人,instance of, 哥利亚遥控炸弹
 军用机器人,instance of, 守门员近迫武器系统
 军用机器人,instance of, 拆弹机械人
 军用机器人,instance of, 方阵近迫武器系统
 军用机器人,instance of, 木牛流马
 军用机器人,instance of, 机械骡
 军用机器人,instance of, 波士顿机械狗
 军用机器人,instance of, 神经元无人作战飞机
 军用机器人,instance of, 能量自律战术机器
 军用机器人,instance of, 雷神无人机
 军用机器人,instance of, 鳐鱼无人机
 军用机器人,instance of, 龙行者
 Prolog,instance of, Prolog
 Prolog,instance of, Visual Prolog
 时间旅行,instance of, TARDIS
 时间旅行,instance of, Template
 时间旅行,instance of, 封闭类时曲线
 时间旅行,instance of, 快子
 时间旅行,instance of, 时序保护猜想
 时间旅行,instance of, 时间倒流
 时间旅行,instance of, 时间悖论
 时间旅行,instance of, 时间旅行
 时间旅行,instance of, 时光机 (哆啦A梦)
 时间旅行,instance of, 时空旅人
 时间旅行,instance of, 祖父悖论
 时间旅行,instance of, 约翰·提托
 时间旅行,instance of, 虫洞
 时间旅行,instance of, 诺维科夫自洽性原则
 时间旅行,instance of, 迪罗伦时光机
 目的论,instance of, 大撕裂
 目的论,instance of, 定向演化
 目的论,instance of, 目的论
 目的论,instance of, 目的论论证
 随机性,instance of, M-sequence
 随机性,instance of, 五人法则
 随机性,instance of, 伪随机序列
 随机性,instance of, 彩票摇奖机
 随机性,instance of, 拉斯维加斯算法
 随机性,instance of, 掷硬币
 随机性,instance of, 水塘抽样
 随机性,instance of, 无限猴子定理
 随机性,instance of, 百万乱数表
 随机性,instance of, 算法信息论
 随机性,instance of, 随机函数
 随机性,instance of, 随机变量
 随机性,instance of, 随机场
 随机性,instance of, 随机性
 随机性,instance of, 随机数
 随机性,instance of, 随机数列
 随机性,instance of, 随机森林
 小组过程,instance of, Template
 小组过程,instance of, 交互记忆
 小组过程,instance of, 内团体与外团体
 小组过程,instance of, 八卦新闻
 小组过程,instance of, 兽群
 小组过程,instance of, 同侪压力
 小组过程,instance of, 团体迷思
 小组过程,instance of, 拒绝社交
 小组过程,instance of, 社会性动物
 小组过程,instance of, 群体动力学
 小组过程,instance of, 自我审查
 小组过程,instance of, 集体歇斯底里
 小组过程,instance of, 食物大战
 因果律,instance of, 其他条件不变
 因果律,instance of, 只因少了一颗钉
 因果律,instance of, 多米诺骨牌效应
 因果律,instance of, 格兰杰因果关系
 因果律,instance of, 解释
 归纳推理,instance of, 归纳推理
 软件度量,instance of, DSQI
 软件度量,instance of, 代码覆盖率
 软件度量,instance of, 内聚性 (计算器科学)
 软件度量,instance of, 同步复杂度
 软件度量,instance of, 循环复杂度
 软件度量,instance of, 本质复杂度
 软件度量,instance of, 涟漪效应
 软件度量,instance of, 耦合性 (计算器科学)
 软件度量,instance of, 软件度量
 软件度量,instance of, 软件熵
 软件度量,instance of, 霍尔斯特德复杂度量测
 静态程序分析,instance of, 数据流分析
 静态程序分析,instance of, 污点检验
 系统功能语言学,instance of, 语调
 数学优化,instance of, Rosenbrock函数
 数学优化,instance of, 反应曲面法
 数学优化,instance of, 多学科设计优化
 数学优化,instance of, 差异进化算法
 数学优化,instance of, 布谷鸟搜索算法
 数学优化,instance of, 庞特里亚金最大化原理
 数学优化,instance of, 格里旺克函数
 数学优化,instance of, 离散优化
 数学优化,instance of, 约束 (数学)
 数学优化,instance of, 置信域方法
 数学优化,instance of, 莱文贝格－马夸特方法
 数学优化,instance of, 萤火虫算法
 数学优化,instance of, 蝙蝠算法
 数学优化,instance of, 贝尔曼方程
 数学优化,instance of, 非线性规划
 回归分析,instance of, ARIMA模型
 回归分析,instance of, ARMA模型
 回归分析,instance of, Lasso算法
 回归分析,instance of, RATS
 回归分析,instance of, 倾向评分匹配
 回归分析,instance of, 偏最小二乘回归
 回归分析,instance of, 决定系数
 回归分析,instance of, 分位数回归
 回归分析,instance of, 分层广义线性模型
 回归分析,instance of, 可解释变异
 回归分析,instance of, 向量自回归模型
 回归分析,instance of, 多重共线性
 回归分析,instance of, 工具变量
 回归分析,instance of, 广义线性模型
 回归分析,instance of, 径向基函数网络
 回归分析,instance of, 曲线拟合
 回归分析,instance of, 最小二乘法
 回归分析,instance of, 泊松回归
 回归分析,instance of, 泰尔－森估算
 回归分析,instance of, 移动平均模型
 回归分析,instance of, 线性回归
 回归分析,instance of, 线性预测
 回归分析,instance of, 自变量和因变量
 回归分析,instance of, 自回归模型
 回归分析,instance of, 设计矩阵
 回归分析,instance of, 赤池信息量准则
 回归分析,instance of, 回归分析
 回归分析,instance of, 过适
 回归分析,instance of, 逻辑回归
 回归分析,instance of, 零膨胀
 变异数分析,instance of, F检验
 变异数分析,instance of, 合并方差
 理论计算机科学,instance of, DNA运算
 理论计算机科学,instance of, NL完全
 理论计算机科学,instance of, 三个世界理论 (信息学)
 理论计算机科学,instance of, 伪多项式时间
 理论计算机科学,instance of, 伪随机性
 理论计算机科学,instance of, 分布式计算
 理论计算机科学,instance of, 密码学
 理论计算机科学,instance of, 工作量证明
 理论计算机科学,instance of, 并行计算
 理论计算机科学,instance of, 形式化方法
 理论计算机科学,instance of, 拜占庭将军问题
 理论计算机科学,instance of, 持有量证明
 理论计算机科学,instance of, 数据结构
 理论计算机科学,instance of, 未解决的计算器科学问题
 理论计算机科学,instance of, 理论计算器科学
 理论计算机科学,instance of, 算法
 理论计算机科学,instance of, 精确覆盖问题
 理论计算机科学,instance of, 编码理论
 理论计算机科学,instance of, 自动推理
 理论计算机科学,instance of, 自动机理论
 理论计算机科学,instance of, 自旋电子学
 理论计算机科学,instance of, 计算复杂性理论
 理论计算机科学,instance of, 计算几何
 理论计算机科学,instance of, 递归定义
 理论计算机科学,instance of, 量子计算
 信息系统,instance of, AMeDAS
 信息系统,instance of, DataPower
 信息系统,instance of, Xcon
 信息系统,instance of, 专家系统
 信息系统,instance of, 事务处理系统
 信息系统,instance of, 企业架构
 信息系统,instance of, 信息烟囱
 信息系统,instance of, 信息系统
 信息系统,instance of, 制造执行系统
 信息系统,instance of, 医院信息系统
 信息系统,instance of, 实验室信息管理系统
 信息系统,instance of, 实验室信息系统
 信息系统,instance of, 室内导航
 信息系统,instance of, 智能型运输系统
 信息系统,instance of, 业务自动化
 信息系统,instance of, 知识管理
 信息系统,instance of, 结构化系统分析及设计方法
 信息系统,instance of, 信息系统建置
 信息系统,instance of, 道路交通信息通信系统
 信息系统,instance of, 销售时点情报系统
 信息系统,instance of, 计算机辅助沟通
 数学模型,instance of, AMPL
 数学模型,instance of, Simulink
 数学模型,instance of, Stateflow
 数学模型,instance of, 代理模型
 数学模型,instance of, 复杂系统
 数学模型,instance of, 布莱克-舒尔兹模型
 数学模型,instance of, 指数增长
 数学模型,instance of, 数学模型
 数学模型,instance of, 白箱模型
 数学模型,instance of, 相场模型
 科学建模,instance of, 世界观
 科学建模,instance of, 个体为本模型
 科学建模,instance of, 代理模型
 科学建模,instance of, 信息可视化
 科学建模,instance of, 再现
 科学建模,instance of, 几何模型
 科学建模,instance of, 可视化 (计算机图形学)
 科学建模,instance of, 商业棋
 科学建模,instance of, 心智模型
 科学建模,instance of, 敏感度分析
 科学建模,instance of, 数学模型
 科学建模,instance of, 数据建模
 科学建模,instance of, 模型
 科学建模,instance of, 灰箱模型
 科学建模,instance of, 特征整合论
 科学建模,instance of, 知识表示
 科学建模,instance of, 离散事件仿真
 科学建模,instance of, 科学可视化
 科学建模,instance of, 蓝脑计划
 科学建模,instance of, 计算机模拟
 科学建模,instance of, 键结图
 集合论系统,instance of, 公理化集合论
 集合论系统,instance of, 冯诺伊曼-博内斯-哥德尔集合论
 集合论系统,instance of, 半集合
 集合论系统,instance of, 可替代的集合论
 集合论系统,instance of, 描述集合论
 集合论系统,instance of, 新基础集合论
 集合论系统,instance of, 朴素集合论
 集合论系统,instance of, 模糊集
 集合论系统,instance of, 正集合论
 集合论系统,instance of, 策梅洛-弗兰克尔集合论
 集合论系统,instance of, 策梅洛集合论
 集合论系统,instance of, 粗集合
 中国机器人学,instance of, 中国机器人学
 各国机器人,instance of, 各国机器人
 各国机器人学家,instance of, 各国机器人学家
 日本机器人学,instance of, 日本机器人学
 美国机器人学,instance of, 美国机器人学
 3D打印,instance of, 3D 生物打印
 3D打印,instance of, 3D打印
 3D打印,instance of, Artec 3D
 3D打印,instance of, RepRap
 3D打印,instance of, STL (文件格式)
 3D打印,instance of, Treatstock
 3D打印,instance of, 光造形术
 3D打印,instance of, 快速成型
 3D打印,instance of, 熔融沉积成型
 工业机器人,instance of, ABB
 工业机器人,instance of, SCARA
 工业机器人,instance of, 协作式机器人
 工业机器人,instance of, 发那科
 工业机器人,instance of, 安川电机
 工业机器人,instance of, 工业机器人
 工业机器人,instance of, 库卡
 工业机器人,instance of, 新松机器人自动化公司
 工业机器人,instance of, 电装
 智能设备,instance of, 智能显示器
 智能设备,instance of, 瘦客户端
 动物型机器人,instance of, AIBO
 动物型机器人,instance of, 动物型机器人
 工业机器人,instance of, ABB
 工业机器人,instance of, SCARA
 工业机器人,instance of, 协作式机器人
 工业机器人,instance of, 发那科
 工业机器人,instance of, 安川电机
 工业机器人,instance of, 工业机器人
 工业机器人,instance of, 库卡
 工业机器人,instance of, 新松机器人自动化公司
 工业机器人,instance of, 电装
 无人载具,instance of, BeetleCam
 无人载具,instance of, 反舰弹道导弹
 无人载具,instance of, 土卫六－土星系统任务
 无人载具,instance of, 木卫二－木星系统任务
 无人载具,instance of, 自主机器人
 无人载具,instance of, 自动驾驶
 无人载具,instance of, 遥控模型
 机器人题材作品,instance of, BASQUASH!
 机器人题材作品,instance of, G-Saviour
 机器人题材作品,instance of, Muv-Luv Alternative
 机器人题材作品,instance of, Muv-Luv
 机器人题材作品,instance of, Schwarzesmarken
 机器人题材作品,instance of, UFO战士阿波罗
 机器人题材作品,instance of, 人造人间电脑奇侠
 机器人题材作品,instance of, 光速电神
 机器人题材作品,instance of, 太空堡垒卡拉狄加
 机器人题材作品,instance of, 太空突击队
 机器人题材作品,instance of, 宇宙铁人天地双龙
 机器人题材作品,instance of, 从太阳出击
 机器人题材作品,instance of, 怪物王女
 机器人题材作品,instance of, 我，机器人
 机器人题材作品,instance of, 捉兔记
 机器人题材作品,instance of, 推理 (短篇小说)
 机器人题材作品,instance of, 攻壳机动队
 机器人题材作品,instance of, 新世纪国军战士
 机器人题材作品,instance of, 无敌巴拉达
 机器人题材作品,instance of, 无敌超人赞波3
 机器人题材作品,instance of, 无敌钢人泰坦3
 机器人题材作品,instance of, 星际争霸战
 机器人题材作品,instance of, 最强机器 大王者
 机器人题材作品,instance of, 机器人瓦力 (原声碟)
 机器人题材作品,instance of, 机器人奇诺丘
 机器人题材作品,instance of, 机器人系列
 机器人题材作品,instance of, 爆丸小子
 机器人题材作品,instance of, 环舞 (短篇小说)
 机器人题材作品,instance of, 甜蜜的接触
 机器人题材作品,instance of, 电脑奇侠
 机器人题材作品,instance of, 电脑奇侠REBOOT
 机器人题材作品,instance of, 百变龙
 机器人题材作品,instance of, 红色巴隆
 机器人题材作品,instance of, 英雄时代 (动画)
 机器人题材作品,instance of, 苹果核战
 机器人题材作品,instance of, 詹伯a
 机器人题材作品,instance of, 超智能足球
 机器人题材作品,instance of, 钢铁吉克
 机器人题材作品,instance of, 铁甲机
 机器人题材作品,instance of, 银河系漫游指南系列
 机器人题材作品,instance of, 飞龙特攻队
 机器人题材作品,instance of, 魔神班达
 机器人题材作品,instance of, 魔神英雄传系列
 球形机器人,instance of, Sphero
 球形机器人,instance of, 球形机器人
 社交机器人,instance of, Kismet
 社交机器人,instance of, QRIO
 社交机器人,instance of, 协作式机器人
 社交机器人,instance of, 社交机器人
 社交机器人,instance of, 索菲亚 (机器人)
 自动驾驶汽车,instance of, Ligier EZ10
 自动驾驶汽车,instance of, Mobileye
 自动驾驶汽车,instance of, TomTom
 自动驾驶汽车,instance of, Waymo
 自动驾驶汽车,instance of, 自动驾驶汽车
 医疗机器人,instance of, HAL (动力服)
 医疗机器人,instance of, 医疗用机器人
 类人型机器人,instance of, ASIMO
 类人型机器人,instance of, 类人型机器人
 机器人感应,instance of, 光学雷达
 机器人学公司,instance of, ABB
 机器人学公司,instance of, InTouch Health
 机器人学公司,instance of, IRobot
 机器人学公司,instance of, 发那科
 机器人学公司,instance of, 库卡
 机器人学公司,instance of, 恩纳基科技
 机器人学公司,instance of, 波士顿动力公司
 机器人学公司,instance of, 精工爱普生
 决策树,instance of, C4.5算法
 决策树,instance of, ID3算法
 决策树,instance of, 决策树
 决策树,instance of, 决策树学习
 决策树,instance of, 随机森林
 遗传算法,instance of, 交叉 (遗传算法)
 遗传算法,instance of, 定义长度
 遗传算法,instance of, 染色体 (遗传算法)
 遗传算法,instance of, 突变 (遗传算法)
 遗传算法,instance of, 遗传算法
 遗传算法,instance of, 遗传编程
 遗传算法,instance of, 遗传操作数
 遗传算法,instance of, 黄鼠狼程序
 遗传算法,instance of, 交叉 (遗传算法)
 遗传算法,instance of, 定义长度
 遗传算法,instance of, 染色体 (遗传算法)
 遗传算法,instance of, 突变 (遗传算法)
 遗传算法,instance of, 遗传算法
 遗传算法,instance of, 遗传编程
 遗传算法,instance of, 遗传操作数
 遗传算法,instance of, 黄鼠狼程序
 卡牌对战电子游戏,instance of, Emperors SaGa
 卡牌对战电子游戏,instance of, 全民魔兽
 卡牌对战电子游戏,instance of, 刀剑乱舞
 卡牌对战电子游戏,instance of, 卡牌对决
 卡牌对战电子游戏,instance of, 卧龙传说-三国名将传
 卡牌对战电子游戏,instance of, 去吧皮卡丘
 卡牌对战电子游戏,instance of, 合金装备Ac!d2
 卡牌对战电子游戏,instance of, 坦克世界：将军
 卡牌对战电子游戏,instance of, 小冰冰传奇
 卡牌对战电子游戏,instance of, 巫师之昆特牌
 卡牌对战电子游戏,instance of, 恋与制作人
 卡牌对战电子游戏,instance of, 潜龙谍影Ac!d
 卡牌对战电子游戏,instance of, 激斗棒球魂
 卡牌对战电子游戏,instance of, 火焰之纹章 英雄
 卡牌对战电子游戏,instance of, 炉石传说
 卡牌对战电子游戏,instance of, 碧蓝幻想
 卡牌对战电子游戏,instance of, 舰娘收藏
 卡牌对战电子游戏,instance of, 闇影诗章
 卡牌对战电子游戏,instance of, 阴阳师 (游戏)
 卡牌对战电子游戏,instance of, 陆行鸟与魔法绘本
 卡牌对战电子游戏,instance of, 霸天开拓史 永恒之翼与失落之海
 卡牌对战电子游戏,instance of, 魔法门之冠军对决
 卡牌对战电子游戏,instance of, 魔法风云会Online
 电子卡牌游戏小作品,instance of, Template
 电子卡牌游戏小作品,instance of, 全民魔兽
 电子卡牌游戏小作品,instance of, 卧龙传说-三国名将传
 电子卡牌游戏小作品,instance of, 卷轴 (游戏)
 电子卡牌游戏小作品,instance of, 合金装备Ac!d2
 电子卡牌游戏小作品,instance of, 潜龙谍影Ac!d
 电子卡牌游戏小作品,instance of, 激斗棒球魂
 电子卡牌游戏小作品,instance of, 浏览器一骑当千 爆乳争霸传
 电子卡牌游戏小作品,instance of, 舰娘收藏
 数据挖掘和机器学习软件,instance of, Giraph
 数据挖掘和机器学习软件,instance of, SPSS Modeler
 数据挖掘和机器学习软件,instance of, TensorFlow
 数据挖掘和机器学习软件,instance of, Wolfram Mathematica
 聚类分析,instance of, K-平均算法
 聚类分析,instance of, 信息瓶颈
 聚类分析,instance of, 模糊聚类
 聚类分析,instance of, 聚类分析
 聚类分析,instance of, 高斯混合模型
 本体编辑器,instance of, Protégé
 本体编辑器,instance of, 本体编辑器
 本体语言,instance of, 本体语言
 本体语言,instance of, 本体语言
 资源描述框架,instance of, SPARQL
 资源描述框架,instance of, 资源描述框架
 本体编辑器,instance of, Protégé
 本体编辑器,instance of, 本体编辑器
 专家系统,instance of, Jess程序设计语言
 专家系统,instance of, Xcon
 专家系统,instance of, 专家系统
 受控词表,instance of, ICD-10 第一章：某些传染病和寄生虫病
 受控词表,instance of, ICD-10 第七章：眼和附器疾病
 受控词表,instance of, ICD-10 第三章：血液及造血器官疾病和某些涉及免疫机制的疾患
 受控词表,instance of, ICD-10 第九章：循环系统疾病
 受控词表,instance of, ICD-10 第二十一章：影响健康状态和与保健机构接触的因素
 受控词表,instance of, ICD-10 第二十章：疾病和死亡的外因
 受控词表,instance of, ICD-10 第五章：精神和行为障碍
 受控词表,instance of, ICD-10 第八章：耳和乳突疾病
 受控词表,instance of, ICD-10 第六章：神经系统疾病
 受控词表,instance of, ICD-10 第十一章：消化系统疾病
 受控词表,instance of, ICD-10 第十七章：先天畸形、变形和染色体异常
 受控词表,instance of, ICD-10 第十三章：肌肉骨骼系统和结缔组织疾病
 受控词表,instance of, ICD-10 第十九章：损伤、中毒和外因的某些其他后果
 受控词表,instance of, ICD-10 第十二章：皮肤和皮下组织疾病
 受控词表,instance of, ICD-10 第十五章：妊娠、分娩和产褥期
 受控词表,instance of, ICD-10 第十八章：症状、体征和临床与实验室异常所见
 受控词表,instance of, ICD-10 第十六章：起源于围产期的某些情况
 受控词表,instance of, ICD-10 第十四章：泌尿生殖系统疾病
 受控词表,instance of, ICD-10 第十章：呼吸系统疾病
 受控词表,instance of, ICD-10 第四章：内分泌、营养和代谢疾病
 受控词表,instance of, ICD-10
 受控词表,instance of, ICD-9编码列表
 受控词表,instance of, SNOMED CT
 受控词表,instance of, 一体化医学语言系统
 受控词表,instance of, 医学主题词
 受控词表,instance of, 国际疾病与相关健康问题统计分类
 受控词表,instance of, 自由软件目录
 受控词表,instance of, 艺术家联合名录
 受控词表,instance of, 观测指针标识符逻辑命名与编码系统
 语义wiki,instance of, Translatewiki.net
 语义wiki,instance of, 自由软件目录
 资源描述框架,instance of, SPARQL
 资源描述框架,instance of, 资源描述框架
 因果律,instance of, 其他条件不变
 因果律,instance of, 只因少了一颗钉
 因果律,instance of, 多米诺骨牌效应
 因果律,instance of, 格兰杰因果关系
 因果律,instance of, 解释
 整体论,instance of, 全球脑
 整体论,instance of, 协同效应
 整体论,instance of, 乌伊拉德·冯·奥曼·蒯因
 整体论,instance of, 超个体
 Prolog,instance of, Prolog
 Prolog,instance of, Visual Prolog
 人脸识别,instance of, 特征脸
 光学字符识别,instance of, ABBYY
 光学字符识别,instance of, 人类可读介质
 自动驾驶汽车,instance of, Ligier EZ10
 自动驾驶汽车,instance of, Mobileye
 自动驾驶汽车,instance of, TomTom
 自动驾驶汽车,instance of, Waymo
 自动驾驶汽车,instance of, 自动驾驶汽车
 土地规划,instance of, 商圈
 土地规划,instance of, 土地法 (中华民国)
 土地规划,instance of, 坟场
 土地规划,instance of, 工业区
 土地规划,instance of, 工业园区
 土地规划,instance of, 市区更新
 土地规划,instance of, 校园
 土地规划,instance of, 机场
 土地规划,instance of, 高雄港区土地开发公司
 战略,instance of, 以空间换时间
 战略,instance of, 停火
 战略,instance of, 分而治之
 战略,instance of, 制海权
 战略,instance of, 力量投射
 战略,instance of, 咽喉点
 战略,instance of, 唐太宗李卫公问对
 战略,instance of, 城镇战
 战略,instance of, 大战略
 战略,instance of, 封锁
 战略,instance of, 战略
 战略,instance of, 战略计划
 战略,instance of, 政治化
 战略,instance of, 新世界秩序
 战略,instance of, 新加坡战略
 战略,instance of, 施里芬计划
 战略,instance of, 消耗战
 战略,instance of, 无限制潜艇战
 战略,instance of, 皮洛士式胜利
 战略,instance of, 第一岛链
 战略,instance of, 第十七号计划
 战略,instance of, 经济战
 战略,instance of, 蓝色方案
 战略,instance of, 衡山之谋
 战略,instance of, 跳岛战术
 战略,instance of, 长远目标、使命和信念
 系统思维,instance of, 水平思考
 系统思维,instance of, 系统思维
 系统思维,instance of, 贝拉·巴纳锡
 系统思维,instance of, 软件质量
 航天计划,instance of, 土卫六－土星系统任务
 航天计划,instance of, 曙光女神计划
 航天计划,instance of, 法国国家太空研究中心
 航天计划,instance of, 维京号
 航天计划,instance of, 近地轨道防护盾计划
 半导体分析,instance of, 原子力显微镜
 半导体分析,instance of, 故障分析
 归纳推理,instance of, 归纳推理
 悬疑,instance of, 悬疑音乐
 悬疑,instance of, 谜团
 悬疑,instance of, 黑血 (漫画)
 推理,instance of, 充足理由律
 推理,instance of, 数字推理
 推理,instance of, 理性
 推理,instance of, 理性主体
 推理,instance of, 自动推理
 程序分析,instance of, 别名 (计算)
 程序分析,instance of, 定义可达性
 程序分析,instance of, 控制流分析
 程序分析,instance of, 程序分析
 程序分析,instance of, 符号执行
 程序分析,instance of, 软件度量
 程序分析,instance of, 静态程序分析
 篇章分析,instance of, 探讨
 篇章分析,instance of, 篇章分析
 篇章分析,instance of, 话语和社会
 篇章分析,instance of, 语境
 篇章分析,instance of, 话语语言学
 系统分析,instance of, OODA循环
 系统分析,instance of, 系统整合
 系统分析,instance of, 系统关系图
 系统分析,instance of, 电源完整性
 计算机网络分析,instance of, NetFlow
 计算机网络分析,instance of, Ns (模拟器)
 计算机网络分析,instance of, Qualnet
 计算机网络分析,instance of, SFlow
 计算机网络分析,instance of, 带宽时延乘积
 计算机网络分析,instance of, 网站流量
 资料分析,instance of, Minitab
 资料分析,instance of, 主成分分析
 资料分析,instance of, 平滑
 资料分析,instance of, 德国坦克问题
 资料分析,instance of, 数据分析
 资料分析,instance of, 聚类分析
 资料分析,instance of, 复回归分析
 资料分析,instance of, 邻里成分分析
 形式科学,instance of, 人工智能
 形式科学,instance of, 信息论
 形式科学,instance of, 图像分析
 形式科学,instance of, 形式化方法
 形式科学,instance of, 形式科学
 形式科学,instance of, 理论计算器科学
 形式科学,instance of, 生物信息学
 形式科学,instance of, 精密科学
 形式科学,instance of, 系统科学
 抽象数据类型,instance of, 串行 (抽象数据型别)
 抽象数据类型,instance of, 关联数组
 抽象数据类型,instance of, 堆栈
 抽象数据类型,instance of, 多重关连数组
 抽象数据类型,instance of, 容器 (抽象数据类型)
 抽象数据类型,instance of, 抽象数据型别
 抽象数据类型,instance of, 生成器 (计算机编程)
 抽象数据类型,instance of, 迭代器
 抽象数据类型,instance of, 队列
 抽象数据类型,instance of, 集合 (计算机科学)
 概念系统,instance of, 元系统
 概念系统,instance of, 公理系统
 概念系统,instance of, 实验系统
 逻辑,instance of, DPLL算法
 逻辑,instance of, 下反对关系
 逻辑,instance of, 互斥
 逻辑,instance of, 伊比鸠鲁学派
 逻辑,instance of, 传统逻辑
 逻辑,instance of, 充分必要条件
 逻辑,instance of, 充足理由律
 逻辑,instance of, 先有鸡还是先有蛋
 逻辑,instance of, 前件
 逻辑,instance of, 原则
 逻辑,instance of, 双重否定除去
 逻辑,instance of, 反例
 逻辑,instance of, 反证法
 逻辑,instance of, 可测试性
 逻辑,instance of, 后件
 逻辑,instance of, 向量逻辑
 逻辑,instance of, 否定后件
 逻辑,instance of, 周延 (哲学概念)
 逻辑,instance of, 命题
 逻辑,instance of, 命题逻辑
 逻辑,instance of, 哲学逻辑
 逻辑,instance of, 因子图
 逻辑,instance of, 多值逻辑
 逻辑,instance of, 孤证不立
 逻辑,instance of, 布尔逻辑
 逻辑,instance of, 归纳推理
 逻辑,instance of, 形式主义
 逻辑,instance of, 从言与从实
 逻辑,instance of, 德摩根定律
 逻辑,instance of, 思维规律
 逻辑,instance of, 恶魔的证明
 逻辑,instance of, 悖论
 逻辑,instance of, 批判性思维
 逻辑,instance of, 排中律
 逻辑,instance of, 推理
 逻辑,instance of, 推理规则
 逻辑,instance of, 数学原理
 逻辑,instance of, 数理逻辑
 逻辑,instance of, 文氏图
 逻辑,instance of, 无矛盾律
 逻辑,instance of, 明希豪森三难困境
 逻辑,instance of, 有效性
 逻辑,instance of, 概率逻辑
 逻辑,instance of, 模态逻辑
 逻辑,instance of, 欧拉图
 逻辑,instance of, 归谬法
 逻辑,instance of, 波菲利之树
 逻辑,instance of, 溯因推理
 逻辑,instance of, 演绎推理
 逻辑,instance of, 白马非马
 逻辑,instance of, 直陈条件
 逻辑,instance of, 经典逻辑
 逻辑,instance of, 自指
 逻辑,instance of, 辖域
 逻辑,instance of, 逆推法
 逻辑,instance of, 选言判断
 逻辑,instance of, 逻辑
 逻辑,instance of, 逻辑史
 逻辑,instance of, 逻辑或非
 逻辑,instance of, 逻辑推理
 逻辑,instance of, 逻辑符号表
 逻辑,instance of, 逻辑论证
 逻辑,instance of, 道义逻辑
 逻辑,instance of, 逻辑语义学
 逻辑,instance of, 非古典逻辑
 逻辑,instance of, 非形式逻辑
 Prolog,instance of, Prolog
 Prolog,instance of, Visual Prolog
 美国人工智能协会会士,instance of, 周志华 (计算机科学家)
 美国人工智能协会会士,instance of, 杨强
 美国人工智能协会会士,instance of, 杰弗里·辛顿
 美国人工智能协会会士,instance of, 迈克尔·乔丹 (学者)
 美国人工智能协会会士,instance of, 达芙妮·科勒
 美国人工智能协会会士,instance of, 邢波
 美国人工智能协会会士,instance of, 马文·闵斯基
 人脸识别,instance of, 人脸识别
 人脸识别,instance of, 特征脸
 代理人为基础之软件,instance of, Gatebox
 代理人为基础之软件,instance of, 代理人为基础之软件
 代理人为基础之软件,instance of, 虚拟助理
 光学字符识别,instance of, ABBYY
 光学字符识别,instance of, 人类可读介质
 光学字符识别,instance of, 光学字符识别
 聊天机器人,instance of, Tay
 聊天机器人,instance of, 小冰
 聊天机器人,instance of, 尤金·古斯特曼
 聊天机器人,instance of, 聊天机器人
 聊天机器人,instance of, 聊天机器人
 聊天机器人,instance of, 虚拟助理
 自然语言处理,instance of, Deeplearning4j
 自然语言处理,instance of, MARF
 自然语言处理,instance of, N元语法
 自然语言处理,instance of, OpenNLP
 自然语言处理,instance of, Powerset
 自然语言处理,instance of, RSVP Technologies Inc.
 自然语言处理,instance of, Tatoeba
 自然语言处理,instance of, Word2vec
 自然语言处理,instance of, 中文自动分词
 自然语言处理,instance of, 主题模型
 自然语言处理,instance of, 关键语
 自然语言处理,instance of, 双字母组
 自然语言处理,instance of, 对联机
 自然语言处理,instance of, 扩展查询
 自然语言处理,instance of, 文字蕴涵
 自然语言处理,instance of, 文本情感分析
 自然语言处理,instance of, 文档分类
 自然语言处理,instance of, 机器翻译(子分类)
 自然语言处理,instance of, 机器记者
 自然语言处理,instance of, 汉语自动句法分析
 自然语言处理,instance of, 篇章分析
 自然语言处理,instance of, 约限语言
 自然语言处理,instance of, 自然语言处理
 自然语言处理,instance of, 自然语言
 自然语言处理,instance of, 自然语言处理
 自然语言处理,instance of, 自然语言处理软件(子分类)
 自然语言处理,instance of, 自然语言理解
 自然语言处理,instance of, 词汇标示框架
 自然语言处理,instance of, 词义消歧(子分类)
 自然语言处理,instance of, 词义消歧
 自然语言处理,instance of, 词嵌入
 自然语言处理,instance of, 词干提取
 自然语言处理,instance of, 词袋模型
 自然语言处理,instance of, 语料库
 自然语言处理,instance of, 语音识别(子分类)
 自然语言处理,instance of, 阳光失了玻璃窗
 自然语言处理,instance of, 隐含狄利克雷分布
 自然语言处理,instance of, 零回指
 自然语言处理软件,instance of, Linguee
 自然语言处理软件,instance of, MemoQ
 自然语言处理软件,instance of, 自然语言处理软件
 语音合成,instance of, CeVIO Creative Studio
 语音合成,instance of, Sinsy
 语音合成,instance of, Template
 语音合成,instance of, UTAU(子分类)
 语音合成,instance of, VOCALINA
 语音合成,instance of, VocaListener
 语音合成,instance of, Vocaloid(子分类)
 语音合成,instance of, VOCALOID
 语音合成,instance of, Voiceroid
 语音合成,instance of, 沃尔夫冈·冯·肯佩伦的说话机器
 语音合成,instance of, 袅袅虚拟歌手
 语音合成,instance of, 语音可扩展标记语言
 语音合成,instance of, 语音合成
 语音合成,instance of, 语音合成标记语言
 语音合成,instance of, 语音产生装置
 语音合成,instance of, 语音合成
 语音技术,instance of, Internet Speech Audio Codec
 语音技术,instance of, 语音合成(子分类)
 语音技术,instance of, 语音技术
 语音技术,instance of, 语音处理(子分类)
 计算语言学,instance of, 标记语言(子分类)
 计算语言学,instance of, 置标语言(子分类)
 计算语言学,instance of, 自然语言处理(子分类)
 计算语言学,instance of, 词义消歧(子分类)
 计算语言学,instance of, 语言模型(子分类)
 计算语言学,instance of, 语音合成(子分类)
 计算语言学,instance of, 计算语言学
 计算语言学,instance of, 语音算法(子分类)
 计算语言学,instance of, 语音识别(子分类)
 社交机器人,instance of, Kismet
 社交机器人,instance of, QRIO
 社交机器人,instance of, 协作式机器人
 社交机器人,instance of, 社交机器人
 社交机器人,instance of, 社交机器人
 社交机器人,instance of, 索菲亚 (机器人)
 散列,instance of, 哈希树
 散列,instance of, 完美散列
 散列,instance of, 散列
 散列,instance of, 散列函数(子分类)
 散列,instance of, 碰撞 (计算机科学)
 散列,instance of, 线性探测
 散列,instance of, 线性散列
 散列,instance of, 随机预言机
 本体编辑器,instance of, Protégé
 本体编辑器,instance of, 本体编辑器
 本体语言,instance of, 本体语言
 BEAM机器人学,instance of, BEAM
 BEAM机器人学,instance of, BEAM机器人学
 人型机器人学,instance of, 人型机器人学
 多机器人系统,instance of, 多机器人系统
 多机器人系统,instance of, 集体智慧
 智慧家庭,instance of, 智慧家庭
 机器人,instance of, Kirobo
 机器人,instance of, Kismet
 机器人,instance of, MAKOplasty
 机器人,instance of, NAO (机器人)
 机器人,instance of, Robotis Bioloid
 机器人,instance of, UrRobot
 机器人,instance of, 云机器人
 机器人,instance of, 亚太广播联盟机械人大赛
 机器人,instance of, 全港大专生机械人大赛
 机器人,instance of, 加拿大臂
 机器人,instance of, 台北国际机器人展
 机器人,instance of, 国际奥林匹克机器人大赛
 机器人,instance of, 拆弹机械人
 机器人,instance of, 机器人
 机器人,instance of, 机甲
 机器人,instance of, 机器人吸尘器
 机器人,instance of, 机械手臂
 机器人,instance of, 无人水下载具
 机器人,instance of, 移动维修系统
 机器人,instance of, 联合相容分枝定界
 机器人,instance of, 自主机器人
 机器人,instance of, 自动导引车
 机器人,instance of, 华硕Zenbo
 机器人,instance of, 类人型机器人
 机器人学主题,instance of, Portal
 机器人学模板,instance of, Template
 机器人控制,instance of, 不完全驱动
 机器人控制,instance of, 粒子滤波器
 机器人控制,instance of, 障碍避免
 机器人软件,instance of, 可变汇编语言
 机器人学组织,instance of, FIRST
 机器人学组织,instance of, MIT计算器科学与人工智能实验室
 赛博格,instance of, 内尔·哈维森
 赛博格,instance of, 格里弗斯将军
 赛博格,instance of, 赛博人
 赛博格,instance of, 赛博格
 赛博格,instance of, 达斯·维达
 人工神经网络,instance of, Deeplearning4j
 人工神经网络,instance of, Softmax函数
 人工神经网络,instance of, Word2vec
 人工神经网络,instance of, 前馈控制
 人工神经网络,instance of, 卷积神经网络
 人工神经网络,instance of, 反向传播算法
 人工神经网络,instance of, 受限玻尔兹曼机
 人工神经网络,instance of, 学习向量量化
 人工神经网络,instance of, 径向基函数
 人工神经网络,instance of, 梯度消失问题
 人工神经网络,instance of, 深度学习
 人工神经网络,instance of, 激活函数
 人工神经网络,instance of, 玻尔兹曼机
 人工神经网络,instance of, 线性整流函数
 人工神经网络,instance of, 自组织映射
 人工神经网络,instance of, 词嵌入
 人工神经网络,instance of, 递归神经网络
 人工神经网络,instance of, 长短期记忆
 人工神经网络,instance of, 随机神经网络
 分类算法,instance of, AdaBoost
 分类算法,instance of, C4.5算法
 分类算法,instance of, 二次分类器
 分类算法,instance of, 决策树学习
 分类算法,instance of, 多元分类
 分类算法,instance of, 径向基函数网络
 分类算法,instance of, 支持向量机
 分类算法,instance of, 最近邻居法
 分类算法,instance of, 朴素贝叶斯分类器
 分类算法,instance of, 概率潜在语义分析
 分类算法,instance of, 线性判别分析
 分类算法,instance of, 线性分类器
 分类算法,instance of, 随机森林
 数据挖掘和机器学习软件,instance of, Giraph
 数据挖掘和机器学习软件,instance of, SPSS Modeler
 数据挖掘和机器学习软件,instance of, TensorFlow
 数据挖掘和机器学习软件,instance of, Wolfram Mathematica
 机器学习研究者,instance of, 伊恩·古德费洛
 机器学习研究者,instance of, 李飞飞
 机器学习研究者,instance of, 约书亚·本希奥
 机器学习研究者,instance of, 迈克尔·乔丹 (学者)
 机器学习研究者,instance of, 邢波
 机器学习算法,instance of, 反向传播算法
 机器学习算法,instance of, 强化学习
 机器学习算法,instance of, 径向基函数网络
 机器学习算法,instance of, 最大期望算法
 机器学习算法,instance of, 最小冗余特征选择
 机器学习算法,instance of, 最近邻居法
 机器学习算法,instance of, 模式识别
 神经网络,instance of, Google神经机器翻译系统
 神经网络,instance of, Hopfield神经网络
 神经网络,instance of, 人工神经网络
 神经网络,instance of, 径向基函数网络
 神经网络,instance of, 极限学习机
 神经网络,instance of, 生成对抗网络
 神经网络,instance of, 神经可塑性
 聚类分析,instance of, K-平均算法
 聚类分析,instance of, 信息瓶颈
 聚类分析,instance of, 模糊聚类
 聚类分析,instance of, 聚类分析
 聚类分析,instance of, 高斯混合模型
 进化算法,instance of, 差异进化算法
 进化算法,instance of, 布谷鸟搜索算法
 进化算法,instance of, 蝙蝠算法
 进化算法,instance of, 遗传编程
 马尔可夫模型,instance of, 佩奇排名
 马尔可夫模型,instance of, 熵率
 马尔可夫模型,instance of, 算法作曲
 马尔可夫模型,instance of, 维特比算法
 马尔可夫模型,instance of, 语言模型
 马尔可夫模型,instance of, 转移矩阵
 马尔可夫模型,instance of, 量子马尔可夫链
 马尔可夫模型,instance of, 马尔可夫性质
 电子卡牌游戏,instance of, 三国杀Online
 电子卡牌游戏,instance of, 卷轴 (游戏)
 电子卡牌游戏,instance of, 太阳神三国杀
 电子卡牌游戏,instance of, 植物大战僵尸Online
 电子卡牌游戏,instance of, 植物大战僵尸：全明星
 电子卡牌游戏,instance of, 植物大战僵尸：英雄
 电子卡牌游戏,instance of, 浏览器一骑当千 爆乳争霸传
 电子卡牌游戏,instance of, 纸牌 (电子游戏)
 电子卡牌游戏,instance of, 英雄杀
 Prolog,instance of, Prolog
 Prolog,instance of, Visual Prolog
 分类系统,instance of, JEL分类系统
 分类系统,instance of, User
 分类系统,instance of, User talk
 分类系统,instance of, Wikipedia
 分类系统,instance of, 七略
 分类系统,instance of, 中华人民共和国学科分类
 分类系统,instance of, 中华人民共和国学科分类与代码国家标准
 分类系统,instance of, 中华民国行业标准分类
 分类系统,instance of, 佛科留斯系统
 分类系统,instance of, 冒号分类法
 分类系统,instance of, 分类学
 分类系统,instance of, 列表索引
 分类系统,instance of, 卡片分类法
 分类系统,instance of, 历史上的今天
 分类系统,instance of, 哈伯序列
 分类系统,instance of, 国家社会科学基金项目的分类法
 分类系统,instance of, 国际专利分类
 分类系统,instance of, 国际文献联合会分类体系
 分类系统,instance of, 国际贸易标准分类
 分类系统,instance of, 夏普力-索耶集中度分类法
 分类系统,instance of, 属性
 分类系统,instance of, 布立斯分类法
 分类系统,instance of, 数学学科分类标准
 分类系统,instance of, 日本十进分类法
 分类系统,instance of, 机车轴式
 分类系统,instance of, 杜威十进制图书分类法
 分类系统,instance of, 气候分类
 分类系统,instance of, 波特尔暗空分类法
 分类系统,instance of, 生物分类法
 分类系统,instance of, 真菌分类系统
 分类系统,instance of, 总类
 分类系统,instance of, 联合国教科文科学技术统计工作手册的分类法
 分类系统,instance of, 联合国教科文组织分类法
 分类系统,instance of, 萨达斯基太阳系外行星分类法
 分类系统,instance of, 语言的类型分类
 分类系统,instance of, 语言系属分类
 分类系统,instance of, 阿尔奈-汤普森分类法
 分类系统,instance of, 电影分级制度
 分类系统,instance of, 电视分级制度
 分类系统,instance of, 霍恩博斯特尔-萨克斯分类法
 分类系统,instance of, 鲍茨-摩根分类
 多重代理人系统,instance of, Gatebox
 多重代理人系统,instance of, 多重代理人系统
 多重代理人系统,instance of, 虚拟助理
 战略,instance of, 以空间换时间
 战略,instance of, 停火
 战略,instance of, 分而治之
 战略,instance of, 制海权
 战略,instance of, 力量投射
 战略,instance of, 咽喉点
 战略,instance of, 唐太宗李卫公问对
 战略,instance of, 城镇战
 战略,instance of, 大战略
 战略,instance of, 封锁
 战略,instance of, 战略
 战略,instance of, 战略计划
 战略,instance of, 政治化
 战略,instance of, 新世界秩序
 战略,instance of, 新加坡战略
 战略,instance of, 施里芬计划
 战略,instance of, 消耗战
 战略,instance of, 无限制潜艇战
 战略,instance of, 皮洛士式胜利
 战略,instance of, 第一岛链
 战略,instance of, 第十七号计划
 战略,instance of, 经济战
 战略,instance of, 蓝色方案
 战略,instance of, 衡山之谋
 战略,instance of, 跳岛战术
 战略,instance of, 长远目标、使命和信念
 数据挖掘,instance of, DBSCAN
 数据挖掘,instance of, ETL
 数据挖掘,instance of, ROC曲线
 数据挖掘,instance of, UIMA
 数据挖掘,instance of, 先验算法
 数据挖掘,instance of, 关联规则学习
 数据挖掘,instance of, 分子挖掘
 数据挖掘,instance of, 加权相关网络分析
 数据挖掘,instance of, 商业智能
 数据挖掘,instance of, 大数据
 数据挖掘,instance of, 异常检测
 数据挖掘,instance of, 拓扑数据分析
 数据挖掘,instance of, 数据可视化
 数据挖掘,instance of, 数据挖掘
 数据挖掘,instance of, 文本挖掘
 数据挖掘,instance of, 文档分类
 数据挖掘,instance of, 正规概念分析法
 数据挖掘,instance of, 在线分析处理
 数据挖掘,instance of, 聚类分析
 数据挖掘,instance of, 自动标引
 数据挖掘,instance of, 资料仓储
 数据挖掘,instance of, 过适
 数据挖掘,instance of, 预测分析
 本体 (计算机科学),instance of, BabelNet
 本体 (计算机科学),instance of, Protégé
 本体 (计算机科学),instance of, Swoogle
 本体 (计算机科学),instance of, 受控词表(子分类)
 本体 (计算机科学),instance of, 受控词表
 本体 (计算机科学),instance of, 基因本体
 本体 (计算机科学),instance of, 本体 (信息科学)
 本体 (计算机科学),instance of, 本体工程
 本体 (计算机科学),instance of, 本体 (计算机科学)
 本体 (计算机科学),instance of, 正规概念分析法
 本体 (计算机科学),instance of, 知识交换格式
 本体 (计算机科学),instance of, 网络本体语言
 本体 (计算机科学),instance of, 解剖学基础模型
 知识表示语言,instance of, 知识交换格式
 索引典,instance of, AGROVOC
 索引典,instance of, 主题术语的面向运用
 索引典,instance of, 医学主题词
 索引典,instance of, 索引典
 索引典,instance of, 艺术家联合名录
 规则引擎,instance of, Jess程序设计语言
 语义网,instance of, DBpedia
 语义网,instance of, Freebase
 语义网,instance of, Google Squared
 语义网,instance of, OWL-S
 语义网,instance of, RDFa
 语义网,instance of, SPARQL
 语义网,instance of, Swoogle
 语义网,instance of, Template
 语义网,instance of, Wolfram Alpha
 语义网,instance of, 信息框
 语义网,instance of, 分众分类法
 语义网,instance of, 受控词表
 语义网,instance of, 巨大全球图
 语义网,instance of, 本体 (信息科学)
 语义网,instance of, 本体工程
 语义网,instance of, 本体构成要素
 语义网,instance of, 卷标 (元数据)
 语义网,instance of, 潜在语义索引
 语义网,instance of, 简单知识组织系统
 语义网,instance of, 统一资源标志符
 语义网,instance of, 网络本体语言
 语义网,instance of, 规则交换格式
 语义网,instance of, 语义检索
 语义网,instance of, 语义网
 语义网,instance of, 语义网堆栈
 部分论,instance of, 分体本质论
 部分论,instance of, 分体虚无主义
 人工神经网络,instance of, Deeplearning4j
 人工神经网络,instance of, Softmax函数
 人工神经网络,instance of, Word2vec
 人工神经网络,instance of, 前馈控制
 人工神经网络,instance of, 卷积神经网络
 人工神经网络,instance of, 反向传播算法
 人工神经网络,instance of, 受限玻尔兹曼机
 人工神经网络,instance of, 学习向量量化
 人工神经网络,instance of, 径向基函数
 人工神经网络,instance of, 梯度消失问题
 人工神经网络,instance of, 深度学习
 人工神经网络,instance of, 激活函数
 人工神经网络,instance of, 玻尔兹曼机
 人工神经网络,instance of, 线性整流函数
 人工神经网络,instance of, 自组织映射
 人工神经网络,instance of, 词嵌入
 人工神经网络,instance of, 递归神经网络
 人工神经网络,instance of, 长短期记忆
 人工神经网络,instance of, 随机神经网络
 专家系统,instance of, Jess程序设计语言
 专家系统,instance of, Xcon
 专家系统,instance of, 专家系统
 摄影测量学,instance of, 像片重叠
 摄影测量学,instance of, 共线方程
 摄影测量学,instance of, 内、外方位元素
 摄影测量学,instance of, 摄影测量法
 摄影测量学,instance of, 相对定向与绝对定向
 摄影测量学,instance of, 空中三角测量
 数学形态学,instance of, 开运算 (形态学)
 数学形态学,instance of, 数学形态学
 数学形态学,instance of, 腐蚀 (形态学)
 数学形态学,instance of, 膨胀 (形态学)
 数学形态学,instance of, 闭运算 (形态学)
 特征检测 (计算机视觉),instance of, Canny算子
 特征检测 (计算机视觉),instance of, Template
 特征检测 (计算机视觉),instance of, 加速稳健特征
 特征检测 (计算机视觉),instance of, 卷积
 特征检测 (计算机视觉),instance of, 尺度不变特征转换
 特征检测 (计算机视觉),instance of, 特征检测
 特征检测 (计算机视觉),instance of, 索贝尔算子
 特征检测 (计算机视觉),instance of, 脊检测
 特征检测 (计算机视觉),instance of, 角检测
 特征检测 (计算机视觉),instance of, 边缘检测
 特征检测 (计算机视觉),instance of, 霍夫变换
 计算机视觉应用,instance of, 图像自动标注
 计算机视觉应用,instance of, 移动测图
 计算机视觉应用,instance of, 自动目标识别
 计算机视觉应用,instance of, 闭路电视
 语言模型,instance of, N元语法
 语言模型,instance of, 困惑度
 语言模型,instance of, 随机上下文无关文法
 合一,instance of, 合一
 合一,instance of, 方程求解
 分析,instance of, 分析
 分析,instance of, 引文分析
 分析,instance of, 情景分析
 分析,instance of, 系统分析
 分析,instance of, 变异数分析测试
 启发法,instance of, 代表性捷思法
 启发法,instance of, 奥卡姆剃刀
 启发法,instance of, 布谷鸟搜索算法
 启发法,instance of, 并行退火
 启发法,instance of, 怎样解题
 启发法,instance of, 科学共识
 启发法,instance of, 萨顿定律
 启发法,instance of, 蝙蝠算法
 启发法,instance of, 锚定效应
 启发法,instance of, 零和思维
 想象,instance of, 心智表征
 想象,instance of, 性幻想
 想象,instance of, 想象
 想象,instance of, 白日梦
 抽象,instance of, 复杂
 抽象,instance of, 广义化
 抽象,instance of, 抽象化
 抽象,instance of, 概念
 抽象,instance of, 白日梦
 抽象,instance of, 知识抽象化
 抽象,instance of, 第一原理
 专家系统,instance of, Jess程序设计语言
 专家系统,instance of, Xcon
 专家系统,instance of, 专家系统
 人工智能协会,instance of, 生命未来研究所
 人工智能协会,instance of, 知识工程和机器学习实验室
 人工智能史,instance of, MIT计算器科学与人工智能实验室
 人工智能史,instance of, 一般问题解决器
 人工智能史,instance of, 人工智能低谷
 人工智能史,instance of, 人工智能史
 人工智能史,instance of, 图灵测试
 人工智能史,instance of, 爱德华·费根鲍姆
 人工智能史,instance of, 拉吉·瑞迪
 人工智能史,instance of, 约翰霍普金斯野兽
 人工智能史,instance of, 约翰·霍普菲尔德
 人工智能史,instance of, 艾伦·图灵
 人工智能史,instance of, 信息处理语言
 人工智能实验室,instance of, DeepMind
 人工智能实验室,instance of, MIT计算器科学与人工智能实验室
 人工智能实验室,instance of, 人工智能实验室
 人工智能实验室,instance of, 知识工程和机器学习实验室
 人工智能实验室,instance of, 信息科学研究院
 人工智能应用,instance of, AlphaGo Zero
 人工智能应用,instance of, AlphaZero
 人工智能应用,instance of, AQ (围棋软件)
 人工智能应用,instance of, CGI (围棋软件)
 人工智能应用,instance of, ELF OpenGo
 人工智能应用,instance of, Google智能助理
 人工智能应用,instance of, Google神经机器翻译系统
 人工智能应用,instance of, Leela Zero
 人工智能应用,instance of, Leela
 人工智能应用,instance of, Minigo
 人工智能应用,instance of, PhoenixGo
 人工智能应用,instance of, Prisma
 人工智能应用,instance of," Quick, Draw!"
 人工智能应用,instance of, 人工生命
 人工智能应用,instance of, 嘴型同步
 人工智能应用,instance of, 图像自动标注
 人工智能应用,instance of, 小冰
 人工智能应用,instance of, 小爱同学
 人工智能应用,instance of, 尤金·古斯特曼
 人工智能应用,instance of, 推理
 人工智能应用,instance of, 搜索 (计算机)
 人工智能应用,instance of, 数据挖掘
 人工智能应用,instance of, 文本挖掘
 人工智能应用,instance of, 机器学习
 人工智能应用,instance of, 模式识别
 人工智能应用,instance of, 机器记者
 人工智能应用,instance of, 沃森 (人工智能程序)
 人工智能应用,instance of, 自主武器
 人工智能应用,instance of, 自然语言处理
 人工智能应用,instance of, 语音产生装置
 人工智能应用,instance of, 认知科学
 人工智能应用,instance of, 遗传算法
 人工智能应用,instance of, 阿基纳多
 人工智能研究者,instance of, 伊恩·古德费洛
 人工智能研究者,instance of, 傅京孙
 人工智能研究者,instance of, 杰夫·迪恩
 人工智能研究者,instance of, 吴恩达
 人工智能研究者,instance of, 周志华 (计算机科学家)
 人工智能研究者,instance of, 哈尔·阿伯尔森
 人工智能研究者,instance of, 爱德华·费根鲍姆
 人工智能研究者,instance of, 扬·勒丘恩
 人工智能研究者,instance of, 拉吉·瑞迪
 人工智能研究者,instance of, 朱松纯
 人工智能研究者,instance of, 朱迪亚·珀尔
 人工智能研究者,instance of, 李飞飞
 人工智能研究者,instance of, 杨强
 人工智能研究者,instance of, 杰弗里·辛顿
 人工智能研究者,instance of, 特里·威诺格拉德
 人工智能研究者,instance of, 约书亚·本希奥
 人工智能研究者,instance of, 约瑟夫·维森鲍姆
 人工智能研究者,instance of, 约翰·霍兰德
 人工智能研究者,instance of, 约翰·霍普菲尔德
 人工智能研究者,instance of, 罗莎琳·皮卡德
 人工智能研究者,instance of, 艾伦·图灵
 人工智能研究者,instance of, 蔡自兴
 人工智能研究者,instance of, 迈克尔·乔丹 (学者)
 人工智能研究者,instance of, 达芙妮·科勒
 人工智能研究者,instance of, 邢波
 人工智能题材作品,instance of, 人工智能叛变
 人工智能题材作品,instance of, 人工智能题材作品
 人工智能题材作品,instance of, 传送门
 人工智能题材作品,instance of, 传送门2
 人工智能题材作品,instance of, 传送门故事：梅尔
 人工智能题材作品,instance of, 全面进化
 人工智能题材作品,instance of, 刺客教条系列
 人工智能题材作品,instance of, 梦见
 人工智能题材作品,instance of, 战斗妖精雪风
 人工智能题材作品,instance of, 无声狂啸
 人工智能题材作品,instance of, 王国之心 HD I.5 ReMIX
 人工智能题材作品,instance of, 王国之心 HD II.5 ReMIX
 人工智能题材作品,instance of, 王国之心 HD II.8 Final Chapter Prologue
 人工智能题材作品,instance of, 王国之心 χ
 人工智能题材作品,instance of, 王国之心 编码
 人工智能题材作品,instance of, 神经漫游者
 人工智能题材作品,instance of, 绝密飞行
 人工智能题材作品,instance of, 罗索的万能工人
 人工智能题材作品,instance of, 翠星上的加尔冈缇亚
 人工智能题材作品,instance of, 聚爆
 人工智能题材作品,instance of, 聚爆：第零日
 人工智能题材作品,instance of, 起源 (丹·布朗小说)
 人工智能题材作品,instance of, 云端情人
 人工智能题材作品,instance of, 计算机情人梦
 人工智能题材作品,instance of, 黑客帝国
 人工智能题材作品,instance of, 黑客帝国2：重装上阵
 人工智能题材作品,instance of, 黑客帝国3：矩阵革命
 人工智能题材作品,instance of, 黑客帝国动画版
 多重代理人系统,instance of, Gatebox
 多重代理人系统,instance of, 多重代理人系统
 多重代理人系统,instance of, 虚拟助理
 情感计算,instance of, 情感计算
 情感计算,instance of, 文本情感分析
 搜寻算法,instance of, Alpha-beta剪枝
 搜寻算法,instance of, X算法
 搜寻算法,instance of, 二分搜索算法
 搜寻算法,instance of, 倒排索引
 搜寻算法,instance of, 哈希表
 搜寻算法,instance of, 完美散列
 搜寻算法,instance of, 广度优先搜索
 搜寻算法,instance of, 康托展开
 搜寻算法,instance of, 搜寻算法
 搜寻算法,instance of, 散列函数
 搜寻算法,instance of, 暴力搜索
 搜寻算法,instance of, 最近邻居法
 搜寻算法,instance of, 极小化极大算法
 搜寻算法,instance of, 深度优先搜索
 搜寻算法,instance of, 爬山算法
 搜寻算法,instance of, 禁忌搜索
 搜寻算法,instance of, 线性哈希
 搜寻算法,instance of, 线性探测
 搜寻算法,instance of, 线性散列
 搜寻算法,instance of, 范围最值查询
 搜寻算法,instance of, 蒙特卡洛树搜索
 搜寻算法,instance of, 迭代深化深度优先搜索
 本体 (计算机科学),instance of, BabelNet
 本体 (计算机科学),instance of, Protégé
 本体 (计算机科学),instance of, Swoogle
 本体 (计算机科学),instance of, 受控词表(子分类)
 本体 (计算机科学),instance of, 受控词表
 本体 (计算机科学),instance of, 基因本体
 本体 (计算机科学),instance of, 本体 (信息科学)
 本体 (计算机科学),instance of, 本体工程
 本体 (计算机科学),instance of, 本体 (计算机科学)
 本体 (计算机科学),instance of, 正规概念分析法
 本体 (计算机科学),instance of, 知识交换格式
 本体 (计算机科学),instance of, 网络本体语言
 本体 (计算机科学),instance of, 解剖学基础模型
 机器人学,instance of, Atlas机器人
 机器人学,instance of, LeJOS
 机器人学,instance of, Not eXactly C
 机器人学,instance of, Pepper (机器人)
 机器人学,instance of, Portal
 机器人学,instance of, Sota (机器人)
 机器人学,instance of, VFH算法
 机器人学,instance of, 人工势场法
 机器人学,instance of, 人形机器人
 机器人学,instance of, 仿生机器人学
 机器人学,instance of, 即时定位与地图构建
 机器人学,instance of, 性爱机械人
 机器人学,instance of, 技术奇异点
 机器人学,instance of, 新加坡机器人学会
 机器人学,instance of, 机器人
 机器人学,instance of, 机器人学
 机器人学,instance of, 机械手臂
 机器人学,instance of, 真实的人类
 机器人学,instance of, 纳米机器人
 机器人学,instance of, 声码器
 机器人学,instance of, 肯·戈德堡
 机器人学,instance of, 自动机
 机器人学,instance of, 自动驾驶汽车
 机器人学,instance of, 自由度 (物理学)
 机器人学,instance of, 被动行走
 机器人学,instance of, 军用机器人
 机器人学,instance of, 运动规划
 机器人学,instance of, 逆运动学
 机器人学,instance of, 医疗用机器人
 机器学习,instance of, AlphaGo Zero
 机器学习,instance of, AlphaGo
 机器学习,instance of, AQ (围棋软件)
 机器学习,instance of, Bagging算法
 机器学习,instance of, CGI (围棋软件)
 机器学习,instance of, Darkforest
 机器学习,instance of, Deeplearning4j
 机器学习,instance of, DeepMind
 机器学习,instance of, DeepZenGo
 机器学习,instance of, Draft
 机器学习,instance of, ELF OpenGo
 机器学习,instance of, ID3算法
 机器学习,instance of, Kaggle
 机器学习,instance of, Leela Zero
 机器学习,instance of, Leela
 机器学习,instance of, Minigo
 机器学习,instance of, PhoenixGo
 机器学习,instance of, TensorFlow
 机器学习,instance of, UIMA
 机器学习,instance of, VC理论
 机器学习,instance of, Word2vec
 机器学习,instance of, 主题模型
 机器学习,instance of, 二次分类器
 机器学习,instance of, 人工神经网络
 机器学习,instance of, 决策树
 机器学习,instance of, 分类问题
 机器学习,instance of, 判别模型
 机器学习,instance of, 即时定位与地图构建
 机器学习,instance of, 商汤科技
 机器学习,instance of, 图模式
 机器学习,instance of, 多层感知器
 机器学习,instance of, 多示例学习
 机器学习,instance of, 多线性主成分分析
 机器学习,instance of, 大间隔最近邻居
 机器学习,instance of, 对联机
 机器学习,instance of, 序列最小优化算法
 机器学习,instance of, 张量处理器
 机器学习,instance of, 强人工智能
 机器学习,instance of, 强化学习
 机器学习,instance of, 归纳偏置
 机器学习,instance of, 径向基函数核
 机器学习,instance of, 感知器
 机器学习,instance of, 文档分类
 机器学习,instance of, 机器学习
 机器学习,instance of, 条件随机域
 机器学习,instance of, 梯度消失问题
 机器学习,instance of, 概率模型
 机器学习,instance of, 机器感知
 机器学习,instance of, 正规概念分析法
 机器学习,instance of, 归纳偏向
 机器学习,instance of, 泛化误差
 机器学习,instance of, 深度学习
 机器学习,instance of, 无监督式学习网络
 机器学习,instance of, 特征缩放
 机器学习,instance of, 生成模型
 机器学习,instance of, 监督式学习
 机器学习,instance of, 监督式学习网络
 机器学习,instance of, 相关向量机
 机器学习,instance of, 等距特征映射
 机器学习,instance of, 绝艺
 机器学习,instance of, 统计学习理论
 机器学习,instance of, 维数灾难
 机器学习,instance of, 聚类分析
 机器学习,instance of, 表征学习
 机器学习,instance of, 规则归纳
 机器学习,instance of, 词袋模型
 机器学习,instance of, 贝氏网络
 机器学习,instance of, 过适
 机器学习,instance of, 部分可观察马可夫决策过程
 机器学习,instance of, 随机森林
 机器学习,instance of, 隐含狄利克雷分布
 机器学习,instance of, 隐马尔可夫模型
 机器学习,instance of, 非监督式学习
 机器学习,instance of, 高斯混合模型
 模糊逻辑,instance of, 含糊
 模糊逻辑,instance of, 模糊控制
 模糊逻辑,instance of, 模糊控制语言
 模糊逻辑,instance of, 模糊数学
 模糊逻辑,instance of, 模糊翻译
 模糊逻辑,instance of, 模糊规则
 模糊逻辑,instance of, 模糊逻辑
 模糊逻辑,instance of, 模糊集
 模糊逻辑,instance of, 隶属函数
 游戏人工智能,instance of, AlphaGo
 游戏人工智能,instance of, AQ (围棋软件)
 游戏人工智能,instance of, CGI (围棋软件)
 游戏人工智能,instance of, Darkforest
 游戏人工智能,instance of, DeepZenGo
 游戏人工智能,instance of, ELF OpenGo
 游戏人工智能,instance of, Leela Zero
 游戏人工智能,instance of, Leela
 游戏人工智能,instance of, Minigo
 游戏人工智能,instance of, PhoenixGo
 游戏人工智能,instance of, 国际计算机对局协会
 游戏人工智能,instance of, 奥林匹亚计算机游戏程序竞赛
 游戏人工智能,instance of, 寻路
 游戏人工智能,instance of, 极小化极大算法
 游戏人工智能,instance of, 洛斯阿拉莫斯西洋棋
 游戏人工智能,instance of, 游戏人工智能
 游戏人工智能,instance of, 电子卡牌游戏(子分类)
 游戏人工智能,instance of, 电子图版游戏(子分类)
 游戏人工智能,instance of, 电脑象棋
 游戏人工智能,instance of, 竞赛树
 游戏人工智能,instance of, 绝艺
 游戏人工智能,instance of, 计算机围棋
 游戏人工智能,instance of, 计算机将棋
 游戏人工智能,instance of, 零玩家游戏
 生物特征识别,instance of, 人脸检测
 生物特征识别,instance of, 人脸识别
 生物特征识别,instance of, 哈尔特征
 生物特征识别,instance of, 商汤科技
 生物特征识别,instance of, 生物特征识别
 生物特征识别,instance of, 维奥拉-琼斯目标检测框架
 知识表示,instance of, BabelNet
 知识表示,instance of, Is-a
 知识表示,instance of, KM程序语言
 知识表示,instance of, Prolog
 知识表示,instance of, Protégé
 知识表示,instance of, SERVQUAL量表
 知识表示,instance of, 专家系统
 知识表示,instance of, 主题卷标
 知识表示,instance of, 主题地图
 知识表示,instance of, 元内容框架
 知识表示,instance of, 具象人类知识系统
 知识表示,instance of, 再现
 知识表示,instance of, 分众分类法
 知识表示,instance of, 地缘政治本体论
 知识表示,instance of, 多智能体系统
 知识表示,instance of, 实化 (计算机科学)
 知识表示,instance of, 描述逻辑
 知识表示,instance of, 文档分类
 知识表示,instance of, 本体 (信息科学)
 知识表示,instance of, 框架 (社会科学)
 知识表示,instance of, 知识库
 知识表示,instance of, 知识表示
 知识表示,instance of, 简单知识组织系统
 知识表示,instance of, 语义网
 知识表示,instance of, 语义网堆栈
 知识表示,instance of, 资源描述框架
 知识表示,instance of, 部分论(子分类)
 神经网络,instance of, Google神经机器翻译系统
 神经网络,instance of, Hopfield神经网络
 神经网络,instance of, 人工神经网络(子分类)
 神经网络,instance of, 人工神经网络
 神经网络,instance of, 径向基函数网络
 神经网络,instance of, 极限学习机
 神经网络,instance of, 生成对抗网络
 神经网络,instance of, 神经网络
 神经网络,instance of, 神经可塑性
 群集智能,instance of, 多主体优化系统
 群集智能,instance of, 社会认知优化
 群集智能,instance of, 粒子群优化
 群集智能,instance of, 群集智能
 群集智能,instance of, 蚁群算法
 聊天机器人,instance of, Tay
 聊天机器人,instance of, 小冰
 聊天机器人,instance of, 尤金·古斯特曼
 聊天机器人,instance of, 聊天机器人
 聊天机器人,instance of, 聊天机器人
 聊天机器人,instance of, 虚拟助理
 虚拟助理,instance of, Gatebox
 虚拟助理,instance of, 虚拟助理
 规则引擎,instance of, Jess程序设计语言
 规则引擎,instance of, JSR-94
 计算机视觉,instance of, Google Goggles
 计算机视觉,instance of, ViBe
 计算机视觉,instance of, 三维扫描仪
 计算机视觉,instance of, 主动轮廓模型
 计算机视觉,instance of, 光流法
 计算机视觉,instance of, 卢卡斯-卡纳德方法
 计算机视觉,instance of, 哈尔特征
 计算机视觉,instance of, 商汤科技
 计算机视觉,instance of, 图像分析
 计算机视觉,instance of, 图像处理
 计算机视觉,instance of, 图像配准
 计算机视觉,instance of, 基础矩阵
 计算机视觉,instance of, 局部二值模式
 计算机视觉,instance of, 心理视觉增强
 计算机视觉,instance of, 方向梯度直方图
 计算机视觉,instance of, 最大稳定极值区域
 计算机视觉,instance of, 消失点
 计算机视觉,instance of, 特征检测
 计算机视觉,instance of, 联合相容分枝定界
 计算机视觉,instance of, 计算机视觉
 计算机视觉,instance of, 计算机视觉各主题列表
 计算机视觉,instance of, 隐马尔可夫模型
 计算机视觉,instance of, 随机抽样一致
 计算机视觉,instance of, 高斯差
 语音识别,instance of, Cortana
 语音识别,instance of, Google智能助理
 语音识别,instance of, MARF
 语音识别,instance of, Siri
 语音识别,instance of, TIMIT
 语音识别,instance of, 关键词检测
 语音识别,instance of, 口语语料库
 语音识别,instance of, 声学模型
 语音识别,instance of, 小爱同学
 语音识别,instance of, 言语知觉的运动理论
 语音识别,instance of, 词汇标示框架
 语音识别,instance of, 语音加强
 语音识别,instance of, 语音输入法
 语音识别,instance of, 语音文档检索
 语音识别,instance of, 语音活性检测
 语音识别,instance of, 语音识别
 逻辑编程,instance of, Cut (逻辑编程)
 逻辑编程,instance of, 合一
 逻辑编程,instance of, 方程求解
 问题解决,instance of, 8D问题解决法
 问题解决,instance of, TRIZ
 问题解决,instance of, 世界咖啡馆 (讨论)
 问题解决,instance of, 六何法
 问题解决,instance of, 创造力
 问题解决,instance of, 启发法
 问题解决,instance of, 心流理论
 问题解决,instance of, 怎样解题
 问题解决,instance of, 批判性思维
 问题解决,instance of, 提喻法
 问题解决,instance of, 故障分析
 问题解决,instance of, 根本原因分析
 问题解决,instance of, 水平思考
 问题解决,instance of, 算法
 问题解决,instance of, 聚敛性思考
 问题解决,instance of, 脑力激荡法
 问题解决,instance of, 解决问题
 问题解决,instance of, 试错
 问题解决,instance of, 跳跃性思维
 问题解决,instance of, 问题管理
 限制满足,instance of, 约束编程
人工智能,instance of, BabelNet
人工智能,instance of, Bixby
人工智能,instance of, Cyc
人工智能,instance of, DeepMind
人工智能,instance of, GOFAI
人工智能,instance of, Gomocup
人工智能,instance of, OilEd
人工智能,instance of, Pellet
人工智能,instance of, ReCAPTCHA
人工智能,instance of, RSVP Technologies Inc.
人工智能,instance of, SCIgen
人工智能,instance of, SimSimi
人工智能,instance of, Tf-idf
人工智能,instance of, 不确定性推理
人工智能,instance of, 不精确和不确定的管理
人工智能,instance of, 专家系统
人工智能,instance of, 中文房间
人工智能,instance of, 云机器人
人工智能,instance of, 人工意识
人工智能,instance of, 人工智能叛变
人工智能,instance of, 人工智能
人工智能,instance of, 人工智能史
人工智能,instance of, 人工生命
人工智能,instance of, 人工神经网络
人工智能,instance of, 人形机器人
人工智能,instance of, 人脸识别
人工智能,instance of, 信息抽取
人工智能,instance of, 光学字符识别
人工智能,instance of, 关键语
人工智能,instance of, 决策树
人工智能,instance of, 前馈神经网络
人工智能,instance of, 动态语言生成
人工智能,instance of, 博弈论
人工智能,instance of, 即时定位与地图构建
人工智能,instance of, 卷积神经网络
人工智能,instance of, 友好的人工智能
人工智能,instance of, 可废止推理
人工智能,instance of, 问答系统
人工智能,instance of, 国际人工智能联合会议
人工智能,instance of, 图灵估计
人工智能,instance of, 图灵测试
人工智能,instance of, 多主体系统学习
人工智能,instance of, 多层感知器
人工智能,instance of, 多智能体系统
人工智能,instance of, 威诺格拉德模式挑战
人工智能,instance of, 工业人工智能
人工智能,instance of, 常识知识库
人工智能,instance of, 开放蠕虫
人工智能,instance of, 弈心
人工智能,instance of, 强化学习
人工智能,instance of, 心物问题
人工智能,instance of, 恐怖谷理论
人工智能,instance of, 感知器
人工智能,instance of, 指代
人工智能,instance of, 推理机
人工智能,instance of, 搜索 (计算机)
人工智能,instance of, 旷视科技
人工智能,instance of, 普适计算
人工智能,instance of, 智能型个人助理
人工智能,instance of, 智能代理
人工智能,instance of, 智能控制
人工智能,instance of, 智能程序
人工智能,instance of, 智能规划
人工智能,instance of, 最近邻居法
人工智能,instance of, 最邻近搜索
人工智能,instance of, 本体 (信息科学)
人工智能,instance of, 机器人
人工智能,instance of, 机器人世界杯
人工智能,instance of, 机器翻译
人工智能,instance of, 机器视觉
人工智能,instance of, 模块化本体
人工智能,instance of, 模糊逻辑
人工智能,instance of, 混淆矩阵
人工智能,instance of, 爬山算法
人工智能,instance of, 玲奈 (人工智能)
人工智能,instance of, 理性主体
人工智能,instance of, 生命形态列表
人工智能,instance of, 生物识别技术
人工智能,instance of, 电脑象棋
人工智能,instance of, 知识表示
人工智能,instance of, 竞赛树
人工智能,instance of, 第五代计算机
人工智能,instance of, 算法交易
人工智能,instance of, 细胞式类神经网络
人工智能,instance of, 约翰·罗杰斯·希尔勒
人工智能,instance of, 统计机器翻译
人工智能,instance of, 罗布纳奖
人工智能,instance of, 自动推理
人工智能,instance of, 莫拉维克悖论
人工智能,instance of, 蒙特卡洛树搜索
人工智能,instance of, 语意分析
人工智能,instance of, 计算机围棋
人工智能,instance of, 计算机视觉
人工智能,instance of, 软计算
人工智能,instance of, 达特矛斯会议
人工智能,instance of, 进化计算
人工智能,instance of, 递归神经网络
人工智能,instance of, 遗传算法
人工智能,instance of, 遗传编程
人工智能,instance of, 逻辑编程
人工智能,instance of, 长短期记忆
人工智能,instance of, 限制 (逻辑)
人工智能,instance of, 集体智慧
人工智能,instance of, 马尔可夫网络
人工智能,instance of, 验证码
人工智能,instance of, 黑板 (计算机)
