title,detail,baseInfoKeyList,baseInfoValueList
 抽象数据类型,"""在计算机科学中，容器是指实例为其他类的对象的集合的类、数据结构、或者抽象数据类型。换言之，它们以一种遵循特定访问规则的系统的方法来存储对象。容器的大小取决于其包含的对象（或元素）的数目。潜在的不同容器类型的实现可能在空间和时间复杂度上有所差别，这使得在给定应用场景中选择合适的某种实现具有灵活性。""",中文:, 抽象数据类型
 伪随机数生成器,"""密码学安全伪随机数生成器（亦作密码学伪随机数生成器，英文：Cryptographicallysecurepseudorandomnumbergenerator，通称CSPRNG），是一种能够通过运算得出密码学安全伪随机数的伪随机数生成器。相较于统计学伪随机数生成器和更弱的伪随机数生成器，CSPRNG所生成的密码学安全伪随机数具有额外的伪随机属性。CSPRNG常被作为密码学原件，用以搭建更复杂的密码学应用。如，可变长CSPRNG和XOR函数搭配即构成流密码的编解码方法。""",中文:, 伪随机数生成器
 蒙地卡罗方法,"""蒙特卡罗方法（英语：MonteCarlomethod），也称统计模拟方法，是1940年代中期由于科学技术的发展和电子计算机的发明，而提出的一种以概率统计理论为指导的数值计算方法。是指使用随机数（或更常见的伪随机数）来解决很多计算问题的方法。20世纪40年代，在冯·诺伊曼，斯塔尼斯拉夫·烏拉姆和尼古拉斯·梅特罗波利斯在洛斯阿拉莫斯国家实验室为核武器计划工作时，发明了蒙特卡罗方法。因为烏拉姆的叔叔经常在摩納哥的蒙特卡洛赌场输钱得名，而蒙特卡罗方法正是以概率为基础的方法。与它对应的是确定性算法。蒙特卡罗方法在金融工程学、宏观经济学、生物医学、计算物理学（如粒子输运计算、量子热力学计算、空气动力学计算）机器学习等领域应用广泛。""",中文:, 蒙地卡罗方法
 时间序列模型,"""时间序列（英语：timeseries）是一组按照时间发生先后顺序进行排列的数据点序列。通常一组时间序列的时间间隔为一恒定值（如1秒，5分钟，12小时，7天，1年），因此时间序列可以作为离散时间数据进行分析处理。时间序列广泛应用于数理统计、信号处理、模式识别、计量经济学、数学金融、天气预报、地震预测、脑电图、控制工程、航空学、通信工程以及绝大多数涉及到时间数据测量的应用科学与工程学。""",中文:, 时间序列模型
 等候理论,"""排队论（英语：queuingtheory），或称随机服务系统理论、排隊理論，是数学运筹学的分支学科。它是研究服务系统中排队现象随机规律的学科。广泛应用于電信，交通工程，计算机网络、生产、运输、库存等各项资源共享的随机服务系统，和工廠，商店，辦公室和醫院的設計。排队论研究的内容有3个方面：统计推断，根据资料建立模型；系统的性态，即和排队有关的数量指标的概率规律性；系统的最佳化问题。其目的是正确设计和有效运行各个服务系统，使之发挥最佳效益。""",中文:, 等候理论
 随机控制,"""鲁棒控制（英语：Robustcontrol）：所谓“鲁棒性”，是指控制系统在一定（结构，大小）的参数摄动下，维持某些性能的特性。是控制理论中的一个分支，是专门用来处理控制器设计时逼近的不确定性。鲁棒控制方法一般应用于只要在一些集合（特别是紧集合）中存在不确定参数或者扰动的情况。鲁棒控制意在使系统具有鲁棒性，并在存在有界建模误差的情况下使系统稳定。波特等人的早期控制方法已具有一定鲁棒性：早在1960年代和1970年代，状态空间方法刚被发明的时候，他们就发现有时候会缺少鲁棒性，并进行了进一步的研究和改进。这便是鲁棒控制的初始阶段，随后在80年代和90年代有具体的應用，并一直活跃至今。与自适应控制的对比：鲁棒控制专注于状态，而不是对变量的调整，控制器需要在基于某些变量未知但有界的假设下，才能够有效的工作。""",中文:, 随机控制
 鞅论,"""鞅（Martingale）於博弈论中的表示公平博弈的数学模型，在概率论中是满足下述条件的随机过程：已知过去某一时刻s以及之前所有时刻的观测值，若某一时刻t的观测值的条件期望等於过去某一时刻s的观测值，则称这一随机过程是鞅。""",中文:, 鞅论
 细胞自动机,"""細胞自動機（英语：Cellularautomaton），又稱格狀自動機、元胞自動機，是一種離散模型，在可算性理論、數學及理論生物學都有相關研究。它是由無限個有規律、堅硬的方格組成，每格均處於一種有限狀態。整個格網可以是任何有限維的。同時也是離散的。每格於t時的態由t-1時的一集有限格（這集叫那格的鄰域）的態決定。每一格的「鄰居」都是已被固定的。（一格可以是自己的鄰居。）每次演進時，每格均遵從同一規矩一齊演進。就形式而言，細胞自動機有三個特徵：平行計算（parallelcomputation）：每一個細胞個體都同時同步的改變局部的（local）：細胞的狀態變化只受周遭細胞的影響。一致性的（homogeneous）：所有細胞均受同樣的規則所支配""",中文:, 细胞自动机
 Lambda演算,"""λ演算（英語：lambdacalculus，λ-calculus）是一套從數學邏輯中發展，以變數綁定和替換的規則，來研究函式如何抽象化定義、函式如何被應用以及遞迴的形式系統。它由數學家阿隆佐·邱奇在20世紀30年代首次發表。Lambda演算作為一種廣泛用途的計算模型，可以清晰地定義什麼是一個可計算函式，而任何可計算函式都能以這種形式表達和求值，它能模擬單一磁帶图灵机的計算過程；儘管如此，Lambda演算強調的是變換規則的運用，而非實現它們的具體機器。Lambda演算可比擬是最根本的編程語言，它包括了一條變換規則（變數替換）和一條將函式抽象化定義的方式。因此普遍公認是一種更接近軟體而非硬體的方式。對函數式編程語言造成很大影響，比如Lisp、ML语言和Haskell语言。在1936年邱奇利用λ演算給出了對於判定性問題（Entscheidungsproblem）的否定：關於兩個lambda運算式是否等價的命題，無法由一個「通用的演算法」判斷，這是不可判定效能夠證明的頭一個問題，甚至還在停机问题之先。Lambda演算包括了建構lambda項，和對lambda項執行歸約的操作。在最簡單的lambda演算中，只使用以下的規則來建構lambda項：產生了諸如：(λx.λy.(λz.(λx.zx)(λy.zy))(xy)的表達式。如果表達式是明確而沒有歧義的，則括號可以省略。對於某些應用，其中可能包括了邏輯和數學的常量以及相關操作。本文讨论的是邱奇的“无类型lambda演算”，此后，已经研究出来了一些有类型lambda演算。""",中文:, Lambda演算
 类型论,"""在最广泛的层面上，类型论是关注把实体分类到叫做类型的搜集中的数学和逻辑分支。在这种意义上，它与类型的形而上学概念有关。现代类型论在部分上是响应罗素悖论而发明的，并在伯特兰·罗素和阿弗烈·诺夫·怀海德的《数学原理》中起到重要作用。在计算机科学分支中的编程语言理论中，类型论提供了设计分析和研究类型系统的形式基础。实际上，很多计算机科学家使用术语“类型论”来称呼对编程语言的类型语言的形式研究，尽管有些人把它限制于对更加抽象的形式化如有类型lambda演算的研究。""",中文:, 类型论
 超光速航行,"""超光速（英语：Faster-Than-Light,FTL或稱Superluminal）是一種速度比光速還快的概念，源自於相對論中對於定域物體不可能超過真空中光速的推論限制，光速成為許多場合下速率的上限值。在此之前的牛頓力學並未對超光速的速度作出限制。而在相对论中，运动速度和物体的其它性质，如质量甚至它所在参考系的时间流易等，密切相关，速度低于（真空中）光速的物体如果要加速达到光速，其质量会增长到无穷大因而需要无穷大的能量，而且它所感受到的时间流甚至会停止（如果超过光速则可能会出现“时间倒流”），所以理论上来说达到或超过光速是不可能的（至于光子，那是因为它在真空中永远处于光速c，而不是从低于光速增加到光速）。但也因此使得物理学家（以及普通大众）对于一些疑似超光速的物理现象特别感兴趣。相對論出現後，超光速的意义出現在兩個領域，一個是物理上的（包括理論物理和實驗物理）以及天文學觀測方面，另一個是科幻方面，將相關條目條列如下：""",中文:, 超光速航行
 伪随机性,"""伪随机性（英语：Pseudorandomness）是一个过程似乎是随机的，但实际上并不是。例如伪随机数是使用一个确定性的算法计算出来的似乎是随机的数序，因此伪随机数实际上并不随机。在计算伪随机数时假如使用的开始值不变的话，那么伪随机数的数序也不变。伪随机数的随机性可以用它的统计特性来衡量，其主要特征是每个数出现的可能性和它出现时与数序中其它数的关系。伪随机数的优点是它的计算比较简单，而且只使用少数数值很难推算出计算它的算法。一般人们使用一个假的随机数，比如電腦上的時間作为计算伪随机数的开始值。""",中文:, 伪随机性
 随机化算法,"""随机化算法（randomizedalgorithm），是这样一种算法，在算法中使用了随机函数，且随机函数的返回值直接或者间接的影响了算法的执行流程或执行结果。就是将算法的某一步或某几步置于运气的控制之下，即该算法在运行的过程中的某一步或某几步涉及一个随机决策，或者说其中的一个决策依赖于某种随机事件。""",中文:, 随机化算法
 随机数生成,"""随机数生成器（Randomnumbergenerator）是通过一些算法、物理訊號、環境噪音等来产生看起來似乎沒有關聯性的數列的方法或裝置。丟硬幣、丟骰子、洗牌就是生活上常見的隨機數產生方式。大部分计算机上的偽随机数，并不是真正的随机数，只是重复的周期比较大的數列，是按一定的算法和种子值生成的。""",中文:, 随机数生成
 随机过程,"""在概率论概念中，随机过程是随机变量的集合。若一随机系统的样本点是随机函数，则称此函数为样本函数，这一随机系统全部样本函数的集合是一个随机过程。实际应用中，样本函数的一般定义在时间域或者空间域。随机过程的实例如股票和汇率的波动、语音信号、视频信号、体温的变化，反对法随机运动如布朗运动、随机徘徊等等。""",中文:, 随机过程
 噪声,"""噪音从物理角度上看，是声波的频率、强弱变化无规律、杂乱无章的声音。噪声是令人生理或心理上覺得不舒服，一般讓听到它的人不悅、不舒服、不想要的，或带来烦恼的、不受欢迎的声音，影响人的交谈或思考、工作学习休息的声音。一般人们用分贝（dB）来量噪声的强度，用信噪比（S/N）来衡量噪音对有用信号的影响程度。噪音的可能来源有飞机、汽车、工厂、建筑工地、日常生活等。噪音是環境污染之一，各国政府一般有相应的法律、规定管制噪音。""",中文:, 噪声
 图灵机,"""图灵机（英语：Turingmachine），又称确定型图灵机，是英国数学家艾倫·图灵于1936年提出的一种抽象计算模型，其更抽象的意义为一种数学逻辑机，可以看作等价于任何有限逻辑数学过程的终极强大逻辑机器。""",中文:, 图灵机
 形式方法人物,"""艾兹赫尔·韦伯·戴克斯特拉（荷兰语：EdsgerWybeDijkstra，荷兰语读音：[ˈɛtsxərˈʋibəˈdɛikstra]聆聽，1930年5月11日－2002年8月6日），又譯艾兹赫尔·韦伯·迪杰斯特拉，生於荷蘭鹿特丹，计算机科学家，是荷蘭第一位以程式為專業的科學家。曾在1972年获得图灵奖，之后，他还获得1974年AFIPSHarryGoodeMemorialAward、1989年ACMSIGCSE计算机科学教育教学杰出贡献奖。2002年，在他去世前不久，艾兹赫尔获得了ACMPODC（分布式计算原理）最具影响力论文奖，以表彰他在分布式领域中关于程序计算自稳定的贡献。为了纪念他，这个每年一度奖项也在此后被更名为“Dijkstra奖”。他曾经提出“GOTO有害论”，信号量和PV原语，解决了有趣的“哲学家就餐问题”。""",中文:, 形式方法人物
 模型检查,"""威龍工作室有限公司（英语：DragonModelsLimited，縮寫DML）是香港的一間模型及玩具設計生產商，於1987年建立。創新的意念和先進的技術，歷年來帶領出不計其數的新穎産品，為世界模型玩具業內首屈一指的模型生产厂商。威龍産品籍高質素和創新設計贏得無數國際性獎項和絕大多數人的支援。領導全球市場的知名産品包括：軍事塑膠模型，活動軍人模型，威龍裝甲，飛機和太空系列等，至今已推出數千種產品。另外威龍模型亦與長谷川(Hasegawa)、Italeri、Revell/Monogram及郡氏(GSI)等有銷售協議。於2011開始,首度與迪士尼及漫威(Marvel)合作,推出超級英雄電影和迪士尼卡通的授權産品，其中包括震撼性的1/9ActionHeroVignettes和迪士尼""PlayBuddiesCollection""(奇妙伙伴)等收藏品系列，進一步打開了大衆化市場的大門。2013年已停產民航機及12""活動軍人(1:6)產品，香港第一間本土設計的12""兵人(1:6)公司神話正式結束。威龍模型的分公司分別位於上海及美國(美國威龍(DragonModelsUSA),位于加利福尼亚州。)其門市為环球Hobby館。""",中文:, 模型检查
 自动机,"""自動機（英语：Automaton，複數：Automata，又稱自動機器、自動機械），是指非電源供應，以發條裝置作為動力來源，使自己運作的機器；自動機是必須先手動上緊發條，發條帶動機器內部的齒輪及隨動機械零件，才能自己運作，發條的能量就像蓄電池一樣消耗，必須再上緊發條；運作原理有別於發動機、發電機、電動機及永動機。""",中文:, 自动机
 逻辑演算,"""在邏輯和數學裡，命題演算（或稱句子演算）是一個形式系統，有著可以由以邏輯運算符結合原子命題來構成代表「命題」的公式，以及允許某些公式建構成「定理」的一套形式「證明規則」。""",中文:, 逻辑演算
 面向文档的数据库,"""LotusDomino是IBM的一个服务器产品，提供了企业级的电子邮件、协作能力以及一个可定制的应用平台。Domino最早被称为LotusNotesServer，是莲花公司的客户端-服务器通信技术的服务器组件。它可以被用作LotusNotes的应用服务器并/或作为一个网页服务器。它还包含了一个内置的数据库系统，使用NSF格式。其目录服务也可以被用作认证的目的。""",中文:, 面向文档的数据库
 超光速,"""超光速（英语：Faster-Than-Light,FTL或稱Superluminal）是一種速度比光速還快的概念，源自於相對論中對於定域物體不可能超過真空中光速的推論限制，光速成為許多場合下速率的上限值。在此之前的牛頓力學並未對超光速的速度作出限制。而在相对论中，运动速度和物体的其它性质，如质量甚至它所在参考系的时间流易等，密切相关，速度低于（真空中）光速的物体如果要加速达到光速，其质量会增长到无穷大因而需要无穷大的能量，而且它所感受到的时间流甚至会停止（如果超过光速则可能会出现“时间倒流”），所以理论上来说达到或超过光速是不可能的（至于光子，那是因为它在真空中永远处于光速c，而不是从低于光速增加到光速）。但也因此使得物理学家（以及普通大众）对于一些疑似超光速的物理现象特别感兴趣。相對論出現後，超光速的意义出現在兩個領域，一個是物理上的（包括理論物理和實驗物理）以及天文學觀測方面，另一個是科幻方面，將相關條目條列如下：""",中文:, 超光速
 机率复杂度理论,"""计算复杂性理论（Computationalcomplexitytheory）是理论计算机科学和数学的一个分支，它致力于将可计算问题根据它们本身的复杂性分类，以及将这些类别联系起来。一个可计算问题被认为是一个原则上可以用计算机解决的问题，亦即这个问题可以用一系列机械的数学步骤解决，例如算法。如果一个问题的求解需要相当多的资源（无论用什么算法），则被认为是难解的。计算复杂性理论通过引入数学计算模型来研究这些问题以及定量计算解决问题所需的资源（时间和空间），从而将资源的确定方法正式化了。其他复杂性测度同样被运用，比如通信量（应用于通信复杂性），电路中门的数量（应用于电路复杂性）以及中央处理器的数量（应用于并行计算）。计算复杂性理论的一个作用就是确定一个能或不能被计算机求解的问题的所具有的实际限制。在理论计算机科学领域，与此相关的概念有算法分析和可计算性理论。两者之间一个关键的区别是前者致力于分析用一个确定的算法来求解一个问题所需的资源量，而后者则是在更广泛意义上研究用所有可能的算法来解决相同问题。更精确地说，它尝试将问题分成能或不能在现有的适当受限的资源条件下解决这两类。相应地，在现有资源条件下的限制正是区分计算复杂性理论和可计算性理论的一个重要指标：后者关心的是何种问题原则上可以用算法解决。""",中文:, 机率复杂度理论
 统计随机性,"""随机性（英语：Randomness）这个词是用来表达目的、动机、规则或一些非科学用法的可预测性的缺失。一个随机的过程是一个不定因子不断产生的重复过程，但它可能遵循某个概率分布。术语随机经常用于统计学中，表示一些定义清晰的、彻底的统计学属性，例如缺失偏差或者相關。随机与任意不同，因为“一个变量是随机的”表示这个变量遵循概率分布。而任意在另一方面又暗示了变量没有遵循可限定概率分布。随机在自然科学和哲学上有着重要的地位。""",中文:, 统计随机性
 Acid测试,"""Acid3由網頁標準計劃設計，是一份網頁瀏覽器及設計軟體之標準相容性的測試網頁，Acid3開發始於2007年4月，2008年3月3日正式發布。其測試焦點集中在ECMAScript、DOMLevel3、MediaQueries和data:URL。以瀏覽器開啟此測試網頁後，頁面會不斷載入功能、直接給予分數，滿分為100分。""",中文:, Acid测试
 形式方法,"""形式化方法，中文也稱形式方法、正規方法。在计算机科学和软件工程领域，形式化方法是基于数学的特种技术，适合于软件和硬件系统的描述、开发和验证。将形式化方法用于软件和硬件设计，是期望能够像其它工程学科一样，使用适当的数学分析以提高设计的可靠性和強健性。但是，由于采用形式化方法的成本高意味着它们通常只用于开发注重安全性的高度整合的系统。""",中文:, 形式方法
 缺陷和问题跟踪软件,"""缺陷跟踪管理系统是一种应用软件，它被设计用来帮助质量保证和程序员在工作中维护软件缺陷的跟踪报告，也可以被认为是一种问题跟踪管理系统。许多的缺陷跟踪管理系统,比如那些大多数在开源软件工程中使用的，允许用户直接登记缺陷报告，还有一些则是只在公司或者机构内部用来进行软件开发。很具代表性，缺陷跟踪管理系统总是集成一些软件工程管理应用软件。缺陷跟踪管理系统在软件开发时是非常有用的，它被广泛使用于软件公司的产品开发。""",中文:, 缺陷和问题跟踪软件
 软件审查,"""突破网络审查或突破网络封锁，在中国大陆突破防火长城实行的网络审查又稱翻墙、穿牆、科學上網、愛國上網等指绕过互联网审查封锁技术（IP封锁、端口封锁、关键词过滤、域名劫持等），实现对网络内容的访问。突破网络审查的软件通常被称作翻墙软件。翻墙软件並不只是代理软件，它着眼於獲得被封鎖的網站內容。""",中文:, 软件审查
 软件测试工具,"""轻量级软件测试自动化（英语：Lightweightsoftwaretestautomation）是設計相對簡單及短的電腦程式（稱為轻量级測試工具）來測試軟體系統的過程。轻量级測試工具不限定某種程式語言，不過最常用Java、Perl、VisualBasic.NET及C#實現。轻量级測試工具的原代碼一般不超過四頁、撰寫時間不超過四小時。轻量级测试自动化常和敏捷软件开发一起使用。除了轻量级软件测试自动化外，另外三種软件测试自动化的方式是商業测试自动化框架軟件、開源测试自动化框架以及重量級测试自动化。轻量级测试自动化的主要缺點是可管理性較弱，因為轻量级测试自动化相對較簡單，也容易實現，相較起來，製作不同的測試工具、測試用例檔案、測試結果檔案……會花掉相當多的時間。不過轻量级测试自动化也有一些明顯的好處：相較於商用框架，轻量级测试自动化初期成本較便宜，可變性也較高。相較於開源框架，轻量级测试自动化因為其更新較少，也沒有外在的相依性，因此比較穩定。相較於重量級框架，轻量级测试自动化框架要實現及修改都比較簡單。轻量级软件测试自动化一般會用來補足上述的测试自动化方式，而不是取代上述的作法。在回归测试時，轻量级测试自动化非常有用，其測試目的只是驗證新加入待測系統的程式碼不會造成新的軟體問題。轻量级测试自动化也可以用在其他軟體測試的領域，例如性能測試、壓力測試（Stresstesting）、負載測試、安全性測試、代碼覆蓋率分析、軟體突變測試等。詹姆斯·麥卡弗里廣泛的提出意見，倡導轻量级软件测试自动化。""",中文:, 软件测试工具
 反向代理,"""在電腦網路中，反向代理是代理伺服器的一種。伺服器根据客户端的请求，从其關聯的一組或多組后端服务器（如Web服务器）上获取资源，然后再将这些资源返回给客户端，客户端只會得知反向代理的IP位址，而不知道在代理伺服器後面的伺服器叢集的存在。与前向代理不同，前向代理作为客户端的代理，將從互联网上获取的资源返回给一個或多個的客户端，伺服器端（如Web服务器）只知道代理的IP位址而不知道客户端的IP位址；而反向代理是作为服务器端（如Web服务器）的代理使用，而不是客户端。客户端藉由前向代理可以間接访问很多不同網際網路伺服器（叢集）的资源，而反向代理是供很多客户端都通过它間接访问不同后端服务器上的资源，而不需要知道这些后端服务器的存在，而以为所有资源都来自于这个反向代理服务器。反向代理在現時的網際網路中並不少見，而另一些例子，像是CDN、SNI代理等，是反向代理結合DNS的一類延伸應用。""",中文:, 反向代理
 分布式版本控制系统,"""在程式設計中，分散式版本控制（英语：distributedrevisioncontrol或distributedversioncontrol，又譯為分布式版本控制），又稱去中心化版本控制（decentralizedversioncontrol），是一種版本控制的方式，它允許軟體開發者可以共同參與一個軟體開發專案，但是不必在相同的網路系統下工作。以分散式版本控制方法，作出的軟體版本控制系統，稱為分散式版本控制系統（distributedrevisioncontrolsystem，縮寫為DRCS，或是distributedversioncontrolsystem，縮寫為DVCS）。著名的分散式版本控制系統有Monotone、Git等。""",中文:, 分布式版本控制系统
 自由版本控制软件,"""版本控制（Revisioncontrol）是维护工程藍圖的标准作法，能追蹤工程藍图從诞生一直到定案的過程。此外，版本控制也是一種軟體工程技巧，藉此能在軟體開發的過程中，確保由不同人所編輯的同一程式檔案都得到同步。""",中文:, 自由版本控制软件
 项目托管网站,"""mozdev.org是一个为Mozilla社区提供自由软件项目托管及软件开发工具的网站。许多Firefox、Thunderbird和SeaMonkey扩展以及独立的Mozilla应用程序托管在此网站。在此网站建立项目是免费的，但所有开发使用开放源代码促进会（OSI）批准的许可证。目前有超过250个开发项目在Mozdev上活跃。""",中文:, 项目托管网站
 NoSQL,"""NoSQL是對不同於傳統的關聯式資料庫的数据库管理系统的統稱。兩者存在許多顯著的不同點，其中最重要的是NoSQL不使用SQL作為查詢語言。其數據存儲可以不需要固定的表格模式，也經常會避免使用SQL的JOIN操作，一般有水平可扩展性的特征。""",中文:, NoSQL
 SQL关键字,"""SQL中的连接（JOIN）语句用于将数据库中的两个或多个表组合起来。由""连接""生成的集合,可以被保存为表,或者当成表来使用.JOIN语句的含义是把两张表的属性通过它们的值组合在一起.基于ANSI标准的SQL列出了五种JOIN方式:内连接(INNER),全外连接(FULLOUTER),左外连接(LEFTOUTER),右外连接(RIGHTOUTER)和交叉连接(CROSS).在特定的情况下,一张表(基本表,视图,或连接表)可以和自身进行连接,成为自连接(self-join).程序员用JOIN谓词表示要得到""连接""后的集合.如果evaluatedpredicate为真,组合后的记录就会按照预期的方式生成,如一个记录集,或者一张临时表.""",中文:, SQL关键字
 小行星探测器,"""勇气号火星探测器，台湾译作精神号火星探测车[1]（Spirit,MER-A），是美国国家航空航天局火星探测漫游者计划的第一部火星漫游车。火星探测漫游者计划旨在将勇气号和机遇号两部双胞胎火星车送往火星，对火星这颗红色行星进行详细考察。""",中文:, 小行星探测器
 时间旅行,"""時間旅行或稱時空旅行、時光旅行或穿越時空等，泛指人或者其它物體由某一時間點移動到另外一個時間點。事實上，所有的人都順著時間一分一秒地自然前進，所以時間旅行單指違反這種自然時間變化的方式：要麼是前往未來，要麼是回到過去。時間旅行常常作為戲劇或者小說中，將人物放在不同時空中的手段，而穿越、穿越劇、穿越小說等名稱也成為這些作品的分類，與傳統戲劇或者小說中的分類看齊。""",中文:, 时间旅行
 目的论,"""目的論（英语：Teleology）属于哲學的範疇，致力于探討事物產生的目的、本源和其歸宿。""",中文:, 目的论
 随机性,"""随机性（英语：Randomness）这个词是用来表达目的、动机、规则或一些非科学用法的可预测性的缺失。一个随机的过程是一个不定因子不断产生的重复过程，但它可能遵循某个概率分布。术语随机经常用于统计学中，表示一些定义清晰的、彻底的统计学属性，例如缺失偏差或者相關。随机与任意不同，因为“一个变量是随机的”表示这个变量遵循概率分布。而任意在另一方面又暗示了变量没有遵循可限定概率分布。随机在自然科学和哲学上有着重要的地位。""",中文:, 随机性
 软件测试,"""軟體測試（英语：softwaretesting），描述一種用來促進鑑定軟體的正確性、完整性、安全性和品質的過程。據此，您可能會想，軟體測試永遠不可能完整的確立任意電腦軟體的正確性。然而，在可計算理論（計算機科學的一個支派）一個簡單的數學證明推斷出下列結果：不可能完全解決所謂「當機」，指任意電腦程式是否會進入無窮迴圈，或者罷工並產生輸出問題。換句話說，軟體測試是一種實際輸出與預期輸出間的稽核或者比較過程。软件测试的经典定义是：在规定的条件下对程序进行操作，以发现程序错误，衡量軟體品質，并对其是否能满足设计要求进行评估的过程。軟體測試有許多方法，但對複雜的產品執行有效測試不僅僅是研究過程，更是創造並嚴格遵守某些呆板步驟的大事。測試的其中一個定義：為了評估而質疑產品的過程；這裡的“質疑”是測試員試著對產品做的事，而產品以測試者腳本行為反應作為回答。雖然大部分測試的智力過程不外乎回顧、檢查，然而「測試」這個词意味著產品動態分析──讓產品流暢運行。程式品質可能，而且通常會，隨系統不同而有差異；不過某些公認特性是共通的：可靠性、穩定性、輕便性、易於維護、以及實用性。請參照至ISO標準ISO9126有更詳盡的說明。""",中文:, 软件测试
 静态代码分析工具,"""靜態程序分析（英语：Staticprogramanalysis）是指在不執行计算机程序的條件下，進行程序分析的方法。有些程序分析需要在程序執行時才能進行，這種程序分析稱為動態程序分析。大部份的靜態程序分析的對象是針對特定版本的源代码，也有些靜態程序分析的對象是目标代码。靜態程序分析一詞多半是指配合靜態程序分析工具進行的分析，人工進行的分析一般稱為程式理解或代码审查。靜態程序分析的複雜程度依所使用的工具而異，簡單的只考慮個別语句及声明的行為，複雜的可以分析程序的完整源代码。不同靜態程序分析技术对分析得到的資訊的用途也有所不同，簡單的可以是高亮标识可能存在的代碼錯誤（如lint），複雜的可以是形式化方法，也就是用數學的方式證明程式的某些行為符合其設計规约。軟體度量和反向工程可以視為一種靜態程序分析的方式。在實務上，在定義所謂的軟體品質指標（softwarequalityobjectives）後，軟體度量的推導及程序分析常一起進行，在開發嵌入式系統時常會用這種方式進行。靜態程序分析的商業用途可以用來驗證安全關鍵電腦系統中的軟體，並指出可能有计算机安全隐患的程式碼，這類的應用越來越多。例如以下的產業已確定用靜態程序分析作為提昇複雜軟體品質的方法：醫療軟體：美國的美国食品药品监督管理局確定在醫療設備上使用靜態程序分析。核能軟體：英國的健康与安全委员会建議針對堆保护系统的軟體進行靜態程序分析中。在資訊安全的領域中，靜態程序分析會稱為靜態應用程式安全檢測（StaticApplicationSecurityTesting，簡稱SAST）。""",中文:, 静态代码分析工具
 动态规划,"""动态规划（英语：Dynamicprogramming，简称DP）是一种在数学、管理科学、计算机科学、经济学和生物信息学中使用的，通过把原问题分解为相对简单的子问题的方式求解复杂问题的方法。动态规划常常适用于有重叠子问题和最优子结构性质的问题，动态规划方法所耗时间往往远少于朴素解法。动态规划背后的基本思想非常简单。大致上，若要解一个给定问题，我们需要解其不同部分（即子问题），再根据子问题的解以得出原问题的解。通常许多子问题非常相似，为此动态规划法试图仅仅解决每个子问题一次，从而减少计算量：一旦某个给定子问题的解已经算出，则将其记忆化存储，以便下次需要同一个子问题解之时直接查表。这种做法在重复子问题的数目关于输入的规模呈指數增長时特别有用。""",中文:, 动态规划
 机器学习算法,"""机器学习是人工智能的一个分支。人工智能的研究历史有着一条从以“推理”为重点，到以“知识”为重点，再到以“学习”为重点的自然、清晰的脉络。显然，机器学习是实现人工智能的一个途径，即以机器学习为手段解决人工智能中的问题。机器学习在近30多年已发展为一门多领域交叉学科，涉及概率论、统计学、逼近论、凸分析、计算复杂性理论等多门学科。机器学习理论主要是设计和分析一些让计算机可以自动“学习”的算法。机器学习算法是一类从数据中自动分析获得规律，并利用规律对未知数据进行预测的算法。因为学习算法中涉及了大量的统计学理论，机器学习与推断统计学联系尤为密切，也被称为统计学习理论。算法设计方面，机器学习理论关注可以实现的，行之有效的学习算法。很多推论问题属于无程序可循难度，所以部分的机器学习研究是开发容易处理的近似算法。机器学习已广泛应用于数据挖掘、计算机视觉、自然语言处理、生物特征识别、搜索引擎、医学诊断、检测信用卡欺诈、证券市场分析、DNA序列测序、语音和手写识别、战略游戏和机器人等领域。""",中文:, 机器学习算法
 估计理论,"""估计理论是统计学和信号处理中的一个分支，主要是通过测量或经验数据来估计概率分布参数的数值。这些参数描述了实质情况或实际对象，它们能够回答估计函数提出的问题。例如，估计投票人总体中，给特定候选人投票的人的比例。这个比例是一个不可观测的参数，因为投票人总体很大；估计值建立在投票者的一个小的随机采样上。又如，雷达的目的是物体（飞机、船等）的定位。这种定位是通过分析收到的回声（回波）来实现的，定位提出的问题是“飞机在哪里？”为了回答这个问题，必须估计飞机到雷达之间的距离。如果雷达的绝对位置是已知的，那么飞机的绝对位置也是可以确定的。在估计理论中，通常假定信息隐藏在包含雜訊的信号中。噪声增加了不确定性，如果没有不确定性，那么也就没有必要估计了。""",中文:, 估计理论
 信息学熵,"""化學及热力学中所谓熵（英语：entropy），是一種測量在動力學方面不能做功的能量總數，也就是當總體的熵增加，其做功能力也下降，熵的量度正是能量退化的指標。熵亦被用於計算一個系統中的失序現象，也就是計算該系統混亂的程度。熵是一个描述系统状态的函数，但是经常用熵的参考值和变化量进行分析比较，它在控制论、概率论、数论、天体物理、生命科学等领域都有重要应用，在不同的学科中也有引申出的更为具体的定义，是各领域十分重要的参量。""",中文:, 信息学熵
 字符串相似性度量,"""編輯距離是針對二個字符串（例如英文字）的差異程度的量化量測，量測方式是看至少需要多少次的處理才能將一個字符串變成另一個字符串。編輯距離可以用在自然语言处理中，例如拼寫檢查可以根據一個拼錯的字和其他正確的字的編輯距離，判斷哪一個（或哪幾個）是比較可能的字。DNA也可以視為用A、C、G和T組成的字符串，因此編輯距離也用在生物信息学中，判斷二個DNA的類似程度。Unix下的diff及patch即是利用编辑距离来进行文本编辑对比的例子。編輯距離有幾種不同的定義，差異在可以對字符串進行的處理。在萊文斯坦距離中，可以刪除、加入、取代字符串中的任何一個字元，也是較常用的編輯距離定義，常常提到編輯距離時，指的就是萊文斯坦距離。也存在其他編輯距離的定義方式，例如Damerau-Levenshtein距离是一种莱文斯坦距离的变种，但允许以单一操作交换相邻的两个字符（称为字符转置），如AB→BA的距离是1（交换）而非2（先删除再插入、或者两次替换）。LCS（最长公共子序列）距離只允許刪除、加入字元。Jaro距离只允许字符转置。汉明距离只允許取代字元。""",中文:, 字符串相似性度量
 数据压缩,"""在计算机科学和信息论中，数据压缩或者源编码是按照特定的编码机制用比未经编码少的数据位元（或者其它信息相关的单位）表示信息的过程。例如，如果我们将「compression」编码为「comp」那么这篇文章可以用较少的数据位表示。常見的例子是ZIP文件格式，此格式不仅仅提供压缩功能，还可作为归档工具（Archiver），能够将许多文件存储到同一个文件中。""",中文:, 数据压缩
 检测论,"""信号检测理论（signaldetectiontheory，SDT），为心理学、数学、信息科学中是针对反应偏差问题的一种系统研究方法。1966年，由心理学家大衛·馬芬·葛琳（DavidMarvinGreen）和约翰·斯威特JohnA.Swets发表。信号检测论并不完全严格的关注机体感觉过程，而是着重于强调刺激事件出现与否的决策判断过程。""",中文:, 检测论
 算法信息论,"""算法信息论（Algorithmicinformationtheory）是使用理论计算机科学的工具，研究复杂性概念的学科领域。它是信息理論的一環，关注計算與信息之間的關係。按照GregoryChaitin的说法，它是“把香农的信息论和图灵的可计算论放在调酒杯使劲摇晃的结果。”""",中文:, 算法信息论
 编码理论,"""编码理论（英语：Codingtheory）是研究编码的性质以及它们在具体应用中的性能的理论。编码用于数据压缩、加密、纠错，最近也用于网络编码中。不同学科（如信息论、電機工程學、数学以及计算机科学）都研究编码是为了设计出高效、可靠的数据传输方法。这通常需要去除冗余并校正（或检测）数据传输中的错误。编码共分四类：数据压缩（或信源编码）前向錯誤更正（或信道编码）加密编码线路码数据压缩和前向錯誤更正可以一起考虑。信源编码试图压缩来自信源的数据以使传输更高效。这种做法每天都能在互联网上见到，因为在互联网上使用常见的ZIP格式来降低网络负载，使文件更小。第二种，信道编码，加入额外的数据位以使在传输信道有干扰存在的时候数据传输的鲁棒性更强。普通用户可能不知道许多应用中都使用了信道编码。平常的音乐CD使用里德-所罗门码来纠正划痕和灰尘。在此应用中传输信道就是光盘本身。手机也使用编码技术纠正高频无线电传输的衰落和噪声。数据调制解调器、电话传输、NASA都采用信道编码技术来传输信息，例如涡輪码和低密度码。""",中文:, 编码理论
 网络性能,"""网络监控（Networkmonitoring）是指持续监控计算机网络网络是否存在缓慢或故障组件，并在故障、中断等情况下通知網絡管理員（通过电子邮件、簡訊或其他警示法）的系统。网络监控是网络管理的一部分。""",中文:, 网络性能
 Wiki软件,"""Wiki（/ˈwɪkiː/）是一種在全球資訊網上開放且可供多人協同創作的超文本系統，由沃德·坎宁安於1995年首先开发。沃德·坎宁安将wiki定义为“一种允许一群用户用简单的描述来创建和连接一组网页的社会计算系统”。有些人認為，Wiki系統屬於一種人類知識的網路系統，讓人們可以在web的基礎上對Wiki文本進行瀏覽、創建和更改，而且這種創建、更改及發佈的代價遠比HTML文本小。與此同時，Wiki系統還支持那些面向社群的協作式寫作，為協作式寫作提供了必要的幫助。最後Wiki的寫作者自然構成了一個社群，Wiki系統為這個社群提供了簡單的交流工具。與其它超文本系統相比，Wiki有使用簡便且開放的特點，有助於在一個社群內共享某個領域的知識。""",中文:, Wiki软件
 协作软件,"""群件（Collaborativesoftware或Groupware），又稱為群组软体、協同軟件、协作软件。群件是一个「网络软件」的概念，它定义了由一组（群）人使用的应用程序。它是基于这样一个设想，因为网络连接用户，这些用户应当通过网络互相协作，作为一个整体而提高组的生产率。电子郵件是一个很好的群件例子。它能使用户间相互通信和协调活动。此处，群件是一个许多不同地方定义许多不同事情的术语。MicrosoftOffice不是典型的群組軟件的例子。""",中文:, 协作软件
 版本控制系统,"""版本控制（Revisioncontrol）是维护工程藍圖的标准作法，能追蹤工程藍图從诞生一直到定案的過程。此外，版本控制也是一種軟體工程技巧，藉此能在軟體開發的過程中，確保由不同人所編輯的同一程式檔案都得到同步。""",中文:, 版本控制系统
 自由内容管理系统,"""以下為內容管理系統列表。一般的內容管理系統，大多由以下幾種程式語言寫成：PHP（例如：Midgard架構、PHP-Nuke及其衍生產品）Python（例如：Zope、Plone及NuxeoCPS）Java（例如：ApacheCocoon、NuxeoEP及OpenCMS）ASP及ASP.NET""",中文:, 自由内容管理系统
 开放源码内容管理系统,"""LogicalDOC是一个自由软件，专为公司管理和共享文件而设计的文档管理系统。LogicalDOC是一个具有Lucene全文搜索索引、jBPM工作流程、以及一套自动导入程序的内容储存库，使用Java技术开发。LogicalDOC是一种针对MicrosoftWindows和Unix-like操作系统的文档管理系统。LogicalDOC面向那些需要高度模块化和可扩展性的用户。LogicalDOC提供了一种WebDAV接口，它可以在MicrosoftWindows和Unix-like操作系统上提供兼容性支持。""",中文:, 开放源码内容管理系统
 SQL,"""SQL（/ˈɛskjuːˈɛl/,or/ˈsiːkwəl/;结构化查询语言）是一种特定目的程式语言，用于管理关系数据库管理系统（RDBMS），或在关系流数据管理系统（RDSMS）中进行流处理。SQL基于关系代数和元组关系演算，包括一个数据定义语言和数据操纵语言。SQL的范围包括数据插入、查询、更新和删除，数据库模式创建和修改，以及数据访问控制。尽管SQL经常被描述为，而且很大程度上是一种声明式编程（4GL），但是其也含有过程式编程的元素。SQL是对埃德加·科德的关系模型的第一个商业化语言实现，这一模型在其1970年的一篇具有影响力的论文《一个对于大型共享型数据库的关系模型》中被描述。尽管SQL并非完全按照科德的关系模型设计，但其依然成为最为广泛运用的数据库语言。SQL在1986年成为美国国家标准学会（ANSI）的一项标准，在1987年成为国际标准化组织（ISO）标准。在此之后，这一标准经过了一系列的增订，加入了大量新特性。虽然有这一标准的存在，但大部分的SQL代码在不同的数据库系统中并不具有完全的跨平台性。""",中文:, SQL
 对象关系映射,"""物件關聯對映（英语：ObjectRelationalMapping，簡稱ORM，或O/RM，或O/Rmapping），是一種程式設計技術，用於實現物件導向編程語言裡不同類型系統的資料之間的轉換。從效果上說，它其實是創建了一個可在編程語言裡使用的“虛擬物件資料庫”。如今已有很多免費和付費的ORM產品，而有些程式設計師更傾向於建立自己的ORM工具。物件導向是從軟體工程基本原則（如耦合、聚合、封裝）的基礎上發展起來的，而關聯式資料庫則是從數學理論發展而來的，兩套理論存在顯著的區別。為了解決這個不匹配的現象，物件關聯對映技術應運而生。簡單的說：ORM相當於中繼資料。具體到產品上，例如下邊的ADO.NETEntityFramework。DLINQ中實體類的屬性[Table]就算是一種中繼資料。物件關聯對映成功運用在不同的物件導向持久層產品中，如：Torque，OJB，Hibernate，TopLink，CastorJDO，TJDO，ActiveRecord，NHibernate，ADO.NETEntityFramework等。""",中文:, 对象关系映射
 数据库索引技术,"""数据库索引，是数据库管理系统中一个排序的数据结构，以协助快速查询、更新数据库表中数据。""",中文:, 数据库索引技术
 开源数据库管理系统,"""在以下的表格中，将对一些关系型数据库管理系统的基本信息和技术信息进行对比。请参考以下产品各自的条目以获得更详细的介绍。该表格不可能包罗万象，也许有些信息已过时。除非注明，以下产品为各自的稳定版本，且没有安装任何形式的扩展程序。""",中文:, 开源数据库管理系统
 自动驾驶汽车,"""自動駕駛汽車，又稱為無人駕駛汽車、電腦駕駛汽車或輪式移動機器人，是無人地面載具的一種，具有傳統汽車的運輸能力。作為自動化載具，自動駕駛汽車不需要人為操作即能感測其環境及導航。完全的自動駕駛汽車仍未全面商用化，大多數均為原型機及展示系統，部份可靠技術才下放至量產車型，但有關於自駕車逐漸成為現實，已經引起了很多有關於道德的討論。自動駕駛汽車能以雷達、光學雷達、GPS及電腦視覺等技術感測其環境。先進的控制系統能將感測資料轉換成適當的導航道路，以及障礙與相關標誌。根據定義，自動駕駛汽車能透過感測輸入的資料，更新其地圖資訊，讓交通工具可以持續追蹤其位置，即使條件改變，或汽車駛進了未知的環境內。自動駕駛汽車的展示系統可追溯至1920年代及1930年代間，第一輛能真正自動駕駛的汽車則出現於1980年代。1984年，卡內基美隆大學推動Navlab計畫與ALV計畫；1987年，梅賽德斯-賓士與德國慕尼黑聯邦國防大學共同推行尤里卡普羅米修斯計畫。從此以後，許多大型公司與研究機構開始製造可運作的自動駕駛汽車原型。21世紀以後，伴隨著資訊科技的進步，更是突飛猛進，全自動駕駛的車輛在試驗車輛上已經被製造出了，特斯拉汽車率先推出了特定環境下的自駕車，而汽車工業人士估計2030年以前就會有量產車款出現。""",中文:, 自动驾驶汽车
 先驱者系列,"""先驱者计划（英语：Pioneerprogram）是美国的一系列无人行星探测任务。整个计划分为数个任务，而最著名的是先驱者10号和11号，它们探测外层行星并飞出了太阳系。两个探测器都携带了刻画着男女和地球位置的金版，期待地外生命有朝一日发现并解读它。计划的命名归功于斯蒂芬·A·萨利加（StephenA.Saliga），当时属于赖特帕特森空军基地的空军定位小组成员。在一场发布会上，计划的首个航天器被提名为“带红外扫描设备的月球轨道器”，萨利加认为名字太长，不能突出任务的主题。他建议使用“先驱”作为首个航天器的名字，因为“军方已经发射了探索者号卫星，媒体将军方成为‘太空先驱’”，采用了这个名字的空军方面决定来一次“质的飞跃”，使自己真正成为“太空先驱”。""",中文:, 先驱者系列
 冥王星探测器,"""新視野號（NewHorizons）又譯新地平線號，是美國國家航空暨太空總署旨在探索矮行星冥王星（在發射時間仍然被認為是一顆行星）和柯伊伯带的行星際機器人太空船任務，它是第一艘飛越和研究冥王星和它的衛星，凱倫、尼克斯和許德拉的太空探測器。NASA可能還會批准它飛越一個或两個古柏帶天體。任務概要是由美国西南研究院首席研究員艾倫·斯特恩所領導的一個團隊提出。經過在發射地點的幾個延誤後，新視野號于2006年1月19日在卡纳维拉尔角發射，直接進入地球和太陽逃逸軌道，在最後關閉引擎時相對於地球的速度是16.26公里/秒，或58,536公里/小時（10.10英里/秒或36,373英里/小時）。因此，它是有史以來以最快的發射速度離開地球的人造物體。2015年7月14日新视野号飛越冥王星系统。随后，新視野號将繼續進入古柏帶。經過與小行星132524APL一個短暫的相遇後，新視野號飛往木星，在2007年2月28日使得其最接近木星的距離为2.3×106公里（1.4×106英里）。木星飛掠提供重力助推给新視野號的速度增加了4km/s（14,000km/h；9,000mph）。木星相遇也被用來作為新視野號科技性能的全面測試，傳回關於行星的大氣層，衛星和磁層的數據。在飛掠木星後，探測器繼續前往冥王星。在木星後的大部分旅行中，太空船是处于休眠模式度過，以保護太空船上的系統。在2006年9月，新視野號第一次拍攝了冥王星，其次是在2013年7月拍攝了區分冥王星和它的衛星冥卫一作為兩個單獨的對象的圖像。無線電信號从新視野號太空船旅行到地球需要用4個多小時。格林威治時間2015年7月14日上午11時49分，新視野號接近冥王星12,500公里，為旅程中最接近冥王星的位置。它成為了第一艘探索冥王星的航天器。協調世界時7月15日00時52分37秒（美國東部時間7月14日20時52分37秒），美國國家航空暨太空總署收到了新視野號傳來的訊息，證實了探測器在預定的時間成功地飛越了冥王星，探測器各方面的運作一切正常，和先前預料的一樣。""",中文:, 冥王星探测器
 土星探测器,"""卡西尼-惠更斯號（英语：Cassini–Huygens）是前往行星土星的一艘無人太空船。它是NASA-ESA-ASI的旗艦級機器人太空船。卡西尼號雖然是第四艘前往土星的太空探測器，但卻是第一艘環繞土星，它於2004年抵達後，就開始研究土星和它的許多衛星，已於2017年9月15日销毀於土星大氣層。该計劃於1980年代開始。它的設計包括繞行土星的人造衛星（卡西尼號）和登陸泰坦（惠更斯號）。這兩艘太空船是以天文學家喬凡尼·多美尼科·卡西尼和克里斯蒂安·惠更斯的名字命名。太空船於1997年10月15日使用泰坦VB/半人馬發射升空，在2004年7月1日進入環繞土星的軌道。在前往的星際航行途中，曾兩度飛越金星，一次飛越地球與木星。在2004年12月25日，惠更斯號與卡西尼號分離，並在2005年1月14日降落在泰坦。它利用卡西尼號中繼，成功的將資料傳送回地球。這是有史以來第一次在外太陽系的天體上著陸。卡西尼號在抵達後就持續的研究土星系統，並兩度延展計畫直至2017年4月。然而，因為太空船用於調整與校正軌道的燃料因消耗而不斷減少，在2016年11月30日決定進入專案的最後階段。卡西尼號將駛入土星環的內圈，每7天繞行土星一次。太空船將一點一點地深入這過去從未觸及的區域，以得到最接近土星環的外觀。在2016年12月4日，太空船首度通過土星環。卡西尼號已在2017年9月15日潛入土星大氣層中銷毀，並在結束前傳送回最後的圖像。選擇這樣的處置方法，為的是避免污染可能有生物存在的土衛。""",中文:, 土星探测器
 天王星探测器,"""天王星軌道探測器（UranusOrbiterandProbe）也被歐洲太空總署稱為天王星拓荒者（UranusPathfinder），是NASA於ESA正在構想的天王星探測器。它的任務是繼續旅行者2號在1986年對天王星的研究。""",中文:, 天王星探测器
 探索者系列,"""探索者计划是美国首个将人造卫星送入太空的成功计划，起源是美国军方提议在国际地球物理年之际将一颗人造卫星送入轨道。该计划因美国海军已有了前锋计划而遭到否决。而1957年10月4日，苏联成功发射了第一颗人造卫星史普尼克1号。美国为了追赶苏联而将军方的计划当做应急方案。1958年1月31日，探索者1号发射升空，成为美国第一颗人造卫星，并发现了范艾伦辐射带。""",中文:, 探索者系列
 探险者计划,"""探险者一号（英语：Explorer1）是美国于1958年1月31日在佛罗里达州卡拉维纳尔角发射的第一颗地球人造卫星，晚于前苏联于1957年10月4日发射的世界第一颗地球人造卫星史普尼克1号和同年11月3日发射的携带小狗莱卡的第二颗卫星。探险者一号卫星总重13.97千克，其中仪器重8.3千克，它的轨道近地点为360千米，远地点2520千米，114.9分钟绕地球一圈，每分钟围绕长轴自转50周。卫星携带的仪器包括体格宇宙射线探测仪，三个外部温度探头，一个前部温度探头，一套微波背景探测器。探测结果数据通过一个60毫瓦的发射器以108.03兆赫频率和另一个10毫瓦的发射器以108.00兆赫的频率发射到地面接收站。探险者一号最主要的发现是确定了地球外的磁辐射带，以分析探险者一号发回数据的衣阿华小组负责人詹姆斯·范·艾伦命名为范艾伦辐射带。探险者一号留在軌道上直到1970年，在它后来有一直跟著的探索者计划系列有90多個科研航天器。""",中文:, 探险者计划
 旅行者系列,"""旅行者1号（Voyager1）是美国国家航空航天局（NASA）研制的一艘无人外太阳系太空探测器，重825.5kg，于1977年9月5日发射，截止到2018年仍然正常运作。它是有史以来距离地球最远的人造飞行器，也是第一个离开太阳系的人造飞行器。受惠于几次的引力加速，旅行者1号的飞行速度比现有任何一个飞行器都要快些，这使得较它早两星期发射的姊妹船旅行者2号永远都不会超越它。它的主要任务在1979年经过木星系统、1980年经过土星系统之后，结束于1980年11月20日。它也是第一个提供了木星、土星以及其卫星详细照片的探测器。2012年8月25日，“旅行者1号”成为第一个穿越太阳圈并进入星际介质的宇宙飞船。截至2018年1月2日止，旅行者1号正处于离太阳141AU（2.11×1010km），是离地球最远的人造物体。旅行者1号目前在沿双曲线轨道飞行，并已经达到了第三宇宙速度。这意味着他的轨道再也不能引导太空船飞返太阳系，与没法联络的先驱者10号及已停止操作的先驱者11号一样，成为了一艘星际太空船。旅行者1号原先的主要目标，是探测木星与土星及其卫星与环。现在任务已变为探测太阳风顶，以及对太阳风进行粒子测量。两艘旅行者号探测器，都是以三块放射性同位素热电机作为动力来源。这些发电机目前已经大大超出了起先的设计寿命，一般认为它们在大约2020年之前，仍然可提供足够的电力令太空船能够继续与地球联系。钚核电池能够保证旅行者号上搭载的科学仪器继续工作至2025年。2036年，讯号传输的电力将消耗殆尽。一旦电池耗尽，“旅行者1号”将继续向银河系中心前进，不会再向地球发回数据。""",中文:, 旅行者系列
 行星探测车,"""勇气号火星探测器，台湾译作精神号火星探测车[1]（Spirit,MER-A），是美国国家航空航天局火星探测漫游者计划的第一部火星漫游车。火星探测漫游者计划旨在将勇气号和机遇号两部双胞胎火星车送往火星，对火星这颗红色行星进行详细考察。""",中文:, 行星探测车
 计划中的太空探测器,"""空间探测器（英语：spaceprobe）也称深空探测器，是用于探测地球以外天体和星际空间的无人航天器。空间探测器的基本构造多与人造地球卫星相近，但探测器通常用于执行某一特定探測或調查的任务，因而会携带相应的特殊设备。由于离地球较远通信不畅，空间探测器通常有较完备的自动化系统，甚至具有一定程度的人工智能，以便在无人控制的情况下按實際情況來進行任務。GPS是英文GlobalPositioningSystem（全球定位系统）的简称。GPS起始于1958年美国军方的一个项目，1964年投入使用。20世纪70年代，美国陆海空三军联合研制了新一代卫星定位系统GPS。主要目的是为陆海空三大领域提供实时、全天候和全球性的导航服务，并用于情报搜集、核爆监测和应急通讯等一些军事目的，经过20余年的研究实验，耗资300亿美元，到1994年，全球覆盖率高达98%的24颗GPS卫星星座己布设完成。在机械领域GPS则有另外一种含义：产品几何技术规范（GeometricalProductSpecifications,简称GPS）。另外一种含义为G/s（GBpersecond）。GPS（GeneralizedProcessorSharing）广义为处理器分享，网络服务质量控制中的专用术语。""",中文:, 计划中的太空探测器
 因果律,"""因果关系（英語：causality或causation）是一個事件（即“因”）和第二個事件（即“果”）之間的作用關係，其中後一事件被認為是前一事件的結果。一般來說，一個事件是很多原因綜合產生的結果，而且原因都發生在較早時間點，而該事件又可以成為其他事件的原因。一般來說，因果還可以指一系列因素（因）和一個现象（果）之間的關係。對某个结果產生影響的任何事件都是该结果的一个因素。直接因素是直接影响结果的因素，也即无需任何介入因素（介入因素有时又称中介因素）。从这个角度来讲，因果之间的关系也可以称为因果关联（causalnexus）。原因和结果通常和变化或事件有关，还包括客体、过程、性质、变量、事实、状况；概括因果关系争议很多。对因果关系的哲学研究历史悠久，佛教和西方哲學家如亞里士多德在2000多年前就已經提出了因果，该问题仍是现代哲学的重要课题。""",中文:, 因果律
 软件质量,"""軟體品質，是指軟體系統或系統中的軟體部分的品質，即滿足用戶需求，包括功能需求和性能需求的程度。""",中文:, 软件质量
 回归分析,"""迴歸分析（英语：RegressionAnalysis）是一種統計學上分析數據的方法，目的在於了解兩個或多個變數間是否相關、相關方向與強度，並建立數學模型以便觀察特定變數來預測研究者感興趣的變數。更具体的来说，回归分析可以帮助人们了解在只有一个自变量变化时因变量的变化量。一般来说，通过回归分析我们可以由给出的自变量估计因变量的条件期望。迴歸分析是建立因變數Y{\displaystyleY}（或稱依變數，反應變數）與自變數X{\displaystyleX}（或稱獨變數，解釋變數）之間關係的模型。簡單線性回歸使用一個自變量X{\displaystyleX}，複迴歸使用超過一個自變量（X1,X2...Xi{\displaystyleX_{1},X_{2}...X_{i}}）。""",中文:, 回归分析
 数学优化软件,"""最优化，是应用数学的一个分支，主要研究以下形式的问题：""",中文:, 数学优化软件
 最佳控制,"""最优控制理论是要針對控制問題找到控制法則，可以滿足所要求的最佳化準則。最优控制理论是变分法的推广，着重于研究使控制系统的指标达到最优化的条件和方法。这门学科的开创性工作主要是由1950年代前苏联的庞特里亚金和美国的贝尔曼所完成，這些是以愛德華J.麥克沙恩所發展的变分法為其基礎。最优控制可以視為是控制理論中的一種控制策略。""",中文:, 最佳控制
 算法,"""算法（algorithm），在數學（算學）和電腦科學之中，為任何良定义的具體計算步驟的一个序列，常用於計算、數據處理和自動推理。精確而言，算法是一個表示爲有限長列表的有效方法。算法應包含清晰定義的指令用於計算函數。算法中的指令描述的是一個計算，當其執行時能從一個初始狀態和初始輸入（可能爲空）開始，經過一系列有限而清晰定義的狀態最終產生輸出並停止於一個終態。一個狀態到另一個狀態的轉移不一定是確定的。隨機化算法在内的一些算法，包含了一些隨機輸入。形式化算法的概念部分源自尝试解决希尔伯特提出的判定问题，並在其后尝试定义有效可計算性或者有效方法中成形。这些尝试包括库尔特·哥德尔、雅克·埃尔布朗和斯蒂芬·科尔·克莱尼分别于1930年、1934年和1935年提出的遞歸函數，阿隆佐·邱奇於1936年提出的λ演算，1936年埃米爾·萊昂·珀斯特的Formulation1和艾倫·圖靈1937年提出的圖靈機。即使在當前，依然常有直覺想法難以定義爲形式化算法的情況。""",中文:, 算法
 信息论,"""信息论（英语：informationtheory）是应用数学、電機工程學和计算机科学的一个分支，涉及信息的量化、存储和通信等。信息论是由克劳德·香农发展，用来找出信号处理与通信操作的基本限制，如数据压缩、可靠的存储和数据传输等。自创立以来，它已拓展应用到许多其他领域，包括统计推断、自然语言处理、密码学、神经生物学、进化论和分子编码的功能、生态学的模式选择、热物理、量子计算、语言学、剽窃检测、模式识别、异常检测和其他形式的数据分析。熵是信息的一个关键度量，通常用一条消息中需要存储或传输一个符号的平均比特数来表示。熵衡量了预测随机变量的值时涉及到的不确定度的量。例如，指定擲硬幣的结果（两个等可能的结果）比指定掷骰子的结果（六个等可能的结果）所提供的信息量更少（熵更少）。信息论将信息的传递作为一种统计现象来考虑，给出了估算通信信道容量的方法。信息传输和信息压缩是信息论研究中的两大领域。这两个方面又由信道编码定理、信源－信道隔离定理相互联系。信息论的基本内容的应用包括无损数据压缩（如ZIP文件）、有损数据压缩（如MP3和JPEG）、信道编码（如数字用户线路（DSL））。这个领域处在数学、统计学、计算机科学、物理学、神经科学和電機工程學的交叉点上。信息论对航海家深空探测任务的成败、光盘的发明、手机的可行性、互联网的发展、语言学和人类感知的研究、对黑洞的了解，以及许多其他领域都影响深远。信息论的重要子领域有信源编码、信道编码、算法复杂性理论、算法信息论、資訊理論安全性和信息度量等。""",中文:, 信息论
 内容管理系统,"""内容管理系统（英语：contentmanagementsystem，缩写为CMS）是指在一个合作模式下，用于管理工作流程的一套制度。该系统可应用于手工操作中，也可以应用到电脑或网络裡。作为一种中央储存器（centralrepository），内容管理系统可将相关内容集中储存并具有群组管理、版本控制等功能。版本控制是内容管理系统的一个主要优势。内容管理系统在物品或文案或数据的存储、掌管、修订（盘存）、语用充实、文档发布等方面有着广泛的应用。现在流行的开源CMS系统有WordPress、Joomla!、Drupal、Xoops、CmsTop等。""",中文:, 内容管理系统
 推荐系统,"""推荐系统是一种信息过滤系统，用于预测用户对物品的“评分”或“偏好”。推荐系统近年来非常流行，应用于各行各业。推荐的对象包括：电影、音乐、新闻、书籍、学术论文、搜索查询、分众分类、以及其他产品。也有一些推荐系统专门为寻找专家、合作者、笑话、餐厅、美食、金融服务、生命保险、網路交友，以及Twitter页面设计。""",中文:, 推荐系统
 数据库管理系统,"""数据库管理系统（英语：databasemanagementsystem，缩写：DBMS）是一种针对对象数据库，为管理数据库而设计的大型电脑软件管理系统。具有代表性的数据管理系统有：Oracle、MicrosoftSQLServer、Access、MySQL及PostgreSQL等。通常資料庫管理師會使用資料庫管理系統來建立資料庫系統。现代DBMS使用不同的数据库模型追踪实体、属性和关系。在个人电脑、大型计算机和主机上应用最广泛的数据库管理系统是关系型DBMS（relationalDBMS）。在关系型数据模型中，用二维表格表示数据库中的数据。这些表格称为关系。""",中文:, 数据库管理系统
 管理信息系统,"""管理信息系统（ManagementInformationSystem，MIS）是一个以人为主导的，利用计算机硬件、软件和网络设备，进行信息的收集、传递、存储、加工、整理的系统，以提高组织的经营效率。管理信息系統是有別於一般的信息系統，因為它們都是用來分析其它信息系統在組織的業務活動中的應用。學術上，管理信息系统通常是用來指那些和決策自動化或支援決策者做決策有關的信息管理方法（例如決策支持系統，專家系統，和主管支援系統）的統稱。""",中文:, 管理信息系统
 系统软件,"""系統軟體（英语：Systemsoftware），主要指用來運行或控制硬體所開發的計算機軟體，如作業系統、直譯器、編譯器、資料庫管理系統、公用程式等面向开发者的软件。系統軟體一詞常與系統程式(systemprogram)混用，狹義而言，系統程式指的是作業系統設計，以及與作業系統相關的程式，例如行程排班、記憶體管理、行程通訊、平行程式、驅動程式等等；廣義來說，系統程式泛指與計算機系統相關的程式設計，例如嵌入式系統、組合語言程式設計、C語言程式設計、Linux核心程式設計等等；而系統軟體主要指的是輔佐系統程式能夠在電腦上運行或執行特定工作(例如除錯、行程排班)等等的工具程式。常見的系統軟體包含：作業系統(operatingsystem)：控制與管理計算機硬體與軟體資源，並提供使用者操作介面，讓使用者可與計算機互動的系統軟體，例如：UNIX、Linux、OSX、MicrosoftWindows。編譯器(compiler)：將程式語言撰寫的程式碼，轉換成計算機可識讀的機器語言，產生可執行檔案，例如：GNUCCompiler(GCC)、LLVM，現今許多編譯器包含了編譯、組譯與連結等多種系統程式功能。直譯器(或解譯器interpreter)：能夠把高階程式語言逐行直接轉譯執行，而非將所有內容都轉譯後才執行。連結器(linker)：將由編譯器或組譯器產生的目的檔和外部程式庫連結為一個可執行檔案。載入器(loader)：負責將程式載入到記憶體中，並配置記憶體與相關參數，使之能夠運行，現今許多整合開發環境(IDE)整合了編譯器與載入器，使的開發人員可以在編譯後立即執行測試結果。組譯器(assembly)：將用組合語言編寫，或是編譯器轉換過程中產生的組合語言檔案，轉換成機器語言檔案。除錯器(debugger)：用於偵錯其它程式，能夠讓程式碼在指令組模擬器（ISS）中可以檢查運行狀況以及選擇性地運行(例如設定中斷點)。硬體驅動程式(driver)：它提供了一個軟硬體介面，讓電腦軟體可以與硬體互動的程式。公用程式：管理電腦的許多工具程式，如:檔案管理程式、格式化工具、磁碟管理。""",中文:, 系统软件
 概率分布,"""概率分布（德語：Wahrscheinlichkeitsverteilung，英语：probabilitydistribution）或簡稱分布，是概率論的一個概念。使用時可以有以下兩種含義：廣義地，它指稱隨機變量的概率性質－－當我們說概率空間(Ω,F,P){\displaystyle(\Omega,{\mathcal{F}},\mathbb{P})}中的兩個隨機變量X和Y具有同樣的分布（或同分布）時，我們是無法用概率P{\displaystyle\mathbb{P}}來區別他們的。換言之：但是，不能認為同分布的隨機變量是相同的隨機變量。事實上即使X與Y同分布，也可以没有任何點ω使得X(ω)=Y(ω)。在這個意義下，可以把隨機變量分類，每一類稱作一個分布，其中的所有隨機變量都同分布。用更簡要的語言來說，同分布是一種等價關係，每一個等價類就是一個分布。需注意的是，通常談到的離散分布、均勻分布、伯努利分布、正態分布、泊松分布等，都是指各種類型的分布，而不能視作一個分布。狹義地，它是指隨機變量的概率分布函數。設X是樣本空間(Ω,F){\displaystyle(\Omega,{\mathcal{F}})}上的隨機變量，P{\displaystyle\mathbb{P}}為概率測度，則稱如下定義的函數是X的分布函數（德語：Verteilungsfunktion，英语：distributionfunction），或稱累積分布函數（德語：kumulativeVerteilungsfunktion，英语：cumulativedistributionfunction，簡稱CDF）：具有相同分布函數的隨機變量一定是同分布的，因此可以用分布函數來描述一個分布，但更常用的描述手段是概率密度函數（德語：Wahrscheinlichkeitsdichtefunktion，英语：probabilitydensityfunction,pdf）。在常用的文獻中，「分布」一詞可指其廣義和狹義，而「累計分布函數」或「分布函數」一詞只能指稱後者。為了不致混淆，下文中談及上述的廣義時使用「分布」一詞；狹義時使用「分布函數」一詞。""",中文:, 概率分布
 统一塑模语言,"""统一建模语言（英语：UnifiedModelingLanguage，縮寫UML）是非专利的第三代建模和规约语言。UML是一种开放的方法，用于说明、可视化、构建和编写一个正在开发的、面向对象的、软件密集系统的制品的开放方法。UML展现了一系列最佳工程实践，这些最佳实践在对大规模，复杂系统进行建模方面，特别是在软件架构层次已经被验证有效。這個語言由葛來迪·布區，伊瓦爾·雅各布森與詹姆士·蘭寶於1994年至1995年間，在RationalSoftware公司中開發，於1996年，又進一步發展。UML集成了Booch，OMT和面向对象软件工程的概念，将这些方法融合为单一的，通用的，并且可以广泛使用的建模语言。UML打算成为可以对并发和分布式系统的标准建模语言。UML并不是一个工业标准，但在ObjectManagementGroup的主持和资助下，UML正在逐渐成为工业标准。OMG之前曾经呼吁业界向其提供有关面向对象的理论及实现的方法，以便制作一个严谨的软件建模语言（SoftwareModelingLanguage）。有很多业界的领袖亦真诚地回应OMG，帮助它建立一个业界标准。""",中文:, 统一塑模语言
 中国机器人,"""""",中文:, 中国机器人
 日本机器人,"""世界机器人博览会（InternationalRobotExhibition，簡稱IREX）是世界上最大的机器人貿易展覽會，固定在在日本東京舉行，第一次是在1973年，之後每二年舉行一次，由日本機器人協會（JARA）和日刊工業新聞規劃，日本及世界各國的公司都會在博览会中展示最新的技術。""",中文:, 日本机器人
 美国机器人,"""《说假话的机器人》（Liar!）是美国作家艾萨克·阿西莫夫创作的一篇短篇科幻小说。这篇小说初次出版在1941年五月的《超级科学故事》（SuperScienceStories）杂志上。后来收录于1950年的《我，机器人》(I,Robot)和1982年的《机器人全集》（TheCompleteRobot）。这篇小说是阿西莫夫正式出版的第三部关于正子机器人的作品。1969年，这篇小说被改编为英国电视连续剧《来自未知》(OutoftheUnknown)中的一集。""",中文:, 美国机器人
 导弹制导,"""飛彈導引是指利用不同的方式，選擇飛行路線，將具有動力飛行的彈頭移動一段距離之後，擊中預先設定的目標。飛彈導引系統利用其中一種方式與適當的導引訊號來源（紅外線、雷達或者是可見光等），構成飛彈的控制中樞與大腦。常見的飛彈導引方式包括乘波導引、指揮導引或者是慣性導引等等。""",中文:, 导弹制导
 无人机,"""無人機（Uncrewedvehicle、Unmannedvehicle、Drone）或稱無人載具是一種無搭載人員的載具。通常使用遙控、導引或自動駕駛來控制。可在科學研究、軍事、休閒娛樂用途上使用。在日常用语中，“无人机”被特指为“無人飛行載具”。""",中文:, 无人机
 无人机无人机制造商,"""“翔龙”无人机简称“翔龙”，是由中华人民共和国成都飞机设计研究所研发、贵州航空工业集团生产的大型高空长航时（HighAltitudeLongEnduration，HALE）无人机，可执行监视、侦查、评估、情报搜集及信息中继等功能。据猜测，“翔龙”无人机也可为反舰弹道导弹及巡航导弹等指定目标。“翔龙”无人机采用了较不常见的带有翼尖小翼的联翼布局，及有利于红外隐身的三角形尾喷口。国际上同类无人机中，翔龙无人机性能及用途与美国诺斯洛普·格鲁门公司研制的“全球鹰”无人机及以色列航天工业公司研制的“埃坦”无人机等相似，但体型尺寸、级别等有所不同。""翔龙""高空高速无人侦察机全机长14.33米，翼展24.86米，机高5.413米，正常起飞重量6800公斤，任务载荷600公斤，机体寿命暂定为2500Fh。巡航高度为18000米～20000米，巡航速度大于700公里/小时；作战半径2000～2500公里，续航时间最大10小时，起飞滑跑距离350米，着陆滑跑距离500米。""",中文:, 无人机无人机制造商
 潜艇机器人,"""遙控潛水器（Remotelyoperatedunderwatervehicles,ROVs）是一個無人的水下航行器，以電纜連接到母船的人員操作。常搭載水下光源和照相機、攝影機、機械手臂、聲納等。因為具有機械手臂，所以又稱為水下機器人。遙控潛水器與全自動的自主水下載具（AUV）之主要不同是：前者需要人員的操作和關注，但可執行更複雜的工作。""",中文:, 潜艇机器人
 无人地面载具,"""無人地面載具（Unmannedgroundvehicle、縮寫為UGV），或稱地面無人機、地上無人機，是一種無須搭載成員並在地面運行的載具。應用於對人員不方便、危險或不能進入的地方，例如對炸彈的探測與處理。一些無人地面載具是從載人載具改裝而成的也有娛樂用途的地面無人機。自動駕駛汽車也可視為廣義的無人地面載具。""",中文:, 无人地面载具
 空间探测器,"""空间探测器（英语：spaceprobe）也称深空探测器，是用于探测地球以外天体和星际空间的无人航天器。空间探测器的基本构造多与人造地球卫星相近，但探测器通常用于执行某一特定探測或調查的任务，因而会携带相应的特殊设备。由于离地球较远通信不畅，空间探测器通常有较完备的自动化系统，甚至具有一定程度的人工智能，以便在无人控制的情况下按實際情況來進行任務。GPS是英文GlobalPositioningSystem（全球定位系统）的简称。GPS起始于1958年美国军方的一个项目，1964年投入使用。20世纪70年代，美国陆海空三军联合研制了新一代卫星定位系统GPS。主要目的是为陆海空三大领域提供实时、全天候和全球性的导航服务，并用于情报搜集、核爆监测和应急通讯等一些军事目的，经过20余年的研究实验，耗资300亿美元，到1994年，全球覆盖率高达98%的24颗GPS卫星星座己布设完成。在机械领域GPS则有另外一种含义：产品几何技术规范（GeometricalProductSpecifications,简称GPS）。另外一种含义为G/s（GBpersecond）。GPS（GeneralizedProcessorSharing）广义为处理器分享，网络服务质量控制中的专用术语。""",中文:, 空间探测器
 军用机器人,"""軍用機器人（英语：Militaryrobots）是為軍事用途而設計的自主機器人或遙控裝置。該系統目前一些軍隊正在研究中。""",中文:, 军用机器人
 Prolog,"""Prolog（ProgramminginLogic的缩写）是一种逻辑编程语言。它建立在逻辑学的理论基础之上，最初被运用于自然语言等研究领域。现在它已广泛的应用在人工智能的研究中，它可以用来建造专家系统、自然语言理解、智能知识库等。""",中文:, Prolog
 小组过程,"""社会性動物也稱為群居動物，例如人類、狗、猴子、大猩猩、蜜蜂、狮子、螞蟻。它们群族中，可能由一个到多个家庭组成。每个家庭成员各自有比较明显的地位。家貓雖然是獨立的獵人，但也算社會性動物，家庭飼養的貓與流浪貓都可以與同伴關係不錯，包括共同撫育幼貓、母貓帶小貓給其他隻貓認識、送食物給哺乳中的貓媽媽、公貓也多少會照顧小貓、幼貓易有優先進食權等等；相較於未馴化的斑貓，家貓最特別之處，是生理及心理可以適應獨居生活，也可在食物充足情況下適應群居生活。为保障其种族势力范围，社会化动物的群族中通常有首领。在繁殖期中，常有新一代挑战旧首领，并发生激烈打斗。为保障觅食优势，社会化动物的群族会霸占一个地方/地盘。""",中文:, 小组过程
 归纳推理,"""归纳法或归纳推理（Inductivereasoning），有时叫做归纳逻辑，是论证的前提支持结论但不确保结论的推理过程。它基于对特殊的代表（token）的有限观察，把性质或关系归结到类型；或基于对反复再现的现象的模式（pattern）的有限观察，公式表达规律。例如，使用归纳法在如下特殊的命题中：冰是冷的。弹子球在击打球杆的时候移动。推断出普遍的命题如：所有冰都是冷的。所有弹子球都在击打球杆的时候移动。""",中文:, 归纳推理
 软件度量,"""軟體度量（softwaremetric）是一個對於軟體性質及其規格的量測。軟體度量的目的是獲得客觀、可以複製及量化的量測結果，依軟體度量性質及特性的不同，可以分別應用在軟體開發的時程及預算規劃、成本估算、品質保證測試、軟體偵錯、軟體性能最佳化或專案人員配置的最佳化等領域。""",中文:, 软件度量
 静态程序分析,"""靜態程序分析（英语：Staticprogramanalysis）是指在不執行计算机程序的條件下，進行程序分析的方法。有些程序分析需要在程序執行時才能進行，這種程序分析稱為動態程序分析。大部份的靜態程序分析的對象是針對特定版本的源代码，也有些靜態程序分析的對象是目标代码。靜態程序分析一詞多半是指配合靜態程序分析工具進行的分析，人工進行的分析一般稱為程式理解或代码审查。靜態程序分析的複雜程度依所使用的工具而異，簡單的只考慮個別语句及声明的行為，複雜的可以分析程序的完整源代码。不同靜態程序分析技术对分析得到的資訊的用途也有所不同，簡單的可以是高亮标识可能存在的代碼錯誤（如lint），複雜的可以是形式化方法，也就是用數學的方式證明程式的某些行為符合其設計规约。軟體度量和反向工程可以視為一種靜態程序分析的方式。在實務上，在定義所謂的軟體品質指標（softwarequalityobjectives）後，軟體度量的推導及程序分析常一起進行，在開發嵌入式系統時常會用這種方式進行。靜態程序分析的商業用途可以用來驗證安全關鍵電腦系統中的軟體，並指出可能有计算机安全隐患的程式碼，這類的應用越來越多。例如以下的產業已確定用靜態程序分析作為提昇複雜軟體品質的方法：醫療軟體：美國的美国食品药品监督管理局確定在醫療設備上使用靜態程序分析。核能軟體：英國的健康与安全委员会建議針對堆保护系统的軟體進行靜態程序分析中。在資訊安全的領域中，靜態程序分析會稱為靜態應用程式安全檢測（StaticApplicationSecurityTesting，簡稱SAST）。""",中文:, 静态程序分析
 系统功能语言学,"""语言学（英语：linguistics）是一门关于人类语言的科学研究。语言学包含了几种分支领域。在语言结构（语法）研究与意义（语义与语用）研究之间存在一个重要的主题划分。语法中包含了词法（单词的形成与组成），句法（决定单词如何组成短语或句子的规则）以及语音（声音系统与抽象声音单元的研究）。语音学是语言学的一个相关分支，它涉及到语音（phone）与非语音声音的实际属性，以及它们是如何发出与被接收到的。與学习語言不同，语言学是研究所有人类语文發展有關的一門學術科目（通常只有根据语言，非文字）。传统上，语言学是文化人类学的分支学科，但是现在语言学越来越独立了。语言学研究句法和词语等语言的描述，也研究语言的发展史。语言学其他的附属科目包括以下：语言学的發展——推断语言的起源；语言学历史——语言变化的研究；社会语言学——探究语言学变化与社会结构之间的关联；心理语言学——探究语言在思想中的表述与运作；神经语言学——探究语言在大脑中的表述；理论语言学——考察人类语言的共同规律和普遍特征；语言的掌握——研究儿童是如何掌握他们的第一语言，以及儿童与成人是怎样掌握和学习他们的第二与随后的语言的；话语分析——这涉及到文本与会话结构和语用，语用是指意义的怎样在综合语言能力，非语言知识与讲话上下文被传达的。语言学被狭隘的定义为研究语言的科学方法，但是我们可以从各种方面对语言进行探究，并与其他几种智能学科有关联，这些学科也影响了对语言学的研究。例如，符号学是一个相关的领域，它涉及对一般标记与符号在语言中和语言外两者的研究。文艺理论家们研究语言在文学艺术中的研究。另外，语言学还从不同的领域中得到借鉴，像是心理学、言语-语言病理学、信息学、计算机科学、生物学、人体解剖学、神经学、社会学、人类学以及声学。""",中文:, 系统功能语言学
 数学优化,"""最优化，是应用数学的一个分支，主要研究以下形式的问题：""",中文:, 数学优化
 变异数分析,"""變異數分析或變方分析（Analysisofvariance，簡稱ANOVA）為資料分析中常見的統計模型，主要為探討連續型（Continuous）資料型態之因变量（Dependentvariable）與類別型資料型態之自变量（Independentvariable）的關係，當自變項的因子中包含等於或超過三個類別情況下，檢定其各類別間平均數是否相等的統計模式，廣義上可將T檢定中變異數相等（Equalityofvariance）的合併T檢定（PooledT-test）視為是變異數分析的一種，基於T檢定為分析兩組平均數是否相等，並且採用相同的計算概念，而實際上當變異數分析套用在合併T檢定的分析上時，產生的F值則會等於T檢定的平方項。變異數分析依靠F-分布為機率分布的依據，利用平方和（Sumofsquare）與自由度（Degreeoffreedom）所計算的組間與組內均方（Meanofsquare）估計出F值，若有顯著差異則考量進行事後比較或稱多重比較（Multiplecomparison），較常見的為Scheffé'smethod、Tukey-Kramermethod與Bonferronicorrection，用於探討其各組之間的差異為何。在變異數分析的基本運算概念下，依照所感興趣的因子數量而可分為單因子變異數分析、雙因子變異數分析、多因子變異數分析三大類，依照因子的特性不同而有三種型態，固定效應變異數分析（fixed-effectanalysisofvariance）、隨機效應變異數分析（random-effectanalysisofvariance）與混合效應變異數分析（Mixed-effectanalaysisofvariance），然而第三種型態在後期發展上被認為是Mixedmodel的分支，關於更進一步的探討可參考Mixedmodel的部份。變異數分析優於兩組比較的T檢定之處，在於後者會導致多重比較（multiplecomparisons）的問題而致使第一型錯誤（Typeoneerror）的機會增高，因此比較多組平均數是否有差異則是變異數分析的主要命題。在统计学中，方差分析（ANOVA）是一系列统计模型及其相关的过程总称，其中某一变量的方差可以分解为归属于不同变量来源的部分。其中最简单的方式中，方差分析的统计测试能够说明几组数据的平均值是否相等，因此得到两组的T檢定。在做多组双变量T檢定的时候，错误的機率会越来越大，特别是第一型錯誤，因此方差分析只在二到四组平均值的时候比较有效。""",中文:, 变异数分析
 理论计算机科学,"""计算机科学（英语：computerscience，有时缩写为CS）是系统性研究信息与计算的理论基础以及它们在计算机系统中如何实现与应用的实用技术的学科。它通常被形容为对那些创造、描述以及转换信息的算法处理的系统研究。计算机科学包含很多分支领域；有些强调特定结果的计算，比如计算机图形学；而有些是探討计算问题的性质，比如计算复杂性理论；还有一些领域專注于怎样实现计算，比如程式語言理論是研究描述计算的方法，而程式设计是应用特定的程式語言解决特定的计算问题，人机交互则是專注于怎样使计算机和计算变得有用、好用，以及随时随地为人所用。有时公众会误以为计算机科学就是解决计算机问题的事业（比如信息技术），或者只是与使用计算机的经验有关，如玩游戏、上网或者文字处理。其实计算机科学所关注的，不仅仅是去理解实现类似游戏、浏览器这些软件的程序的性质，更要通过现有的知识创造新的程序或者改进已有的程序。尽管计算机科学（computerscience）的名字里包含计算机这几个字，但实际上计算机科学相当数量的领域都不涉及计算机本身的研究。因此，一些新的名字被提议出来。某些重点大学的院系倾向于术语计算科学（computingscience），以精确强调两者之间的不同。丹麦科学家PeterNaur建议使用术语""datalogy""，以反映这一事实，即科学学科是围绕着数据和数据处理，而不一定要涉及计算机。第一个使用这个术语的科学机构是哥本哈根大学Datalogy学院，该学院成立于1969年，PeterNaur便是第一任教授。这个术语主要被用于北欧国家。同时，在计算技术发展初期，《ACM通讯》建议了一些针对计算领域从业人员的术语：turingineer，turologist，flow-charts-man，appliedmeta-mathematician及appliedepistemologist。三个月后在同样的期刊上，comptologist被提出，第二年又变成了hypologist。术语computics也曾经被提议过。在欧洲大陆，起源于信息（information）和数学或者自动（automatic）的名字比起源于计算机或者计算（computation）更常见，如informatique（法语），Informatik（德语），informatika（斯拉夫语族）。著名计算机科学家EdsgerDijkstra曾经指出：“计算机科学并不只是关于计算机，就像天文学并不只是关于望远镜一样。”（""Computerscienceisnomoreaboutcomputersthanastronomyisabouttelescopes.""）设计、部署计算机和计算机系统通常被认为是非计算机科学学科的领域。例如，研究计算机硬件被看作是计算机工程的一部分，而对于商业计算机系统的研究和部署被称为信息技术或者信息系统。然而，现如今也越来越多地融合了各类计算机相关学科的思想。计算机科学研究也经常与其它学科交叉，比如心理学，认知科学，语言学，数学，物理学，统计学和经济学。计算机科学被认为比其它科学学科与数学的联系更加密切，一些观察者说计算就是一门数学科学。早期计算机科学受数学研究成果的影响很大，如KurtGödel和AlanTuring，这两个领域在某些学科，例如数理逻辑、范畴论、域理论和代数，也不断有有益的思想交流。""",中文:, 理论计算机科学
 信息系统,"""信息系统或资讯系统（InformationSystems），從技術上說就是為了支持組織決策和控製而收集（或獲取）、處理、存儲、分配信息的一組相互關聯的組件。除了支持決策、協作和控制，信息系統也可用來幫助經理和工人分析解決問題，使複雜性可視化，以及創造新的產品，從商業角度看，一個信息系統是一個用於解決環境提出的挑戰的、基於信息技術的組織管理方案。通常用「信息系統」這個詞時，特指依賴於計算機技術的信息系統。一个基于计算机的信息系统是以计算机软件、硬件、存储和通訊等技术为核心的人机系统信息系統是由一系列相互關聯的組件構成，是通過信息的收集，處理，存儲及發佈為組織決策和組織控制提供支持的系統。信息系統包括組織內部及其周邊環境中所有重要人員，地理​​位置，和事物的相關信息。來自《ManagementInformationSystemsManagingTheDigitalFirm》""",中文:, 信息系统
 数学模型,"""數學模型是使用數學概念和語言來对一個系統的描述。建立数学模型的过程叫做数学建模。數學模型不只用在自然科學（如物理、生物學、地球科學、大氣科學）和工程学科（如计算机科学，人工智能）上，也用在社會科學（如經濟學、心理學、社會學和政治科學）上；其中，物理學家、工程師、统计学家、運籌學分析家和經濟學家們最常使用數學模型。模型会帮助解释一个系统，研究不同组成部分的影响，以及对行为做出预测。Eykhoff定義「數學模型」為「對一個現存（或被建構的）系統本質的表述，以能以有用的形式表示出此系統的知識來。」數學模型可以有許多種的形式，不只限定在動態系統、概率模型、微分方程或賽局模型而已。不同的模型可能有相同的形式，同一個模型也可能包含了不同的抽象結構。""",中文:, 数学模型
 科学建模,"""元模型（或称替代模型）是“模型的模型”，元建模则指建立元模型的过程（meta-physics为”形而上学“，即“科学的科学”）。因此，元建模的工作包括：分析、构建和开发一套用于给某类指定问题建模的框架、规则、约束、模型和理论等。在软件工程和系统工程中，顾名思义，这正符合元和建模的概念。元模型种类多样，应用广泛。""",中文:, 科学建模
 集合论系统,"""在纯数学中，朴素集合论是是探討数学基础時，用到的幾個集合論中的一個，朴素集合论主要是將用一般語言的形式處理集合問題，依赖於把集合作为叫做这个集合的“元素”或“成员”的搜集（collection），未有形式化的理解。和用公理定義而產生的公理化集合论不同。而公理化集合论只使用明确定义的公理列表，還有從中证明的关于集合和成员关系的種種事实，公理起源自对对象的搜集和它们的成员的理解，但为了各种目的而被謹慎地构建，例如是避免已知的各種悖论，例如理发师悖论－一個理髮師他只為（而且一定要為）城裡所有不為自己刮鬍子的人刮鬍子，那理髮師該為自己刮鬍子嗎？集合在数学中是极其重要的；事實上，採用现代的形式化定義，多種数学对象（数、关系、函数等等）都可以用集合来構建。""",中文:, 集合论系统
 中国机器人学,"""新松机器人自動化股份有限公司（Siasun）是隶属中国科学院的機械人生產公司。""",中文:, 中国机器人学
 各国机器人,"""機器人動畫是一种動畫類型，此種動畫的故事重心就是在機器人，美国最早广为人知的机器人动画是变形金刚，日本最早的機器人動畫则是铁臂阿童木。此類題材的愛好者跟科幻以及特攝的愛好者有很大的交集。""",中文:, 各国机器人
 各国机器人学家,"""人工智能（英语：artificialintelligence，缩写为AI）亦稱機器智能，指由人製造出來的機器所表現出來的智能。通常人工智能是指通過普通電腦程式的手段實現的人類智能技術。該詞也指出研究這樣的智能系統是否能夠實現，以及如何實現科學領域。同時如此，人類的數量開始收斂及功能逐漸被其取代。一般教材中的定义领域是“智能主体（intelligentagent）的研究与设计”，智能主体指一个可以观察周遭环境并作出行动以达致目标的系统。约翰·麦卡锡于1955年的定义是「制造智能机器的科学与工程」。人工智能的研究是高度技术性和专业的，各分支领域都是深入且各不相通的，因而涉及範圍極廣。人工智能的研究可以分为几个技术问题。其分支领域主要集中在解决具体问题，其中之一是，如何使用各种不同的工具完成特定的应用程序。AI的核心问题包括建構能夠跟人類似甚至超越的推理、知识、规划、学习、交流、感知、移动和操作物体的能力等。強人工智能目前仍然是该领域的长远目标。目前強人工智慧已經有初步成果，甚至在一些影像辨識、語言分析、棋類遊戲等等單方面的能力達到了超越人類的水平，而且人工智慧的通用性代表著，能解決上述的問題的是一樣的AI程式，無須重新開發算法就可以直接使用現有的AI完成任務，與人類的處理能力相同，但達到具備思考能力的統合強人工智慧還需要時間研究，比较流行的方法包括统计方法，计算智能和传统意义的AI。目前有大量的工具应用了人工智能，其中包括搜索和数学优化、逻辑推演。而基於仿生學、認知心理學，以及基于概率论和经济学的演算法等等也在逐步探索當中。""",中文:, 各国机器人学家
 日本机器人学,"""世界机器人博览会（InternationalRobotExhibition，簡稱IREX）是世界上最大的机器人貿易展覽會，固定在在日本東京舉行，第一次是在1973年，之後每二年舉行一次，由日本機器人協會（JARA）和日刊工業新聞規劃，日本及世界各國的公司都會在博览会中展示最新的技術。""",中文:, 日本机器人学
 美国机器人学,"""Atlas机器人（英语：Atlas(robot)）是一个双足人形机器人，由美国波士顿动力公司为主开发，和由美国国防部国防高等研究计划署（DARPA）的资助和监督。这个身高6-英尺（1.8-米）的机器人是专为各种搜索及拯救任务而设计，并在2013年7月11日向公众亮相。""",中文:, 美国机器人学
 3D打印,"""3D打印（英语：3Dprinting），又称增材制造、積層製造（英语：AdditiveManufacturing，AM），可指任何打印三维物体的过程。3D打印主要是一个不断添加的过程，在计算机控制下层叠原材料。3D打印的内容可以来源于三维模型或其他电子数据，其打印出的三维物体可以拥有任何形状和几何特征。3D打印机属于工业机器人的一种。“3D打印”这个词的原意是指将材料有序沉积到粉末层喷墨打印头的过程。最近此词的含义已经扩大到广泛包括的各种技术，如挤压和烧结过程。技术标准一般使用“增量制造”这个术语来表达这个广泛含义。""",中文:, 3D打印
 工业机器人,"""工业机器人按照ISO8373定义，它是面向工业领域的多关节机械手或多自由度的机器人。工业机器人是自动执行工作的机器装置，是靠自身动力和控制能力来实现各种功能的一种机器。它可以接受人类指挥，也可以按照预先编排的程序运行，现代的工业机器人还可以根据人工智能技术制定的原则纲领行动。工业机器人的典型应用包括焊接、刷漆、组装、采集和放置（例如包装、码垛和SMT）、产品检测和测试等;所有的工作的完成都具有高效性、持久性、速度和准确性。""",中文:, 工业机器人
 智能设备,"""行動裝置（英语：Mobiledevice），也被稱為手持裝置（handhelddevice）、行動終端、移动通信终端等，大多數為口袋大小的计算设备，包括手机、笔记本电脑、平板电脑、POS机、车载电脑等。但多数情况下是指具有多种应用功能的智能手机和平板电脑，通常有一個小的顯示螢幕，觸控輸入，或是小型的鍵盤。因为透過它可以随时随地访问获得各种信息，这一类设备很快变得流行。和诸如手提电脑和智能手机之类的移动计算设备一起，PDA代表了新的计算领域。下面这些是典型的移动设备掌上游戏机移动电话智能手机平板電腦""",中文:, 智能设备
 动物型机器人,"""机器人（英语：Robot）包括一切模拟人类行为或思想與模拟其他生物的机械（如机器狗，机器猫等）。狭义上对机器人的定义还有很多分类法及争议，有些电脑程序甚至也被称为机器人。在当代工业中，機器人指能自動執行任务的人造機器裝置，用以取代或协助人类工作，一般會是機電裝置，由電腦程式或是電子電路控制。機器人的範圍很廣，可以是自主或是半自主的，可以從本田技研工業的ASIMO或是TOSY的TOPIO等擬人機器人到工业机器人，也包括多台一起動作的群機器人，其至是奈米機器人。藉由模仿逼真的外觀及自動化的動作，理想中的高仿真機器人是高级整合控制论、机械电子、计算机与人工智能、材料学和仿生学的产物，目前科学界正在向此方向研究开发。有关机器人的话题，常见于科幻作品中。機器人學是有關機器人設計、組裝、運作及應用的技術研究，以及控制機器人的電腦系統、感測器回授以及信息處理等。機器人可以代替人類在一些危險的環境或是製造程序中工作，或是在外貌、行為或認知上取代人類。許多機器的概念都來自自然界，因此有仿生機器人學的出現。在工業時代機械技術提昇後，像自動化設備、遙控甚至無線遙控也日益成熟，電子學的進展成為機器人發展的動力。第一個電子式自動機是於1948年在英國的布里斯托尔由WilliamGreyWalter發明，第一個數位化，由電腦控制的自動機是在1954年由GeorgeDevol發明，命名為Unimate，後續在1961年賣給奇異電氣，用在紐澤西州的工廠中，用來將壓鑄設備中的熱金屬上移。機器人可以作一些重複性高或是危險，人類不想做的工作，也可以做一些因為尺寸限制，人類無法作的工作，甚至是像外太空或是深海中，不適人類生存的環境。社會上對越來越多的機器人及其角色有些疑慮，機器人因為在越來越多方面可以取代人類，因此被認為是增加失業人口的主因之一。戰爭中使用的機器人也有道德上的疑慮。機器人自主的可能性及其影響是科幻小說的主題之一，以後也可能變成實際會發生的問題。""",中文:, 动物型机器人
 无人载具,"""無人飛行載具（英语：UnmannedAerialVehicle，縮寫：UAV）或稱無人飛機系統（UnmannedAircraftSystem，縮寫：UAS），俗稱無人飛機、無人機、無人航空載具、無人作戰飛機、蜂型機，廣義上為不需要駕駛員登機駕駛的各式遙控飛行器，一般特指軍方的無人偵察飛機。至於無人駕駛作戰飛機則是具備類似攻擊機的性能,而且成本低。""",中文:, 无人载具
 机器人题材作品,"""《说假话的机器人》（Liar!）是美国作家艾萨克·阿西莫夫创作的一篇短篇科幻小说。这篇小说初次出版在1941年五月的《超级科学故事》（SuperScienceStories）杂志上。后来收录于1950年的《我，机器人》(I,Robot)和1982年的《机器人全集》（TheCompleteRobot）。这篇小说是阿西莫夫正式出版的第三部关于正子机器人的作品。1969年，这篇小说被改编为英国电视连续剧《来自未知》(OutoftheUnknown)中的一集。""",中文:, 机器人题材作品
 球形机器人,"""球形機器人（SphericalRobot、sphericalmobilerobot或ball-shapedrobot）是外型為球型的行動機器人。一般是用球形的殼作為機器人的身體，透過內部驅動單元（IDU）讓機器人移動。球形機器人一般是用在平面上滾動的方式行動，滾動一般是透過調整機器人的重心（透過單擺驅動系統進行），不過也存在其他的驅動方式。球形機器人的外殼一般會是固體的透明材料，不過有些為了驅動需要，也會做成不透明的，或是用可撓材料來製作外殼。球形機器人的外殼是密封的，外界環境不會影響其內容，也有可重新配置的球形機器人，可以將球形外殼變成其他形狀，因此除了滾動外，也可以進行其他的任務。球形機器人可以是自動的機器人，也可以是遙控的機器人。因為球形機器人的活動特性，以及其封閉的外殼，幾乎所有球形機器人的內部驅動單元和外部控制單元（資料採集或是導航）的通訊都是利用無線通訊。這類機器人的電源大部份會是機器人內部的電池，不過也有些機器人是用太阳能电池供電。球形機器人可以依其應用或是驅動機制來進行分類。另外也有一種球形機器人的定義，機器人是靜止的，透過二個旋轉接點以及一個只能平移的稜柱接點，形成球座標系。""",中文:, 球形机器人
 社交机器人,"""社交機器人是一種自主機器人，能夠遵循符合自己身份的社交行為和規範，與人類或其他自主的實體進行互動與溝通。這個定義意味著社交機器人必須有實在的形體（不能只是螢幕上的角色）。近來發展的機器人，有些是用螢幕顯示機器人的頭。這種機器人處於合格邊緣，如果軀幹的功能只是為了放置螢幕，就不算是機器人。但是如果這類的機器人具備機動性，並且有感應的功能，這種系統就可以視為機器人。""",中文:, 社交机器人
 医疗机器人,"""醫療用機器人是用於醫療的機器人。例如外科手術中用的醫療用機器人（手術用機器人）可以用更精準、侵入性更小的方式進行手術，手術用機器人也是遙控機器人，由外科醫生在另一端控制手術這一端的效果。""",中文:, 医疗机器人
 类人型机器人,"""類人型機器人（Humanoidrobot），是機器人（Robot）的一種，具有類似於人類外型的特徵，例如有頭部、軀幹跟手腳，但不一定有頭髮、五官、牙齒、人造皮膚之類的細微特徵。另一種完整呈現人類外型的機器人，被稱作人型機器人（Android）。""",中文:, 类人型机器人
 机器人感应,"""機器人學（英语：robotics）是一項涵蓋了機器人的設計、建造、運作、以及應用的跨領域科技，就如同電腦系統之控制、感測回授、以及資訊處理。這些科技催生出能夠取代人力的自動化機器，在危險境或製造工廠運作，或塑造成外表、行為、心智的仿人機器人。如今許多的機器人受到自然界的啟發，貢獻於生物啟發的機器人學的領域。創造可自動運轉的機器的概念可追溯至古典時代，但是直到20世紀以前，機器人的功能和潛在應用開發及研究沒有持續地成長。縱觀歷史，機器人常見於模仿人類行為，且常以類似的方法管理事務。時至今日，機器人學成為一個快速成長的領域，同時先進技術持續地研發、設計、以及建造用來達成各種實用目的新款機器人，例如家庭用機器人、工業機器人或軍用機器人。許多機器人從事對人類來講非常危險的工作，如拆除炸彈、地雷、探索沉船等。机器人学还被用于STEM教育(科学Science,技术Technology,工程Engineering,和数学Mathematics)作为教学辅助。""",中文:, 机器人感应
 机器人学公司,"""世界机器人博览会（InternationalRobotExhibition，簡稱IREX）是世界上最大的机器人貿易展覽會，固定在在日本東京舉行，第一次是在1973年，之後每二年舉行一次，由日本機器人協會（JARA）和日刊工業新聞規劃，日本及世界各國的公司都會在博览会中展示最新的技術。""",中文:, 机器人学公司
 决策树,"""决策论中（如风险管理），决策树（Decisiontree）由一个决策图和可能的结果（包括资源成本和风险）组成，用来创建到达目标的规划。决策树建立并用来辅助决策，是一种特殊的树结构。决策树是一个利用像树一样的图形或决策模型的决策支持工具，包括随机事件结果，资源代价和实用性。它是一个算法显示的方法。决策树经常在运筹学中使用，特别是在决策分析中，它帮助确定一个能最可能达到目标的策略。如果在实际中，决策不得不在没有完备知识的情况下被在线采用，一个决策树应该平行概率模型作为最佳的选择模型或在线选择模型算法。决策树的另一个使用是作为计算条件概率的描述性手段。""",中文:, 决策树
 遗传算法,"""遗传算法（英语：geneticalgorithm(GA)）是计算数学中用于解决最佳化的搜索算法，是进化算法的一种。进化算法最初是借鉴了进化生物学中的一些现象而发展起来的，这些现象包括遗传、突变、自然选择以及杂交等。遗传算法通常实现方式为一种计算机模拟。对于一个最优化问题，一定数量的候选解（称为个体）可抽象表示为染色體，使种群向更好的解进化。传统上，解用二进制表示（即0和1的串），但也可以用其他表示方法。进化从完全随机个体的种群开始，之后一代一代发生。在每一代中评价整个种群的适应度，从当前种群中随机地选择多个个体（基于它们的适应度），通过自然选择和突变产生新的生命种群，该种群在算法的下一次迭代中成为当前种群。""",中文:, 遗传算法
 卡牌对战电子游戏,"""电子游戏（或稱為电玩游戏，簡稱電玩；有時直接按英文「videogame」翻譯為影像遊戲或電動遊戲），是指所有依託于電子媒體平臺而運行的交互遊戲。電子遊戲按照遊戲的載體劃分，可分為街機遊戲、掌機遊戲、電視遊戲（或稱家用機遊戲、视频遊戲以及部份地區稱視訊遊戲）、電腦遊戲和手機遊戲（或稱行動遊戲），是指人通过电子设备（如电脑、游戏机及手机等）进行的遊戲。西方游戏界往往将电子游戏（Electronicgames）细分为影像游戏（Videogame）和听觉游戏（Audiogame）等，而中文游戏界则习惯一律以「电子游戏」指代。""",中文:, 卡牌对战电子游戏
 电子卡牌游戏小作品,"""《巫师之昆特牌》（英语：Gwent:TheWitcherCardGame）是一款由CDProjektRED为MicrosoftWindows、PlayStation4和XboxOne平台开发的免费卡片對戰游戏。本作于2016年6月在微软的E3Xbox简报会上公布。封闭测试版于2016年10月25日在Windows和XboxOne平台开启，公共测试版于5月24日在WindowsPC、XboxOne和PS4上开启。中国大陆第一次先遣服务器测试“青草试炼”于2017年4月12日至18日进行，第二次先遣服务器测试“山岳试炼”于同年6月6日至19日进行，，中国大陆公开测试“梦境试炼”于同年8月29日正式上线本作独立于同一开发商开发的《巫师3：狂猎》中的同名小型卡牌对战游戏，但与《巫师3》中的昆特牌游戏不同的是，《巫师之昆特牌》专注玩家对战部分。游戏的核心玩法依然是三局两胜，两军对垒，玩家代表《巫师3》里的不同派系。开始会有一套牌组，玩家可以通过购买卡桶获得卡牌，或是完成冒险模式赢得对战获得特定的卡牌。""",中文:, 电子卡牌游戏小作品
 数据挖掘和机器学习软件,"""机器学习是人工智能的一个分支。人工智能的研究历史有着一条从以“推理”为重点，到以“知识”为重点，再到以“学习”为重点的自然、清晰的脉络。显然，机器学习是实现人工智能的一个途径，即以机器学习为手段解决人工智能中的问题。机器学习在近30多年已发展为一门多领域交叉学科，涉及概率论、统计学、逼近论、凸分析、计算复杂性理论等多门学科。机器学习理论主要是设计和分析一些让计算机可以自动“学习”的算法。机器学习算法是一类从数据中自动分析获得规律，并利用规律对未知数据进行预测的算法。因为学习算法中涉及了大量的统计学理论，机器学习与推断统计学联系尤为密切，也被称为统计学习理论。算法设计方面，机器学习理论关注可以实现的，行之有效的学习算法。很多推论问题属于无程序可循难度，所以部分的机器学习研究是开发容易处理的近似算法。机器学习已广泛应用于数据挖掘、计算机视觉、自然语言处理、生物特征识别、搜索引擎、医学诊断、检测信用卡欺诈、证券市场分析、DNA序列测序、语音和手写识别、战略游戏和机器人等领域。""",中文:, 数据挖掘和机器学习软件
 聚类分析,"""聚类分析（英语：Clusteranalysis，亦称为群集分析）是对于统计数据分析的一门技术，在许多领域受到广泛应用，包括机器学习，数据挖掘，模式识别，图像分析以及生物信息。聚类是把相似的对象通过静态分类的方法分成不同的组别或者更多的子集（subset），这样让在同一个子集中的成员对象都有相似的一些属性，常见的包括在坐标系中更加短的空间距离等。一般把数据聚类归纳为一种非監督式學習。""",中文:, 聚类分析
 本体编辑器,"""本体编辑器，又称为本体论编辑器或者本体管理环境，是指设计用于辅助本体之创建、编辑、保存或处理等操作的应用程序。它们往往在众多的本体语言之中选用其一来表达本体。不过，有些本体编辑器还可以采用其他本体语言进行导出。尽管人们大都习惯于称此类工具为“本体编辑器”，而本体编辑器的功能实际上往往并不仅局限于本体的创建、编辑和保存。""",中文:, 本体编辑器
 本体语言,"""在计算机科学和人工智能领域，本体语言（ontologylanguage、又称为本体论语言）是指用于构建本体的形式语言。此类语言允许对有关特定领域的知识加以编码，且常常还包括为处理这些知识提供支持的推理规则。本体语言通常为描述性语言（又称为表述型语言、说明性语言），几乎总是属于框架语言的泛化形式，且一般都基于一阶逻辑或描述逻辑。""",中文:, 本体语言
 资源描述框架,"""资源描述框架（英语：ResourceDescriptionFramework，縮寫为RDF），是万维网联盟（W3C）提出的一组标记语言的技术规范，以便更为丰富地描述和表达网络资源的内容与结构。""",中文:, 资源描述框架
 专家系统,"""专家系统是早期人工智能的一个重要分支，它可以看作是一类具有专门知识和经验的计算机智能程序系统，一般采用人工智能中的知识表示和知识推理技术来模拟通常由领域专家才能解决的复杂问题。一般来说，专家系统=知识库+推理机，因此专家系统也被称为基于知识的系统。一个专家系统必须具备三要素：领域专家级知识模拟专家思维达到专家级的水平""",中文:, 专家系统
 受控词表,"""受控词表，又称为控制词汇表、受控词汇表或者控制词表，是一种对知识加以组织整理，以便后续进行检索的手段。受控词表在主题词标引方案、主题词表、叙词表、分类法以及本体等语义谱成员之中都有应用。受控词表方案强制要求采用预先确定且经过权威认定的术语，而这些术语是由词表的设计者原先选定的。相比之下，自然语言词表并没有施加此类限制。""",中文:, 受控词表
 语义wiki,"""博弈语义是一种基于博弈论定义真或有效性等逻辑概念的形式语义，比如游戏者的赢策略。保尔·洛伦茨首先在1950年代晚期为逻辑引入了博弈语义。此后在逻辑中已经研究了很多不同的博弈语义。博弈语义也已经应用于编程语言的形式语义。""",中文:, 语义wiki
 整体论,"""整全觀（holism）的主張，是一个系统（宇宙、人體等）中各部分為一有機之整，而不能割裂或分開來理解。根據此一觀點，分析整體時若將其視作部分的總和，或將整體化約為分離的元素，將難免疏漏。許多原始文明也有整全觀的概念，例如北美或澳洲的原住民相信他們跟土地、神靈、動植物的聯繫，並體現在宗教儀式之中。中國古代儒道思想有「天人合一」，中醫學說明了整全觀如何應用在實用性的學科——它將人體各部份視為一有機整體，而不單是器官的整合。要醫治病人須保持整個人陰陽調和，而非單一器官的問題。中醫也是現代整全醫療中的代表之一。還原論常常被視為對立於整全觀。科學上的還原論的主張為：在一個複雜系統裏，組成部分的行為可以解釋整體系統的表現。18至20世紀流行於科學家之間的哲學邏輯實證論，其中一個信念就是科學研究是階層式的：物理→化學→生物學→心理學→社會科學，化學的法則可以用物理學解釋，生物學的法則可以用化學去解釋。在學術研究上，對複雜系統的研究，令偏向抽象事物的研究者明白「還原」不足以解釋一個複雜系統內部交叉產生的現象；在現實問題裏，例如處理疾病、貧窮、經濟、城市規劃、慣性收視等問題時，經常需要跨學科的合作；在社會上，20世紀中人們開始重視生態圈、環境保護，國家政府過於追求国内生产总值（GDP）以致忽略國民的生活質素，有人提出国民幸福总值以取代GDP。這些事件，都可以說體現人們更重視整全觀。""",中文:, 整体论
 人脸识别,"""人脸识别，特指利用分析比较人脸视觉特征信息进行身份鉴别的计算机技术。""",中文:, 人脸识别
 光学字符识别,"""光学字符识别（英语：OpticalCharacterRecognition，OCR）是指对文本资料的图像文件进行分析识别处理，获取文字及版面信息的过程。""",中文:, 光学字符识别
 土地规划,"""天津市规划局是中华人民共和国天津市人民政府主管全市城市规划工作的市政府组成部门组成部門。""",中文:, 土地规划
 战略,"""战略/策略，是指为实现某种目标（如政治、军事、经济或国家利益方面的目标）而制定的大规模、全方位的长期行动计划。""",中文:, 战略
 系统思维,"""系統思維是一種途徑協助人們從宏觀角度了解系統，包括了整體結構、模式及週期。相對於笛卡兒及其他人的還原論、哲學分析，它傾向整體主義。因為它關心的是整體及其各部分之間的關係。""",中文:, 系统思维
 航天计划,"""中华人民共和国航天事业可以追溯到1956年，那时中国组建了国防部第五研究院，是现在中国国家航天局的前身。经过50多年的发展，中国已跻身于世界航天大国的行列。从第一颗人造卫星到北斗导航，从第一枚运载火箭到首次载人航天，从天宫一号到嫦娥落月，中国航天取得了举世瞩目的成就。""",中文:, 航天计划
 半导体分析,"""半导体器件（semiconductordevice）是利用半导体材料的特殊电特性来完成特定功能的电子器件。半導體的導電性介於良導電體與絕緣體之間，这些半导体材料通常是硅、锗或砷化镓，並經過各式特定的滲雜，產生P型或N型半導體，作成整流器、振盪器、發光器、放大器、測光器等元件或設備。常見的半導體元件有二極體、電晶體等。""",中文:, 半导体分析
 悬疑,"""懸疑小說是一個鬆散定義的分類，常被用來作為偵探小說或驚悚小說等的代名詞。小說內容以懸疑為主，通常可以與其他小說類型相區隔開來，不過界線可能不夠明確。懸疑小說包括幾個子類型，例如推理小說、恐怖小說等，但只包括部份的奇幻小说、科幻小說、玄幻小说。""",中文:, 悬疑
 推理,"""推理是「使用理智從某些前提產生結論」的行動。以下三種推理是屬於哲學、邏輯、心理學和人工智能等學門所感興趣的領域。""",中文:, 推理
 程序分析,"""程序分析技术包括静态程序分析和动态分析技术。静态分析，如控制流分析、数据流分析、别名分析、程式切片等。动态分析包括插装等。""",中文:, 程序分析
 篇章分析,"""言談分析（discourseanalysis，簡稱DA）是一套廣泛應用於語言學、社會學、認知心理學、口語傳播等學科的分析方式，講求在語境中分析口語、書面語言、手語、肢體語言等等不同的語言行為（Speechacts）及言外行為。言談分析強調語言分析應跨越單句的藩籬，著重句與句之間成章成篇的關聯性與結構性；同時認為語言分析者應分析自然產生的真實語料，而應避免使用專為研究而造出來的例句，所以又被稱為語料庫語言學（Corpuslinguistics）。""",中文:, 篇章分析
 系统分析,"""系统分析，旨在研究特定系统结构中各部分（各子系统）的相互作用，系统的对外接口与界面，以及该系统整体的行为、功能和局限，从而为系统未来的变迁与有关决策提供参考和依据。系统分析的经常目标之一，在于改善决策过程及系统性能，以期达到系统的整体最优。系统分析被看作是系统工程的一个重要程序和核心组成部分，以及系统理论的一项应用。在系统开发生命周期中，系统分析阶段先于系统设计，是系统开发前期不可或缺的工作。系统分析大量借用数学模型、数学分析、计算机模拟等定量分析方法，试图在具有不确定约束或边界条件的情况下，对系统要素进行综合分析、描述，得出较为准确或合理的结论。在信息技术领域，系统分析的发展相对比较成熟，并与计算机系统及软件工程中的需求分析有着密切的关系。随着计算机技术、运筹学的普及以及结构化分析、规约语言等系统分析方法的发展，系统分析方法在跨学科领域也获得日益广泛的应用，被用于研究、分析、改善许多复杂系统。""",中文:, 系统分析
 计算机网络分析,"""计算机程序（ComputerProgram）是指一组指示计算机或其他具有訊息处理能力装置每一步动作的指令，通常用某种程序设计语言编写，运行于某种目标体系结构上。打个比方，一个程序就像一个用汉语（程序设计语言）写下的红烧肉菜谱（程序），用于指导懂汉语（編譯器）同時也會烹饪手法的人（体系结构）来做这道菜。通常，以英文文本為基礎的计算机程序要经过編譯和連結而成为一种人们不易看清而计算机可解讀的一連串數字的格式，然后放入运行。未经编译就可运行的程序，通常称之为脚本程序（script）。""",中文:, 计算机网络分析
 资料分析,"""資料分析是一类统计方法，其主要特点是多维性和描述性。有些几何方法有助于揭示不同的数据之间存在的关系，并绘制出统计信息图，以更简洁的解释这些数据中包含的主要信息。其他一些用于收集数据，以便弄清哪些是同质的，从而更好地了解数据。資料分析可以处理大量数据，并确定这些数据最有用的部分。本学科近年来的成功，很大程度上是因为制图技术的提高。这些图可以通过直接分析数据，来突出难以捕捉的关系；更重要的是，这些表达方法与基于现象分布的“先验”观念无关，与经典统计方法正相反。資料分析的数学基础在20世纪早期就已确立，但直到计算机的出现才使得实际操作成为可能，并使得資料分析得以推广。資料分析是数学与计算机科学相结合的产物。若是以固定时间为資料分析的颗粒单位，则称为时间序列分析，是主要作为销售数据商业分析的方法之一。""",中文:, 资料分析
 形式科学,"""形式科學是指主要研究對象為抽象形態的科學，如邏輯、數學、計算理論、資訊理論、統計學等。""",中文:, 形式科学
 概念系统,"""在科學研究中，實驗系統（Experimentalsystem）是由漢斯·約爾格·賴因貝格爾在研究分子生物學和蛋白質的生物合成的化學史中提出的科學哲學。物理、技術、程序中實驗的基礎。""",中文:, 概念系统
 逻辑,"""邏輯（古希腊语：λογική；德語：Logik；法语：logique；英语：logic；意大利语、西班牙语、葡萄牙语:logica），又稱理則、論理、推理、推論，是对有效推論的哲學研究。邏輯被使用在大部份的智能活動中，但主要在哲學、心理、学习、推论统计学、脑科学、數學、語義學、法律和電腦科學等領域內被視為一門學科。邏輯討論邏輯論證會呈現的一般形式，哪種形式是有效的，以及其中的謬論。邏輯通常可分為三個部份：歸納推理、溯因推理和演繹推理。在哲學裡，邏輯被應用在大多數的主要領域之中：形上學/宇宙論、本體論、知識論及倫理學。在數學裡，邏輯是指形式逻辑和数理邏輯，形式逻辑是研究某個形式語言的有效推論。主要是演繹推理。在辯證法中也會學習到邏輯。数理邏輯是研究抽象邏輯关系和数学基本的问题。在心理、脑科学、語義學、法律裡，是研究人类思想推理的处理。在学习、推论统计学裡，是研究最大可能的结论。主要是歸納推理、溯因推理。在電腦科學裡，是研究各种方法的性质，可能性，和实现在机器上。主要是歸納推理、溯因推理，也有在歸納推理的研究。从古文明开始（如古印度、中國和古希臘）都有對邏輯進行研究。在西方，亞里斯多德將邏輯建立成一門正式的學科，並在哲學中給予它一個基本的位置。""",中文:, 逻辑
 美国人工智能协会会士,"""人工智能的历史源远流长。在古代的神话传说中，技艺高超的工匠可以制作人造人，并为其赋予智能或意识。现代意义上的AI始于古典哲学家用机械符号处理的观点解释人类思考过程的尝试。20世纪40年代基于抽象数学推理的可编程数字计算机的发明使一批科学家开始严肃地探讨构造一个电子大脑的可能性。1956年，在达特茅斯学院举行的一次会议上正式确立了人工智能的研究领域。会议的参加者在接下来的数十年间是AI研究的领军人物。他们中有许多人预言，经过一代人的努力，与人类具有同等智能水平的机器将会出现。同时，上千万美元被投入到AI研究中，以期实现这一目标。研究人员发现自己大大低估了这一工程的难度，人工智慧史上共出現過好幾次低潮。由于JamesLighthill爵士的批评和国会方面的压力，美国和英国政府于1973年停止向没有明确目标的人工智能研究项目拨款。七年之后受到日本政府研究规划的刺激，美国政府和企业再次在AI领域投入数十亿研究经费，但这些投资者在80年代末重新撤回了投资。AI研究领域诸如此类的高潮和低谷不断交替出现；至今仍有人对AI的前景作出异常乐观的预测。尽管在政府官僚和风投资本家那里经历了大起大落，AI领域仍在取得进展。某些在20世纪70年代被认为不可能解决的问题今天已经获得了圆满解决并已成功应用在商业产品上。与第一代AI研究人员的乐观估计不同，具有与人类同等智能水平的机器至今仍未出现。图灵在1950年发表的一篇催生现代智能机器研究的著名论文中称，“我们只能看到眼前的一小段距离……但是，我们可以看到仍有许多工作要做”。""",中文:, 美国人工智能协会会士
 代理人为基础之软件,"""AnyLogic是一套結合多種模擬（仿真）理論的建模開發工具，由同名的企業所開發。""",中文:, 代理人为基础之软件
 聊天机器人,"""聊天機器人（Chatterbot）是經由對話或文字進行交談的電腦程式。能夠模擬人類對話，通過圖靈測試。聊天機器人可用於實用的目的，如客戶服務或資訊獲取。有些聊天機器人會搭載自然語言處理系統，但大多簡單的系統只會擷取輸入的關鍵字，再從數據庫中找尋最合適的應答句。目前，聊天機器人是虛擬助理（如Google智能助理）的一部分，可以與許多組織的應用程式，網站以及即時消息平台（FacebookMessenger）連接。非助理應用程式包括娛樂目的的聊天室，研究和特定產品促銷，社交機器人。""",中文:, 聊天机器人
 自然语言处理,"""自然語言處理（英语：naturallanguageprocessing，缩写作NLP）是人工智慧和語言學領域的分支學科。此領域探討如何處理及運用自然語言；自然語言認知則是指讓電腦「懂」人類的語言。自然語言生成系統把計算機數據轉化為自然語言。自然語言理解系統把自然語言轉化為計算機程序更易于處理的形式。""",中文:, 自然语言处理
 自然语言处理软件,"""Julia是一个面向科学计算的高性能动态高级程序设计语言。其语法与其他科学计算语言相似。在许多情况下拥有能与编译语言相媲美的性能。""",中文:, 自然语言处理软件
 语音合成,"""語音合成是將人類語音用人工的方式所產生。若是將電腦系統用在語音合成上，則稱為語音合成器，而語音合成器可以用軟/硬體所實現。文字轉語音（text-to-speech，TTS）系統則是將一般語言的文字轉換為語音，其他的系統可以描繪語言符號的表示方式，就像音標轉換至語音一樣。而合成後的語音則是利用在資料庫內的許多已錄好的語音連接起來。系統則因為儲存的語音單元大小不同而有所差異，若是要儲存phone以及diphone的話，系統必須提供大量的儲存空間，但是在語意上或許會不清楚。而用在特定的使用領域上，儲存整字或整句的方式可以達到高品質的語音輸出。另外，包含了聲道模型以及其他的人類聲音特徵參數的合成器則可以創造出完整的合成聲音輸出。一個語音合成器的品質通常是決定於人聲的相似度以及語意是否能被了解。一個清晰的文字轉語音程式應該提供人類在視覺受到傷害或是得到失讀症時，能夠聽到並且在個人電腦上完成工作。從80年代早期開始，許多的電腦作業系統已經包含了語音合成器了。""",中文:, 语音合成
 语音技术,"""YY语音，又名“歪歪语音”，由欢聚时代(NASDAQ：YY)（广州华多网络科技有限公司）研发，是一款基于网络团队语音的通信平台的计算机软件，主要功能是进行在线多人语音聊天，以及在线真人秀视频互动。""",中文:, 语音技术
 计算语言学,"""計算語言學，亦稱電腦語言學（英语：computationallinguistics）是一門跨學科的研究領域，試圖找出自然語言的規律，建立運算模型，最終讓電腦能夠像人類般分析，理解和處理自然語言。過去，計算語言學的研究一般由專門負責利用電腦處理自然語言的電腦學家進行。由於近年的研究顯示人類語言是超乎想像的複雜，現在的計算語言學研究多由來自不同學科的專家共同進行。一般來說，研究隊伍的成員有電腦學家、語言學家、語言專家（熟悉有關研究項目所要處理的語言的人），以至研究人工智能、認知心理學、數學、邏輯學等的專家。計算語言學具有理論和應用的成分。理論計算語言學聚焦於理論語言學與認知科學；應用計算語言學聚焦於模擬人類使用語言的實用成果。計算語言學會對於計算語言學的定義是：……從計算的觀點，以科學方法研究語言的學問。計算語言學家關注於提供各種語言學現象的計算模型。""",中文:, 计算语言学
 散列,"""雜湊（英语：Hashing）是電腦科学中一種对資料的处理方法，通过某种特定的函数/算法（称为雜湊函数/算法）将要检索的项与用来检索的索引（称为雜湊，或者雜湊值）关联起来，生成一种便于搜索的資料結構（称为雜湊表）。旧译哈希（误以为是人名而采用了音译）。它也常用作一种資訊安全的實作方法，由一串資料中經過雜湊演算法（Hashingalgorithms）計算出來的資料指紋（datafingerprint），經常用來識別檔案與資料是否有被竄改，以保證檔案與資料確實是由原創者所提供。如今，雜湊演算法也被用來加密存在資料庫中的密碼（password）字串，由於雜湊演算法所計算出來的雜湊值（HashValue）具有不可逆（無法逆向演算回原本的數值）的性質，因此可有效的保護密碼。""",中文:, 散列
 人型机器人学,"""人型机器人學（Android_science），又稱仿生人学，是一个全新跨领域的研究，基于非常像人的机器人（此处被称为仿真机器人、仿制人、仿生人或人型機器人）会产生出人引导下的社会反应的前提下，用来学习人类互动反应与认知历程。因为当人类彼此互动时，人类自然而然会与他人产生社会化互动。这样的社会化互动是直接来自于与他人的反应，并非与动物、机器、家具或其它非生命的物体。""",中文:, 人型机器人学
 多机器人系统,"""机器人（英语：Robot）包括一切模拟人类行为或思想與模拟其他生物的机械（如机器狗，机器猫等）。狭义上对机器人的定义还有很多分类法及争议，有些电脑程序甚至也被称为机器人。在当代工业中，機器人指能自動執行任务的人造機器裝置，用以取代或协助人类工作，一般會是機電裝置，由電腦程式或是電子電路控制。機器人的範圍很廣，可以是自主或是半自主的，可以從本田技研工業的ASIMO或是TOSY的TOPIO等擬人機器人到工业机器人，也包括多台一起動作的群機器人，其至是奈米機器人。藉由模仿逼真的外觀及自動化的動作，理想中的高仿真機器人是高级整合控制论、机械电子、计算机与人工智能、材料学和仿生学的产物，目前科学界正在向此方向研究开发。有关机器人的话题，常见于科幻作品中。機器人學是有關機器人設計、組裝、運作及應用的技術研究，以及控制機器人的電腦系統、感測器回授以及信息處理等。機器人可以代替人類在一些危險的環境或是製造程序中工作，或是在外貌、行為或認知上取代人類。許多機器的概念都來自自然界，因此有仿生機器人學的出現。在工業時代機械技術提昇後，像自動化設備、遙控甚至無線遙控也日益成熟，電子學的進展成為機器人發展的動力。第一個電子式自動機是於1948年在英國的布里斯托尔由WilliamGreyWalter發明，第一個數位化，由電腦控制的自動機是在1954年由GeorgeDevol發明，命名為Unimate，後續在1961年賣給奇異電氣，用在紐澤西州的工廠中，用來將壓鑄設備中的熱金屬上移。機器人可以作一些重複性高或是危險，人類不想做的工作，也可以做一些因為尺寸限制，人類無法作的工作，甚至是像外太空或是深海中，不適人類生存的環境。社會上對越來越多的機器人及其角色有些疑慮，機器人因為在越來越多方面可以取代人類，因此被認為是增加失業人口的主因之一。戰爭中使用的機器人也有道德上的疑慮。機器人自主的可能性及其影響是科幻小說的主題之一，以後也可能變成實際會發生的問題。""",中文:, 多机器人系统
 智慧家庭,"""家庭自動化(Homeautomation)，是指家庭中的建築自動化，也被稱作智慧家庭(Smarthome)。在英文中也有Domotics的稱呼。家庭自動化系統能夠控制燈光、溫濕度、影音設備以及家電等，他也可能同時包含家庭保全，例如出入控制或者是警報器。當連上了網際網路後，家庭設備變成物聯網中重要的成分。一個典型的家庭自動化系統透過中心化的Hub或者是匣道器(Gateway)進行連接。使用牆壁上的終端、平板、桌上型電腦、行動電話APP或者是網頁介面來當作控制系統的使用者介面，他們也有可能透過網路來達成遠端(off-site)操作。雖然目前有很多競爭廠商，然而卻沒有多少世界共通的工業標準，智慧家庭空間嚴重的被碎片化。製造商有時會透過扣留文件以及訴訟來阻止獨立的實作。2013年家庭自動化的市場市值約57.7億美元，預測將在2020年達到128.1億美元。""",中文:, 智慧家庭
 机器人,"""机器人（英语：Robot）包括一切模拟人类行为或思想與模拟其他生物的机械（如机器狗，机器猫等）。狭义上对机器人的定义还有很多分类法及争议，有些电脑程序甚至也被称为机器人。在当代工业中，機器人指能自動執行任务的人造機器裝置，用以取代或协助人类工作，一般會是機電裝置，由電腦程式或是電子電路控制。機器人的範圍很廣，可以是自主或是半自主的，可以從本田技研工業的ASIMO或是TOSY的TOPIO等擬人機器人到工业机器人，也包括多台一起動作的群機器人，其至是奈米機器人。藉由模仿逼真的外觀及自動化的動作，理想中的高仿真機器人是高级整合控制论、机械电子、计算机与人工智能、材料学和仿生学的产物，目前科学界正在向此方向研究开发。有关机器人的话题，常见于科幻作品中。機器人學是有關機器人設計、組裝、運作及應用的技術研究，以及控制機器人的電腦系統、感測器回授以及信息處理等。機器人可以代替人類在一些危險的環境或是製造程序中工作，或是在外貌、行為或認知上取代人類。許多機器的概念都來自自然界，因此有仿生機器人學的出現。在工業時代機械技術提昇後，像自動化設備、遙控甚至無線遙控也日益成熟，電子學的進展成為機器人發展的動力。第一個電子式自動機是於1948年在英國的布里斯托尔由WilliamGreyWalter發明，第一個數位化，由電腦控制的自動機是在1954年由GeorgeDevol發明，命名為Unimate，後續在1961年賣給奇異電氣，用在紐澤西州的工廠中，用來將壓鑄設備中的熱金屬上移。機器人可以作一些重複性高或是危險，人類不想做的工作，也可以做一些因為尺寸限制，人類無法作的工作，甚至是像外太空或是深海中，不適人類生存的環境。社會上對越來越多的機器人及其角色有些疑慮，機器人因為在越來越多方面可以取代人類，因此被認為是增加失業人口的主因之一。戰爭中使用的機器人也有道德上的疑慮。機器人自主的可能性及其影響是科幻小說的主題之一，以後也可能變成實際會發生的問題。""",中文:, 机器人
 机器人学主题,"""機器人學（英语：robotics）是一項涵蓋了機器人的設計、建造、運作、以及應用的跨領域科技，就如同電腦系統之控制、感測回授、以及資訊處理。這些科技催生出能夠取代人力的自動化機器，在危險境或製造工廠運作，或塑造成外表、行為、心智的仿人機器人。如今許多的機器人受到自然界的啟發，貢獻於生物啟發的機器人學的領域。創造可自動運轉的機器的概念可追溯至古典時代，但是直到20世紀以前，機器人的功能和潛在應用開發及研究沒有持續地成長。縱觀歷史，機器人常見於模仿人類行為，且常以類似的方法管理事務。時至今日，機器人學成為一個快速成長的領域，同時先進技術持續地研發、設計、以及建造用來達成各種實用目的新款機器人，例如家庭用機器人、工業機器人或軍用機器人。許多機器人從事對人類來講非常危險的工作，如拆除炸彈、地雷、探索沉船等。机器人学还被用于STEM教育(科学Science,技术Technology,工程Engineering,和数学Mathematics)作为教学辅助。""",中文:, 机器人学主题
 机器人学模板,"""纳米机器人学是建造纳米（10-9米）级别机器或者机器人的新兴学科。更具体来说，纳米机器人学指的是设计和建造由纳米或者分子级别的成分构成的、大小在0.1-10微米的纳米机器人的纳米技术工程科学。这是一个当前正处于研發状态的设备，其英文为nanobots,nanoids,nanites,nanomachines或者nanomites，中文为“纳米机器人”。纳米机器很大程度上是在研究和开发阶段，但是一些初代分子机器和纳米马达已经获得测试。例如，有一种传感器只有1.5纳米长，可以在化学样本中对特定的分子进行计数。其第一个有用的的应用便是在纳米医学中的应用。例如，生物机器可以用于识别和摧毁癌细胞。另一个有潜力的应用是对有毒化学物质的探测及其在环境中浓度的计量。莱斯大学已经展示了一种由一个化学过程发展而来的、利用巴克球作为轮子的单分子汽车。它通过控制环境温度和放置一个扫描隧道显微镜（STM）尖端而被激活驱动。另一种定义是：这种纳米机器人是一种可以和纳米级别物体进行精确交互的机器人，或者是一种能够以纳米级精度制造的机器人。这种设备更接近于显微镜和扫描探针显微镜，而不是作为分子机器的纳米机器人的一种描述。在这种“显微镜”定义下，即便是一个大的装置（如原子力显微镜），当被备置用来实施纳米操作的时候，都可以被认为是一台纳米机器学的设备。在这种程度上，可以以纳米尺度移动的宏观尺度的机器人或微型机器人也都可以被认为是纳米机器人。""",中文:, 机器人学模板
 机器人控制,"""机器人（英语：Robot）包括一切模拟人类行为或思想與模拟其他生物的机械（如机器狗，机器猫等）。狭义上对机器人的定义还有很多分类法及争议，有些电脑程序甚至也被称为机器人。在当代工业中，機器人指能自動執行任务的人造機器裝置，用以取代或协助人类工作，一般會是機電裝置，由電腦程式或是電子電路控制。機器人的範圍很廣，可以是自主或是半自主的，可以從本田技研工業的ASIMO或是TOSY的TOPIO等擬人機器人到工业机器人，也包括多台一起動作的群機器人，其至是奈米機器人。藉由模仿逼真的外觀及自動化的動作，理想中的高仿真機器人是高级整合控制论、机械电子、计算机与人工智能、材料学和仿生学的产物，目前科学界正在向此方向研究开发。有关机器人的话题，常见于科幻作品中。機器人學是有關機器人設計、組裝、運作及應用的技術研究，以及控制機器人的電腦系統、感測器回授以及信息處理等。機器人可以代替人類在一些危險的環境或是製造程序中工作，或是在外貌、行為或認知上取代人類。許多機器的概念都來自自然界，因此有仿生機器人學的出現。在工業時代機械技術提昇後，像自動化設備、遙控甚至無線遙控也日益成熟，電子學的進展成為機器人發展的動力。第一個電子式自動機是於1948年在英國的布里斯托尔由WilliamGreyWalter發明，第一個數位化，由電腦控制的自動機是在1954年由GeorgeDevol發明，命名為Unimate，後續在1961年賣給奇異電氣，用在紐澤西州的工廠中，用來將壓鑄設備中的熱金屬上移。機器人可以作一些重複性高或是危險，人類不想做的工作，也可以做一些因為尺寸限制，人類無法作的工作，甚至是像外太空或是深海中，不適人類生存的環境。社會上對越來越多的機器人及其角色有些疑慮，機器人因為在越來越多方面可以取代人類，因此被認為是增加失業人口的主因之一。戰爭中使用的機器人也有道德上的疑慮。機器人自主的可能性及其影響是科幻小說的主題之一，以後也可能變成實際會發生的問題。""",中文:, 机器人控制
 机器人软件,"""ROS（机器人操作系统，RobotOperatingSystem），是專為機器人軟體開發所設計出來的一套電腦作業系統架構。它是一个开源的元级操作系统（后操作系统），提供类似于操作系统的服务，包括硬件抽象描述、底层驱动程序管理、共用功能的执行、程序间消息传递、程序发行包管理，它也提供一些工具和库用于获取、建立、编写和执行多机融合的程序。ROS的运行架构是一种使用ROS通信模块实现模块间P2P的松耦合的网络连接的处理架构，它执行若干种类型的通讯，包括：基于服务的同步RPC（远程过程调用）通讯；基于Topic的异步数据流通讯，还有参数服务器上的数据存储。""",中文:, 机器人软件
 机器人学组织,"""新加坡机器人学会成立于2008年8月，由南洋理工大学Dr.MingXie发起并同其他新加坡机器人研究领域的学者一起组建成立的非营利性学术组织。是亚洲机器人学团体联合会成员。""",中文:, 机器人学组织
 赛博格,"""賽博格（英语：cyborg，音譯為賽博格），又稱電子人、機械化人、改造人、生化人，即是機械化有機體，是以無機物所構成的機器，作為有機體（包括人與其它動物在內）身體的一部份，但思考動作均由有機體控制。通常這樣做的目的是藉由人工科技來增加或強化生物體的能力。""",中文:, 赛博格
 人工神经网络,"""人工神经网络（英语：ArtificialNeuralNetwork，ANN），简称神经网络（NeuralNetwork，NN）或類神經網絡，在机器学习和认知科学领域，是一种模仿生物神经网络（动物的中樞神經系統，特别是大脑）的结构和功能的数学模型或计算模型，用于对函数进行估计或近似。神经网络由大量的人工神经元联结进行计算。大多数情况下人工神经网络能在外界信息的基础上改变内部结构，是一种自适应系统，通俗的講就是具備學習功能。现代神经网络是一种非线性统计性数据建模工具。典型的神经网络具有以下三个部分：结构（Architecture）结构指定了网络中的变量和它们的拓扑关系。例如，神经网络中的变量可以是神经元连接的权重（weights）和神经元的激励值（activitiesoftheneurons）。激励函数（ActivityRule）大部分神经网络模型具有一个短时间尺度的动力学规则，来定义神经元如何根据其他神经元的活动来改变自己的激励值。一般激励函数依赖于网络中的权重（即该网络的参数）。学习规则（LearningRule）学习规则指定了网络中的权重如何随着时间推进而调整。这一般被看做是一种长时间尺度的动力学规则。一般情况下，学习规则依赖于神经元的激励值。它也可能依赖于监督者提供的目标值和当前权重的值。例如，用于手写识别的一个神经网络，有一组输入神经元。输入神经元会被输入图像的数据所激發。在激励值被加权并通过一个函数（由网络的设计者确定）后，这些神经元的激励值被传递到其他神经元。这个过程不断重复，直到输出神经元被激發。最后，输出神经元的激励值决定了识别出来的是哪个字母。神经网络的构筑理念是受到生物（人或其他动物）神经网络功能的运作启发而产生的。人工神经网络通常是通过一个基于数学统计学类型的学习方法（LearningMethod）得以优化，所以人工神经网络也是数学统计学方法的一种实际应用，通过统计学的标准数学方法我们能够得到大量的可以用函数来表达的局部结构空间，另一方面在人工智能学的人工感知领域，我们通过数学统计学的应用可以来做人工感知方面的决定问题（也就是说通过统计学的方法，人工神经网络能够类似人一样具有简单的决定能力和简单的判断能力），这种方法比起正式的逻辑学推理演算更具有优势。和其他机器学习方法一样，神经网络已经被用于解决各种各样的问题，例如机器视觉和语音识别。这些问题都是很难被传统基于规则的编程所解决的。""",中文:, 人工神经网络
 分类算法,"""在模式识别领域中，最近鄰居法（KNN算法，又譯K-近邻算法）是一种用于分类和回归的無母數統計方法。在这两种情况下，输入包含特征空间中的k个最接近的训练样本。在k-NN分类中，输出是一个分类族群。一个对象的分类是由其邻居的“多数表决”确定的，k个最近邻居（k为正整数，通常较小）中最常见的分类决定了赋予该对象的类别。若k=1，则该对象的类别直接由最近的一个节点赋予。在k-NN回归中，输出是该对象的属性值。该值是其k个最近邻居的值的平均值。最近鄰居法採用向量空間模型來分類，概念為相同類別的案例，彼此的相似度高，而可以藉由計算與已知類別案例之相似度，來評估未知類別案例可能的分類。K-NN是一种基于实例的学习，或者是局部近似和将所有计算推迟到分类之后的惰性学习。k-近邻算法是所有的机器学习算法中最简单的之一。无论是分类还是回归，衡量邻居的权重都非常有用，使较近邻居的权重比较远邻居的权重大。例如，一种常见的加权方案是给每个邻居权重赋值为1/d，其中d是到邻居的距离。邻居都取自一组已经正确分类（在回归的情况下，指属性值正确）的对象。虽然没要求明确的训练步骤，但这也可以当作是此算法的一个训练样本集。k-近邻算法的缺点是对数据的局部结构非常敏感。本算法与K-平均算法（另一流行的机器学习技术）没有任何关系，请勿与之混淆。""",中文:, 分类算法
 机器学习研究者,"""深度学习（deeplearning）是机器学习的分支，是一种试图使用包含复杂结构或由多重非线性变换构成的多个处理层对数据进行高层抽象的算法。深度学习是机器学习中一种基于对数据进行表征学习的算法。观测值（例如一幅图像）可以使用多种方式来表示，如每个像素强度值的向量，或者更抽象地表示成一系列边、特定形状的区域等。而使用某些特定的表示方法更容易从实例中学习任务（例如，人脸识别或面部表情识别）。深度学习的好处是用非监督式或半监督式的特征学习和分层特征提取高效算法来替代手工获取特征。表征学习的目标是寻求更好的表示方法并建立更好的模型来从大规模未标记数据中学习这些表示方法。表示方法来自神经科学，并松散地建立在類似神经系统中的信息处理和对通信模式的理解上，如神经编码，试图定义拉動神经元的反应之间的关系以及大脑中的神经元的电活动之间的关系。至今已有數种深度学习框架，如深度神经网络、卷积神经网络和深度置信网络和递归神经网络已被应用在计算机视觉、语音识别、自然语言处理、音频识别与生物信息学等领域并取得了极好的效果。另外，「深度学习」已成為類似術語，或者说是神经网络的品牌重塑。""",中文:, 机器学习研究者
 进化算法,"""进化计算是遗传算法、进化策略、进化规划的统称。进化计算起源于20世纪50年代末，成熟于20世纪80年代，目前主要被应用于工程控制、机器学习、函数优化等领域。""",中文:, 进化算法
 马尔可夫模型,"""隐马尔可夫模型（HiddenMarkovModel，HMM）是统计模型，它用来描述一个含有隐含未知参数的马尔可夫过程。其难点是从可观察的参数中确定该过程的隐含参数。然后利用这些参数来作进一步的分析，例如模式识别。在正常的马尔可夫模型中，状态对于观察者来说是直接可见的。这样状态的转换概率便是全部的参数。而在隐马尔可夫模型中,状态并不是直接可见的，但受状态影响的某些变量则是可见的。每一个状态在可能输出的符号上都有一概率分布。因此输出符号的序列能够透露出状态序列的一些信息。""",中文:, 马尔可夫模型
 电子卡牌游戏,"""《仙劍奇俠傳－逍遙遊》是由“仙剑之父”姚壮宪监制、大宇资讯子公司北京软星历时两年开发制作的一款以组队冒险、合作竞争、挑战怪物、收集宠物为核心的卡牌游戏。本作亦是大宇旗下北京软星开发的第一款桌面游戏。玩家将在游戏中扮演仙剑奇侠传系列游戏历代经典角色，与朋友们组队展开冒险，或与其他玩家的队伍竞赛。本作正式版于2012年3月15日上市。""",中文:, 电子卡牌游戏
 分类系统,"""解剖学治疗学及化学分类系统（英语：AnatomicalTherapeuticChemicalClassificationSystem,ATC），是世界卫生组织对药品的官方分类系统。ATC系统由世界卫生组织药物统计方法整合中心（TheWHOCollaboratingCentreforDrugStatisticsMethodology）所制定，第一版在1976年发布。1996年，ATC系统成为国际标准。现在ATC系统已经发布2006版。""",中文:, 分类系统
 多重代理人系统,"""共識動力學（consensusdynamics，agreementdynamics）是結合系统科学及图论的研究領域，其中研究的主要問題之一就是在多智能体系统中的共識問題（agreementproblem，consensusproblem）。多智能体系统是指利用多個互相影響的智能設備來達到共同目的的系統。智能設備會形成網路，交換資訊以達到共識，這類系統包括生理系統、基因網絡、大型能源系統以及陸地、空中或太空中的車隊或是機隊。共識問題是非強制性的动力系统，透過互連的拓樸以及各設備的初始條件來控制。其他的問題包括有集结问题、同步、集群控制、及編隊控制。分佈式約束推理是解決方案範例中的一種。""",中文:, 多重代理人系统
 数据挖掘,"""数据挖掘（英语：datamining）是一个跨学科的计算机科学分支它是用人工智能、机器学习、统计学和数据库的交叉方法在相對較大型的数据集中发现模式的计算过程。数据挖掘过程的总体目标是从一个数据集中提取信息，并将其转换成可理解的结构，以进一步使用。除了原始分析步骤，它还涉及到数据库和数据管理方面、数据预处理、模型与推断方面考量、兴趣度度量、复杂度的考虑，以及发现结构、可视化及在线更新等后处理。数据挖掘是“資料庫知識發現”（KDD）的分析步骤。数据挖掘：实用机器学习技术及Java实现》一书大部分是机器学习的内容。这本书最初只叫做“实用机器学习”，“数据挖掘”一词是后来为了营销才加入的。通常情况下，使用更为正式的术语，（大规模）数据分析和分析学，或者指出实际的研究方法（例如人工智能和机器学习）会更准确一些。数据挖掘的实际工作是对大规模数据进行自动或半自动的分析，以提取过去未知的有价值的潜在信息，例如数据的分组（通过聚类分析）、数据的异常记录（通过异常检测）和数据之间的关系（通过关联式规则挖掘）。这通常涉及到数据库技术，例如空间索引。这些潜在信息可通过对输入数据处理之后的总结来呈现，之后可以用于进一步分析，比如机器学习和预测分析。举个例子，进行数据挖掘操作时可能要把数据分成多组，然后可以使用决策支持系统以获得更加精确的预测结果。不过数据收集、数据预处理、结果解释和撰写报告都不算数据挖掘的步骤，但是它们确实属于“資料庫知識發現”（KDD）过程，只不过是一些额外的环节。类似词语“数据捕捞”、“数据捕鱼”和“数据探测”指用数据挖掘方法来采样（可能）过小以致无法可靠地统计推断出所发现任何模式的有效性的更大总体数据集的部分。不过这些方法可以建立新的假设来检验更大数据总体。""",中文:, 数据挖掘
 本体 (计算机科学),"""在计算机科学与信息科学领域，理论上，本体是指一种“形式化的，对于共享概念体系的明确而又详细的说明”。本体提供的是一种共享词表，也就是特定领域之中那些存在着的对象类型或概念及其属性和相互关系；或者说，本体就是一种特殊类型的术语集，具有结构化的特点，且更加适合于在计算机系统之中使用；或者说，本体实际上就是对特定领域之中某套概念及其相互之间关系的形式化表达（formalrepresentation）。本体是人们以自己兴趣领域的知识为素材，运用信息科学的本体论原理而编写出来的作品。本体一般可以用来针对该领域的属性进行推理，亦可用于定义该领域（也就是对该领域进行建模）。此外，有时人们也会将“本体”称为“本体论”。作为一种关于现实世界或其中某个组成部分的知识表达形式，本体目前的应用领域包括（但不仅限于）：人工智能、语义网、软件工程、生物医学信息学、图书馆学以及信息架构。""",中文:, 本体 (计算机科学)
 知识表示语言,"""知識表示法（知識重呈／知識表現）是認知科學和人工智能兩個領域共同存在的問題。在認知科學里，它關係到人類如何儲存和處理資料。在人工智能里，其主要目標為儲存知識，讓程式能夠處理，達到人類的智慧。目前這個領域仍然沒有一個完美的答案。""",中文:, 知识表示语言
 索引典,"""索引典（英语：thesaurus），也稱為叙词表或類語辭典，同義詞辭典，是主題分析的一種實作方法。所謂主題分析是指辨識某作品之知識內涵，分析其特性，並使用某些文字、代號描述其主題。主題分析可分為「系統主題法」與「字順主題法」，前者即一般所稱之分類法，用邏輯方式建立學科體系的分類表，將作品依照主題給予分類號，常見的分類法有「杜威十進位圖書分類法」、「美國國會圖書館分類法」、「中國圖書館分類法」、「中文圖書分類法」等；後者則是用詞彙來描述作品的主題，即索引人員會先建立控制詞彙，讓使用者透過這些詞彙來查詢相關的作品，常見的作法有「標題法」、以及在此要介紹的「索引典」。索引典的英文是「Thesaurus」，是在16世紀新創的新拉丁語中的一字，由古希臘語有金庫意思的thesuros演變為拉丁語中的thesaurus，再於新拉丁語被當做金庫的意思來使用。除了金庫的意思之外，它更常被使用來表示一串有著相似、相關或相反意思的單字，即索引典的意思（這個意思最早開始於羅傑索引典）。""",中文:, 索引典
 规则引擎,"""网络搜索引擎（英语：websearchengine）指自动从万维网搜集信息，经过一定整理以后，提供给用户进行查询的系统。""",中文:, 规则引擎
 语义网,"""语义网（SemanticWeb）是由万维网联盟的蒂姆·伯纳斯-李（TimBerners-Lee）在1998年提出的一个概念，它的核心是：通过给万维网上的文档（如:HTML）添加能够被计算机所理解的语义（Metadata），从而使整个互联网成为一个通用的信息交换媒介。语义万维网通过使用标准、置标语言和相关的处理工具来扩展万维网的能力。不过语意网概念实际上是基于很多已有技术的，也依赖于后来和text-and-markup与知识表现的综合。那些渊源甚至可以追溯到20世纪60年代末期的AllanM.Collins、M.RossQuillian、ElizabethF.Loftus等人的研究，还有之后70年代初R.F.Simon、R.C.Schamk、Minsky等人陆续提出的一些理论上的成果，其中Simon在进行自然语言理解的应用研究时提出了语义网络SemanticNetwork（不是现在的SemanticWeb）的概念。当时人们甚至发明了以逻辑为基础的程序设计语言Prolog。""语义""网是由比现今成熟的网际搜索工具更加行之有效的、更加广泛意义的并且自动聚集和搜集信息的文档组成的。其最基本的元素就是语义链接。""",中文:, 语义网
 部分论,"""末世论或末日論（Eschatology）是研究历史终结及其相关方面的哲学或者神学理论，神学上的末世论一般关心人类社会的终结以及如何终结等问题，而哲学上的末世论则可能着眼于人类社会的终结问题，也可能着眼于自然的终结。在末世论的基础上产生的学科有末世论的历史哲学、自然哲学，本体论、认识论等。""",中文:, 部分论
 摄影测量学,"""摄影测量法（英文：Photogrammetry）是一种利用被摄物体影像来重建物体空间位置和三维形状的技术，它的历史和照片的历史相当，可以上溯到19世纪中叶。摄影测量法应用于多个领域，除了被考古学家用于快速绘制大型和复杂建筑遗址的详细地图以及被气象学家用于测得龙卷风的实际风速外，它还可在地形图绘制、建筑学、工程学、生产制造、质量控制、警方侦察和地质学等方面发挥效用。在电影的后期制作中，摄影测量法也被用于将演员的真实动作融合到计算机虚拟场景中。""",中文:, 摄影测量学
 数学形态学,"""数学形态学（Mathematicalmorphology）是一门建立在格论和拓扑学基础之上的图像分析学科，是数学形态学图像处理的基本理论。其基本的运算包括：腐蚀和膨胀、开运算和闭运算、骨架抽取、极限腐蚀、击中击不中变换、形态学梯度、Top-hat变换、颗粒分析、流域变换等。""",中文:, 数学形态学
 特征检测 (计算机视觉),"""计算机视觉是一门研究如何使机器“看”的科学，更进一步的说，就是指用摄影机和计算机代替人眼对目标进行识别、跟踪和测量等机器视觉，并进一步做图像处理，用计算机处理成为更适合人眼观察或传送给仪器检测的图像。作为一門科学学科，计算机视觉研究相关的理论和技术，试图建立能够从图像或者多维数据中获取「信息」的人工智能系统。这里所指的信息指香农定义的，可以用来帮助做一个“决定”的信息。因为感知可以看作是从感官信号中提取信息，所以计算机视觉也可以看作是研究如何使人工系统从图像或多维数据中“感知”的科学。作为一个工程学科，计算机视觉寻求基于相关理论与模型来建立计算机视觉系统。这类系统的组成部分包括：过程控制（例如工业机器人和无人驾驶汽车）事件监测（例如图像监测）信息组织（例如图像数据库和图像序列的索引建立）物体与环境建模（例如工业检查，医学图像分析和拓扑建模）交感互动（例如人机互动的输入设备）计算机视觉同样可以被看作是生物视觉的一个补充。在生物视觉领域中，人类和各种动物的视觉都得到了研究，从而建立了这些视觉系统感知信息过程中所使用的物理模型。另一方面，在计算机视觉中，靠软件和硬件实现的人工智能系统得到了研究与描述。生物视觉与计算机视觉进行的学科间交流为彼此都带来了巨大价值。计算机视觉包含如下一些分支：画面重建，事件监测，目标跟踪，目标识别，机器学习，索引建立，图像恢复等。""",中文:, 特征检测 (计算机视觉)
 计算机视觉应用,"""计算机视觉是一门研究如何使机器“看”的科学，更进一步的说，就是指用摄影机和计算机代替人眼对目标进行识别、跟踪和测量等机器视觉，并进一步做图像处理，用计算机处理成为更适合人眼观察或传送给仪器检测的图像。作为一門科学学科，计算机视觉研究相关的理论和技术，试图建立能够从图像或者多维数据中获取「信息」的人工智能系统。这里所指的信息指香农定义的，可以用来帮助做一个“决定”的信息。因为感知可以看作是从感官信号中提取信息，所以计算机视觉也可以看作是研究如何使人工系统从图像或多维数据中“感知”的科学。作为一个工程学科，计算机视觉寻求基于相关理论与模型来建立计算机视觉系统。这类系统的组成部分包括：过程控制（例如工业机器人和无人驾驶汽车）事件监测（例如图像监测）信息组织（例如图像数据库和图像序列的索引建立）物体与环境建模（例如工业检查，医学图像分析和拓扑建模）交感互动（例如人机互动的输入设备）计算机视觉同样可以被看作是生物视觉的一个补充。在生物视觉领域中，人类和各种动物的视觉都得到了研究，从而建立了这些视觉系统感知信息过程中所使用的物理模型。另一方面，在计算机视觉中，靠软件和硬件实现的人工智能系统得到了研究与描述。生物视觉与计算机视觉进行的学科间交流为彼此都带来了巨大价值。计算机视觉包含如下一些分支：画面重建，事件监测，目标跟踪，目标识别，机器学习，索引建立，图像恢复等。""",中文:, 计算机视觉应用
 语言模型,"""統計式的語言模型是藉由一個機率分佈，而指派機率給字詞所組成的字串：P(w1,…,wm){\displaystyleP(w_{1},\ldots,w_{m})}語言模型經常使用在許多自然語言處理方面的應用，如語音識別，機器翻譯，詞性標註，句法分析和資訊檢索。由於字詞與句子都是任意組合的長度，因此在訓練過的語言模型中會出現未曾出現的字串(資料稀疏的問題)，也使得在語料庫中估算字串的機率變得很困難，這也是要使用近似的平滑n元語法(N-gram)模型之原因。在語音辨識和在資料壓縮的領域中，這種模式試圖捕捉語言的特性，並預測在語音串列中的下一個字。當用於資訊檢索，語言模型是與文件有關的集合。以查詢字「Q」作為輸入，依據機率將文件作排序，而該機率P(Q|Md){\displaystyleP(Q|M_{d})}代表該文件的語言模型所產生的語句之機率。""",中文:, 语言模型
 合一,"""本文有关计算机科学主题。其他学科的条目参见合一(消歧义)。在数理逻辑中，特别是应用于计算机科学中，两个项的同一是就特殊化次序而言的并(格的最小上界),就是说，我们在项的集合上假定一个预序，其中t*≤t意味着t*是通过代换(substitute)在t中某些项的一个或多个自由变量而从t获得的。s和t的同一u，如果存在的话，是s和t二者的代换实例的一个项。s和t的任何公共的代换实例也是u的实例。例如，对于多项式X2和Y3可以通过采纳X=Z3和Y=Z2而同一到Z6。""",中文:, 合一
 分析,"""分析（英语：Analysis）是将复杂的话题或事物逐渐拆分的过程，以此来达到对话题更好的理解。尽管“分析”作为一个正式的概念在近年来才逐步建立起来，这一技巧自亚里士多德（公元前384年至322年）就已经应用在了数学、逻辑学等多个领域。""",中文:, 分析
 启发法,"""启发法（heuristics，源自古希腊语的εὑρίσκω，又译作：策略法、助发现法、启发力、捷思法）是指依据有限的知识（或“不完整的信息”）在短时间内找到问题解决方案的一种技术。它是一种依据关于系统的有限认知和假说从而得到关于此系统的结论的分析行为。由此得到的解决方案有可能会偏离最佳方案。通过与最佳方案的对比，可以确保启发法的质量。典型的启发法有试错法和排除法。鉴于启发法基于经验，有时它也可能是基于错误的经验（如感知偏离和伪关系）。""",中文:, 启发法
 想象,"""想象，又作想像，亦称想象力，是形成意象、知觉和概念的能力，其實意象、知觉和概念不是通过视觉、听觉或者其他感官而被感知。想象是心灵的工作，有助于创造出幻想。想象有助于为经验提供意义，为知识提供理解；想象是人们为世界創造出意义的一种基本能力；想象在学习过程中也发挥关键作用。培养想象力的一种基本训练方式，是听故事；在听故事中，措辞的准确是“产生出世界”的基本因素。想象是我们面临任何事情的力量。我们接触、看到和听到的东西，通过我们的想象，而合并为“一幅画面”。人们一般承认：作为内在的能力，作为从感官对公共世界的感知而来的因素，在心灵里发明部分的或完整的个人领域的这么一种过程，这个术语在心理学的专业用法，意思是在心灵里恢复过程，恢复以前被呈给感知的感觉对象。因为这个术语的这种用法与其日常语言的用法矛盾，有些心理学家更喜欢把这个过程说成“造像过程”或者“意象”，或者称其为“再生”想象过程，以与“产生性的”或“建造性的”想象过程。被想象的意象是用“心灵之眼”看到的。想象也可以通过童话故事或者想象之境来表达。最著名的发明或者娱乐产品是从一个人的想象性灵感创造出来的。关于人类想象力的进化过程的一个假说是：想象力允许有意识的物种可以通过利用心智模拟来解决问题。孩童通常被认为是想象力丰富的群体。因为他们的思维模式尚未形成，思想中的限制与规则比成人要少。故此往往有着丰富的想象力。儿童常常使用故事或者假装的游戏来操练他们的想象力。当儿童创造幻象的时候，他们是在两个层面上游戏的：第一个层面，他们利用角色扮演来演出他们以其想象力创造出来的东西；在第二个层面上，他们又以他们假装相信的情形做游戏，在行为上，他们创造出来的东西好像是真实的现实似的，而那已经存在于故事性的神话裡。艺术家们也通常需要丰富的想象力，因为从事的是创造性的工作，想象力能够帮助他们打破既有的规则，将审美带入新格局。""",中文:, 想象
 人工智能协会,"""美国人工智能协会（英语：AssociationfortheAdvancementofArtificialIntelligence）是人工智能领域的主要学术组织之一。该协会主办的年会（AAAI,TheNationalConferenceonArtificialIntelligence）是一个主要的人工智能学术会议。""",中文:, 人工智能协会
 人工智能史,"""人工智能的历史源远流长。在古代的神话传说中，技艺高超的工匠可以制作人造人，并为其赋予智能或意识。现代意义上的AI始于古典哲学家用机械符号处理的观点解释人类思考过程的尝试。20世纪40年代基于抽象数学推理的可编程数字计算机的发明使一批科学家开始严肃地探讨构造一个电子大脑的可能性。1956年，在达特茅斯学院举行的一次会议上正式确立了人工智能的研究领域。会议的参加者在接下来的数十年间是AI研究的领军人物。他们中有许多人预言，经过一代人的努力，与人类具有同等智能水平的机器将会出现。同时，上千万美元被投入到AI研究中，以期实现这一目标。研究人员发现自己大大低估了这一工程的难度，人工智慧史上共出現過好幾次低潮。由于JamesLighthill爵士的批评和国会方面的压力，美国和英国政府于1973年停止向没有明确目标的人工智能研究项目拨款。七年之后受到日本政府研究规划的刺激，美国政府和企业再次在AI领域投入数十亿研究经费，但这些投资者在80年代末重新撤回了投资。AI研究领域诸如此类的高潮和低谷不断交替出现；至今仍有人对AI的前景作出异常乐观的预测。尽管在政府官僚和风投资本家那里经历了大起大落，AI领域仍在取得进展。某些在20世纪70年代被认为不可能解决的问题今天已经获得了圆满解决并已成功应用在商业产品上。与第一代AI研究人员的乐观估计不同，具有与人类同等智能水平的机器至今仍未出现。图灵在1950年发表的一篇催生现代智能机器研究的著名论文中称，“我们只能看到眼前的一小段距离……但是，我们可以看到仍有许多工作要做”。""",中文:, 人工智能史
 人工智能实验室,"""MIT計算機科學與人工智慧實驗室（英语：MITComputerScienceandArtificialIntelligenceLaboratory，縮寫為CSAIL），美國麻省理工學院（MIT）的研究實驗室，於2003年將計算機科學實驗室與人工智慧實驗室合併後建立。位於史塔特科技中心之中，無論是人數或是研究領域，都是美國大學中最大規模的實驗室。駭客文化一般認為起源於這個實驗室，多位圖靈獎得主都出身於此實驗室中。""",中文:, 人工智能实验室
 人工智能应用,"""工业人工智能（英语：Industrialartificialintelligence）也称作工业AI，是指人工智能在工业中的应用。与通常意义的人工智能不同，工业AI是一门研究使计算机系统能完成原本需要人类智能才能完成的任务的综合性前沿学科。工业人工智能更加关注运用技术来解决工业上的痛点问题，从而创造客户价值、提高生产力和获得洞察力。。虽然在人工智能应用的反乌托邦视野中，智能机器可能夺去人类的工作、造成社会和道德问题，但行业整体对人工智能仍持有积极态度，并认为这种经济转型势不可挡，及期待在这一过程中产生巨大的商机。人工智能的概念大概是在1940年提出的，通过智能分析和建模提高生产力和获得洞察力的想法并不陌生。人工智能和知識基礎系統一直是人工智能广泛研究的一部分，应用于产品设计、生产计划、分发和现场服务的整个产品生命周期中。电子制造系统和电子工厂并没有使用“AI”这个术语，而是扩大了工程系统的建模，使得能够在智能制造生态系统中实现元素的完全整合。云计算服务平台广泛运用人工智能技术。网络制造系统也运用预测分析和网络-实体建模解决产品和机器健康之间的鸿沟（gap）,从而优化生产。工业人工智能最近被广泛提及，有以下几种原因：更经济且性能多的传感器和数据采集的自动化过程；更强大的计算能力，以较低的成本、更快的速度执行复杂的工作任务；更快速地连接基础架构和更易于访问的云服务平台，外包数据管理和计算能力。然而，如果工业界中的问题得到妥善处理，这项技术也不会产生任何商业价值。工业人工智能或许有助于产品与服务创新、生产过程改进以及获取洞察力这三方面的应用。""",中文:, 人工智能应用
 人工智能研究者,"""強人工智慧或通用人工智慧（StrongAI或者ArtificialGeneralIntelligence）是具備與人類同等智慧、或超越人類的人工智慧，能表現正常人類所具有的所有智能行為。""",中文:, 人工智能研究者
 人工智能题材作品,"""《人工智能》（英语：A.I.ArtificialIntelligence）是由斯蒂芬·斯皮尔伯格导演的，斯坦利·库布里克参与制作的一部电影。1982年，电影大师斯坦利·库布里克买下了《人工智能》的拍摄权，由于当时电影科技水準的限制被暂时搁置。到1993年，斯蒂芬·斯皮尔伯格导演的《侏罗纪公园》的成功，促使库布里克根据1969年布莱恩·阿尔迪斯（BrianAldiss）的短篇故事《Super-ToysLastAllSummerLong》改编了剧本，并与斯皮尔伯格探讨了剧本，委托工业光魔公司设计特效。1999年，库布里克意外辞世，斯皮尔伯格于2000年初宣布了自己的拍摄计划，并于2001年将亡友的这部未完成作品搬上银幕。影片中应用了当时最新的“实时3D电脑游戏引擎”系统和“On-SetVisualization”技术。""",中文:, 人工智能题材作品
 情感计算,"""情感计算（英语：Affectivecomputing，亦作人工情感智能，英语：artificialemotionalintelligence，或情感AI，英语：emotionAI）是一个跨学科领域，涉及计算机科学、心理学和认知科学，旨在研发能够识别、解释、处理、模拟人类情感的系统。虽然该学科最早可追溯至早期的哲学研究，即人们对情绪的剖析，但真正使其成为现代计算机科学分支的，则是1995年罗莎琳·皮卡德发表的关于情感计算的论文。人们研究情感计算很大程度上是为了能够模拟共情——机器应该能够解释人类的情绪状态，做出相适应的行为，对情绪给予恰当的回应。文本情感分析（英语：sentimentanalysis）和情感分析的区别在于，前者仅辨识词语的情感极性，后者辨识人类的不同情绪。""",中文:, 情感计算
 搜寻算法,"""VectorFieldHistogram算法，简称VFH算法，直译为“方向区间柱图法”。是一种由人工势场法改进而来的机器人导航算法。""",中文:, 搜寻算法
 机器人学,"""機器人學（英语：robotics）是一項涵蓋了機器人的設計、建造、運作、以及應用的跨領域科技，就如同電腦系統之控制、感測回授、以及資訊處理。這些科技催生出能夠取代人力的自動化機器，在危險境或製造工廠運作，或塑造成外表、行為、心智的仿人機器人。如今許多的機器人受到自然界的啟發，貢獻於生物啟發的機器人學的領域。創造可自動運轉的機器的概念可追溯至古典時代，但是直到20世紀以前，機器人的功能和潛在應用開發及研究沒有持續地成長。縱觀歷史，機器人常見於模仿人類行為，且常以類似的方法管理事務。時至今日，機器人學成為一個快速成長的領域，同時先進技術持續地研發、設計、以及建造用來達成各種實用目的新款機器人，例如家庭用機器人、工業機器人或軍用機器人。許多機器人從事對人類來講非常危險的工作，如拆除炸彈、地雷、探索沉船等。机器人学还被用于STEM教育(科学Science,技术Technology,工程Engineering,和数学Mathematics)作为教学辅助。""",中文:, 机器人学
 机器学习,"""机器学习是人工智能的一个分支。人工智能的研究历史有着一条从以“推理”为重点，到以“知识”为重点，再到以“学习”为重点的自然、清晰的脉络。显然，机器学习是实现人工智能的一个途径，即以机器学习为手段解决人工智能中的问题。机器学习在近30多年已发展为一门多领域交叉学科，涉及概率论、统计学、逼近论、凸分析、计算复杂性理论等多门学科。机器学习理论主要是设计和分析一些让计算机可以自动“学习”的算法。机器学习算法是一类从数据中自动分析获得规律，并利用规律对未知数据进行预测的算法。因为学习算法中涉及了大量的统计学理论，机器学习与推断统计学联系尤为密切，也被称为统计学习理论。算法设计方面，机器学习理论关注可以实现的，行之有效的学习算法。很多推论问题属于无程序可循难度，所以部分的机器学习研究是开发容易处理的近似算法。机器学习已广泛应用于数据挖掘、计算机视觉、自然语言处理、生物特征识别、搜索引擎、医学诊断、检测信用卡欺诈、证券市场分析、DNA序列测序、语音和手写识别、战略游戏和机器人等领域。""",中文:, 机器学习
 模糊逻辑,"""模糊逻辑是处理部分真实概念的布林運算扩展。经典逻辑坚持所有事物（陈述）都可以用二元项（0或1，黑或白，是或否）来表达，而模糊逻辑用真实度替代了布尔真值。这些陈述表示实际上接近于日常人们的问题和語意陈述，因为“真实”和结果在多数时候是部分（非二元）的和/或不精确的（不准确的，不清晰的，模糊的）。真实度经常混淆于概率。但是它们在概念上是不一样的；模糊真值表示在模糊定义的集合中的成员歸屬关系，而不是某事件或条件的可能度（likelihood）。要展示这种区别，考虑下列情节：Bob在有两个毗邻的屋子的房子中：厨房和餐厅。在很多情况下，Bob的状态是在事物“在厨房中”的集合内是完全明确的：他要么“在厨房中”要么“不在厨房中”。但Bob站在门口的时候怎么办呢？它可被认为是“部分的在厨房中”。量化这个部分陈述产生了一个模糊集合成员关系。比如，只有他的小脚趾在餐厅，我们可以说Bob是0.01“在厨房中”。只要Bob站在了门口，就没有事件（如抛硬币）能解决他完全的“在厨房中”或“不在厨房中”。模糊集合是基于集合的模糊定义而不是随机性。模糊逻辑允许在包含0和1的它们之间集合成员关系值，同于黑和白之间的灰色，在它的语言形式中，有不精确的概念如""稍微""、""相当""和""非常""。特别是，它允许在集合中的部分成员关系。它有关于模糊集合和可能性理论。它是1965年卢菲特·泽德教授在加州大学伯克利分校介入的。模糊逻辑尽管被广泛接受却是有争议的：它被某些控制工程师出于有效性和其他原因，和一些坚持概率论是不确定性的唯一严格描述的统计学家所拒绝。批評者認為它不是普通集合论的超集，因为成员函数是依据常规集合而定义的。""",中文:, 模糊逻辑
 游戏人工智能,"""人工智能的历史源远流长。在古代的神话传说中，技艺高超的工匠可以制作人造人，并为其赋予智能或意识。现代意义上的AI始于古典哲学家用机械符号处理的观点解释人类思考过程的尝试。20世纪40年代基于抽象数学推理的可编程数字计算机的发明使一批科学家开始严肃地探讨构造一个电子大脑的可能性。1956年，在达特茅斯学院举行的一次会议上正式确立了人工智能的研究领域。会议的参加者在接下来的数十年间是AI研究的领军人物。他们中有许多人预言，经过一代人的努力，与人类具有同等智能水平的机器将会出现。同时，上千万美元被投入到AI研究中，以期实现这一目标。研究人员发现自己大大低估了这一工程的难度，人工智慧史上共出現過好幾次低潮。由于JamesLighthill爵士的批评和国会方面的压力，美国和英国政府于1973年停止向没有明确目标的人工智能研究项目拨款。七年之后受到日本政府研究规划的刺激，美国政府和企业再次在AI领域投入数十亿研究经费，但这些投资者在80年代末重新撤回了投资。AI研究领域诸如此类的高潮和低谷不断交替出现；至今仍有人对AI的前景作出异常乐观的预测。尽管在政府官僚和风投资本家那里经历了大起大落，AI领域仍在取得进展。某些在20世纪70年代被认为不可能解决的问题今天已经获得了圆满解决并已成功应用在商业产品上。与第一代AI研究人员的乐观估计不同，具有与人类同等智能水平的机器至今仍未出现。图灵在1950年发表的一篇催生现代智能机器研究的著名论文中称，“我们只能看到眼前的一小段距离……但是，我们可以看到仍有许多工作要做”。""",中文:, 游戏人工智能
 生物特征识别,"""生物识别技术（biometrics，也称生物测定学），是指用数理统计方法对生物进行分析，现在多指对生物体（一般特指人）本身的生物特征来区分生物体个体的计算机技术。研究领域主要包括语音、脸、指纹、手掌纹、虹膜、视网膜、体形、个人习惯（例如敲击键盘的力度和频率、签字）等，相应的识别技术就有说话人识别、人脸识别、指纹识别、掌纹识别、虹膜识别、视网膜识别、体形识别、键盘敲击识别、签字识别等。""",中文:, 生物特征识别
 知识表示,"""知識表示法（知識重呈／知識表現）是認知科學和人工智能兩個領域共同存在的問題。在認知科學里，它關係到人類如何儲存和處理資料。在人工智能里，其主要目標為儲存知識，讓程式能夠處理，達到人類的智慧。目前這個領域仍然沒有一個完美的答案。""",中文:, 知识表示
 群集智能,"""蚁群算法（AntColonyOptimization,ACO），又称蚂蚁算法，是一种用来在图中寻找优化路径的机率型算法。它由MarcoDorigo于1992年在他的博士论文“Antsystem:optimizationbyacolonyofcooperatingagents”中提出，其灵感来源于蚂蚁在寻找食物过程中发现路径的行为。蚁群算法是一种模拟进化算法，初步的研究表明该算法具有许多优良的性质.针对PID控制器参数优化设计问题，将蚁群算法设计的结果与遗传算法设计的结果进行了比较，数值仿真结果表明，蚁群算法具有一种新的模拟进化优化方法的有效性和应用价值。""",中文:, 群集智能
 虚拟助理,"""虛擬助理（virtualassistant）是一種能替個人執行任務或服務的軟體代理（softwareagent）。有時候「聊天機器人」泛指虛擬助理，亦或專指網路聊天使用的軟體機器人（有時候更專指娛樂而非實用的網絡聊天）。但也可以指一種職業，或者企業組織，其乃是透過網路執行遠端服務。至2017年，隨著新產品進入市場，虛擬助理的功能與運用正快速擴張。一項2017年5月的線上調查顯示，美國的市佔率依次為蘋果Siri（34%）、Google個人助理（19%）、AmazonAlexa（6%）及微軟Cortana（4%）。搭載這些助理的智慧揚聲器也有著巨大的變化；蘋果直到2017年6月才宣布其智慧揚聲器。臉書的M虛擬助理預計2017年在FacebookMessenger上會有數億的用量。大量的智慧手機用戶安裝了蘋果和Google的助理，微軟則是在視窗的PC上（Cortana也可安裝於手機和智慧揚聲器）；AmazonAlexa則是首先具備線上訂購的功能。""",中文:, 虚拟助理
 计算机视觉,"""计算机视觉是一门研究如何使机器“看”的科学，更进一步的说，就是指用摄影机和计算机代替人眼对目标进行识别、跟踪和测量等机器视觉，并进一步做图像处理，用计算机处理成为更适合人眼观察或传送给仪器检测的图像。作为一門科学学科，计算机视觉研究相关的理论和技术，试图建立能够从图像或者多维数据中获取「信息」的人工智能系统。这里所指的信息指香农定义的，可以用来帮助做一个“决定”的信息。因为感知可以看作是从感官信号中提取信息，所以计算机视觉也可以看作是研究如何使人工系统从图像或多维数据中“感知”的科学。作为一个工程学科，计算机视觉寻求基于相关理论与模型来建立计算机视觉系统。这类系统的组成部分包括：过程控制（例如工业机器人和无人驾驶汽车）事件监测（例如图像监测）信息组织（例如图像数据库和图像序列的索引建立）物体与环境建模（例如工业检查，医学图像分析和拓扑建模）交感互动（例如人机互动的输入设备）计算机视觉同样可以被看作是生物视觉的一个补充。在生物视觉领域中，人类和各种动物的视觉都得到了研究，从而建立了这些视觉系统感知信息过程中所使用的物理模型。另一方面，在计算机视觉中，靠软件和硬件实现的人工智能系统得到了研究与描述。生物视觉与计算机视觉进行的学科间交流为彼此都带来了巨大价值。计算机视觉包含如下一些分支：画面重建，事件监测，目标跟踪，目标识别，机器学习，索引建立，图像恢复等。""",中文:, 计算机视觉
 语音识别,"""语音识别（speechrecognition；語音辨識／言語辨別）技术，也被称为自动语音识别（英语：AutomaticSpeechRecognition,ASR）、電腦語音識別（英语：ComputerSpeechRecognition）或是語音轉文本識別（英语：SpeechToText,STT），其目标是以電腦自動将人类的语音内容转换为相應的文字。与说话人识别及说话人确认不同，后者尝试识别或确认发出语音的说话人而非其中所包含的词汇内容。语音识别技术的应用包括语音拨号、语音导航、室内设备控制、语音文档检索、简单的听写数据录入等。语音识别技术与其他自然语言处理技术如机器翻译及语音合成技术相结合，可以构建出更加复杂的应用，例如语音到语音的翻译。语音识别技术所涉及的领域包括：信号处理、模式识别、概率论和信息论、发声机理和听觉机理、人工智能等等。""",中文:, 语音识别
 逻辑编程,"""邏輯編程（逻辑程序设计）是種編程典範，它設定答案須符合的規則來解決問題，而非設定步驟來解決問題。過程是事實+規則=結果。不同的方法，可以看Inductivelogicprogramming。邏輯編程的要點是將正規的邏輯風格帶入電腦程式設計之中。數學家和哲學家發現邏輯是有效的理論分析工具。很多問題可以自然地表示成一個理論。說需要解答一個問題，通常與解答一個新的假設是否跟現在的理論無衝突等價。邏輯提供了一個證明問題是真還是假的方法。建立證明的方法是人所皆知的，故邏輯是解答問題的可靠方法。邏輯編程系統則自動化了這個程序。人工智能在邏輯編程的發展中發揮了重要的影響。猴子和香蕉問題是邏輯編程社群的著名問題。電腦須自行找出令猴子接觸香蕉的可行方法，取代程式設計師指定猴子接觸香蕉的路徑和方法。邏輯編程建立了描述一個問題裏的世界的邏輯模型。邏輯編程的目標是對它的模型建立新的陳述。世界上知識不斷澎漲。傳統來說，我們會將一個問題陳述成單一的假設。邏輯編程的程式透過證明這個假設在模型裏是否為真來解決問題。一些經常用到邏輯編程工具的範疇：專家系統，程式從一個巨大的模型中產生一個建議或答案。自動化證明定理，程式產生一些新定理來擴充現有的理論。最常用的邏輯編程語言是Prolog，另外有較適用於大型方案的Mercury。詳盡的清單可見於Category:邏輯編程語言。""",中文:, 逻辑编程
 问题解决,"""解决问题，是一种兼具创造性、操作性的思维方式和智力活动。对问题的发现和澄清，经常是解决问题的第一步。許多在人工智慧、工程、數學、醫學中發展及應用的解决问题技巧也和心理學中研究的心理问题解决技术有關。""",中文:, 问题解决
 限制满足,"""限制(BDSM)（英语：Limits(BDSM)），即在BDSM中，参与者对活動或行为的规范。双方通过描述来清楚他们的所希望和不渴望甚至不容忍的内容。通常做法为设置安全词和禁止某些玩法。""",中文:, 限制满足
人工智能,"""人工智能（英语：artificialintelligence，缩写为AI）亦稱機器智能，指由人製造出來的機器所表現出來的智能。通常人工智能是指通過普通電腦程式的手段實現的人類智能技術。該詞也指出研究這樣的智能系統是否能夠實現，以及如何實現科學領域。同時如此，人類的數量開始收斂及功能逐漸被其取代。一般教材中的定义领域是“智能主体（intelligentagent）的研究与设计”，智能主体指一个可以观察周遭环境并作出行动以达致目标的系统。约翰·麦卡锡于1955年的定义是「制造智能机器的科学与工程」。人工智能的研究是高度技术性和专业的，各分支领域都是深入且各不相通的，因而涉及範圍極廣。人工智能的研究可以分为几个技术问题。其分支领域主要集中在解决具体问题，其中之一是，如何使用各种不同的工具完成特定的应用程序。AI的核心问题包括建構能夠跟人類似甚至超越的推理、知识、规划、学习、交流、感知、移动和操作物体的能力等。強人工智能目前仍然是该领域的长远目标。目前強人工智慧已經有初步成果，甚至在一些影像辨識、語言分析、棋類遊戲等等單方面的能力達到了超越人類的水平，而且人工智慧的通用性代表著，能解決上述的問題的是一樣的AI程式，無須重新開發算法就可以直接使用現有的AI完成任務，與人類的處理能力相同，但達到具備思考能力的統合強人工智慧還需要時間研究，比较流行的方法包括统计方法，计算智能和传统意义的AI。目前有大量的工具应用了人工智能，其中包括搜索和数学优化、逻辑推演。而基於仿生學、認知心理學，以及基于概率论和经济学的演算法等等也在逐步探索當中。""",中文:,人工智能
