title,label
 参数多态,newNode
 多型 (计算机科学),newNode
 泛型,newNode
 特设多态,newNode
 串行 (抽象数据型别),newNode
 关联数组,newNode
 堆栈,newNode
 多重关连数组,newNode
 容器 (抽象数据类型),newNode
 抽象数据型别,newNode
 生成器 (计算机编程),newNode
 迭代器,newNode
 队列,newNode
 集合 (计算机科学),newNode
 双椭圆曲线确定性随机数发生器,newNode
 平方取中法,newNode
 线性同余方法,newNode
 吉布斯采样,newNode
 并行退火,newNode
 拟蒙特卡罗方法,newNode
 控制变量法,newNode
 斯温森－王算法,newNode
 梅特罗波利斯－黑斯廷斯算法,newNode
 模拟退火,newNode
 粒子滤波器,newNode
 蒙地卡罗方法,newNode
 蒙特卡洛树搜索,newNode
 逆变换采样,newNode
 重要性采样,newNode
 分布滞后,newNode
 移动平均模型,newNode
 Draft,newNode
 出生-死亡过程,newNode
 利特尔法则,newNode
 处理器亲和性,newNode
 等候理论,newNode
 罗斯猜想,newNode
 队头阻塞,newNode
 分离原理,newNode
 部分可观察马可夫决策过程,newNode
 马可夫决策过程,newNode
 鲁棒控制,newNode
 半鞅,newNode
 维纳过程,newNode
 鞅 (概率论),newNode
 Thompson构造法,newNode
 下推自动机,newNode
 半自动机,newNode
 图灵机,newNode
 嵌入下推自动机,newNode
 嵌套堆栈自动机,newNode
 幂集构造,newNode
 摩尔型有限状态机,newNode
 有限状态机,newNode
 比哈姆-米德尔顿-莱文交通流量模型,newNode
 状态图,newNode
 状态转移表,newNode
 确定下推自动机,newNode
 确定有限状态自动机,newNode
 确定有限状态自动机最小化,newNode
 米利型有限状态机,newNode
 细胞自动机,newNode
 线性有界自动机,newNode
 自动机理论,newNode
 规则30,newNode
 非确定有限状态自动机,newNode
" B,C,K,W系统",newNode
 Beta范式,newNode
 Lambda立方体,newNode
 SKI组合子演算,newNode
 Λ演算,newNode
 不动点组合子,newNode
 匿名函数,newNode
 有类型λ演算,newNode
 构造演算,newNode
 柯里化,newNode
 简单类型λ演算,newNode
 类型居留问题,newNode
 系统F,newNode
 组合子逻辑,newNode
 蒙塔古语法,newNode
 规范化性质,newNode
 逻辑框架,newNode
 邱奇数,newNode
 高阶函数,newNode
 BHK释义,newNode
 ST类型论,newNode
 依赖类型,newNode
 值 (计算机科学),newNode
 协变与逆变,newNode
 原型程序设计,newNode
 合一,newNode
 同伦类型论,newNode
 型别安全,newNode
 型别构造器,newNode
 子类型,newNode
 定型环境,newNode
 开闭原则,newNode
 强弱型别,newNode
 数学结构,newNode
 新基础集合论,newNode
 柯里-霍华德同构,newNode
 直觉类型论,newNode
 类型推论,newNode
 类型擦除,newNode
 类型特征,newNode
 类型论,newNode
 类型转换,newNode
 组合范畴语法,newNode
 罗素公理体系,newNode
 里氏替换原则,newNode
 类型系统,newNode
 高阶逻辑,newNode
 鸭子类型,newNode
 NX级星舰,newNode
 曲速引擎,newNode
 阿库别瑞引擎,newNode
 伪随机性,newNode
 随机化算法,newNode
 RdRand,newNode
 梅森旋转算法,newNode
 随机数生成,newNode
 K-L 转换,newNode
 中餐馆过程,newNode
 主方程式,newNode
 伊藤引理,newNode
 伊藤过程,newNode
 伯努利过程,newNode
 停时,newNode
 几何布朗运动,newNode
 击中时,newNode
 可预测过程,newNode
 右连左极函数,newNode
 布朗桥,newNode
 布朗运动,newNode
 平稳过程,newNode
 循序可测过程,newNode
 查普曼-科尔莫戈罗夫等式,newNode
 泊松过程,newNode
 白噪声,newNode
 福克-普朗克方程,newNode
 维纳滤波,newNode
 维纳空间,newNode
 维纳－辛钦定理,newNode
 莱维过程,newNode
 费曼－卡茨公式,newNode
 赫斯特指数,newNode
 跳跃过程,newNode
 适应过程,newNode
 重对数律,newNode
 量子随机漫步,newNode
 随机分析,newNode
 随机变量的收敛,newNode
 随机图,newNode
 随机数列,newNode
 随机过程,newNode
 随机微分方程,newNode
 随机漫步,newNode
 马可夫过程,newNode
 马尔可夫性质,newNode
 马尔可夫链,newNode
 高斯噪声,newNode
 高斯过程,newNode
 Template,newNode
 布朗噪声,newNode
 噪声,newNode
 交替式图灵机,newNode
 判定器,newNode
 多带图灵机,newNode
 枚举器,newNode
 机率图灵机,newNode
 递归可枚举语言,newNode
 递归语言,newNode
 通用图灵机,newNode
 量子图灵机,newNode
 非确定型图灵机,newNode
 何积丰,newNode
 周巢尘,newNode
 达纳·斯科特,newNode
 Kripke结构,newNode
 一元谓词演算,newNode
 元组关系演算,newNode
 关系演算,newNode
 域关系演算,newNode
 存在图,newNode
 实体图,newNode
 希尔伯特演绎系统,newNode
 弗雷格命题演算,newNode
 相继式演算,newNode
 自然演绎,newNode
 蕴涵命题演算,newNode
 Amazon SimpleDB,newNode
 BSON,newNode
 CouchDB,newNode
 IBM Lotus Domino,newNode
 IBM Lotus Notes,newNode
 MongoDB,newNode
 文件导向的数据库,newNode
 契忍可夫辐射,newNode
 波前速度,newNode
 相速度,newNode
 瞬间移动,newNode
 群速度,newNode
 讯号速度,newNode
 超光速,newNode
 超光速运动,newNode
 随机性,newNode
 Acid1,newNode
 Acid2,newNode
 Acid3,newNode
 伊恩·希克森,newNode
 Set packing,newNode
 先决条件,newNode
 动态时序验证,newNode
 布尔可满足性问题,newNode
 形式化方法,newNode
 形式系统,newNode
 形式语义学,newNode
 形式验证,newNode
 循环不变量,newNode
 抽象释义,newNode
 指称语义,newNode
 断言 (程序),newNode
 时间分割测试,newNode
 概念验证,newNode
 生命攸关系统,newNode
 联合国大学国际软件技术研究所,newNode
 行为时序逻辑,newNode
 软件验证及确认,newNode
 通用唯一识别码,newNode
 集合论,newNode
 静态时序分析,newNode
 高低阶,newNode
 Bugzilla,newNode
 Fossil,newNode
 GitHub,newNode
 Gitlab,newNode
 GLPI,newNode
 JIRA,newNode
 Mantis,newNode
 Phabricator,newNode
 Redmine,newNode
 缺陷跟踪管理系统,newNode
 Gerrit,newNode
 Rietveld,newNode
 代码审查,newNode
 HP Quality Center,newNode
 Polyspace,newNode
 WebLOAD,newNode
 代码覆盖率,newNode
 Apache HTTP Server,newNode
 Caddy,newNode
 HAProxy,newNode
 Nginx,newNode
 Polipo,newNode
 Privoxy,newNode
 Squid (软件),newNode
 Tengine,newNode
 Traffic Server,newNode
 反向代理,newNode
 BitKeeper,newNode
 Git,newNode
 GNU arch,newNode
 分布式版本控制,newNode
 Bonsai (软件),newNode
 SVK,newNode
 修订控制系统,newNode
 Mozdev.org,newNode
 RubyForge,newNode
 Bigtable,newNode
 Cassandra,newNode
 LevelDB,newNode
 NoSQL,newNode
 Redis,newNode
 SequoiaDB,newNode
 Truncate,newNode
 Update,newNode
 删除 (SQL),newNode
 插入 (SQL),newNode
 查询 (SQL),newNode
 空值 (SQL),newNode
 连接 (SQL),newNode
 伽利略号探测器,newNode
 卡西尼-惠更斯号,newNode
 哈雷舰队,newNode
 乔托号,newNode
 堂吉诃德小行星防卫任务,newNode
 尤利西斯号,newNode
 彗星号,newNode
 星尘号,newNode
 曙光号,newNode
 会合-舒梅克号,newNode
 深度撞击号,newNode
 深空一号,newNode
 维加计划,newNode
 罗塞塔号,newNode
 菲莱登陆器,newNode
 隼鸟号,newNode
 露西号,newNode
 灵神星轨道器,newNode
 TARDIS,newNode
 封闭类时曲线,newNode
 快子,newNode
 时序保护猜想,newNode
 时间倒流,newNode
 时间悖论,newNode
 时间旅行,newNode
 时光机 (哆啦A梦),newNode
 时空旅人,newNode
 祖父悖论,newNode
 约翰·提托,newNode
 虫洞,newNode
 诺维科夫自洽性原则,newNode
 迪罗伦时光机,newNode
 大撕裂,newNode
 定向演化,newNode
 目的论,newNode
 目的论论证,newNode
 M-sequence,newNode
 五人法则,newNode
 伪随机序列,newNode
 彩票摇奖机,newNode
 拉斯维加斯算法,newNode
 掷硬币,newNode
 水塘抽样,newNode
 无限猴子定理,newNode
 百万乱数表,newNode
 算法信息论,newNode
 随机函数,newNode
 随机变量,newNode
 随机场,newNode
 随机数,newNode
 随机森林,newNode
 ApacheBench,newNode
 Clover,newNode
 IEEE 829,newNode
 ISTQB,newNode
 JUnit,newNode
 Metasploit,newNode
 Portal,newNode
 Robot Framework,newNode
 SDET,newNode
 Security AppScan,newNode
 TestLink,newNode
 TrendLabs,newNode
 TTCN-3,newNode
 TTCN,newNode
 修改条件判断覆盖,newNode
 伪翻译,newNode
 决策到决策路径,newNode
 十六进制转储,newNode
 协议实现一致性声明,newNode
 单元测试,newNode
 可用性测试,newNode
 回归测试,newNode
 基于模型的测试,newNode
 探索性测试,newNode
 模拟对象,newNode
 模糊测试,newNode
 测试准则,newNode
 测试平台,newNode
 测试驱动开发,newNode
 浏览器兼容性,newNode
 海森堡bug,newNode
 测试工作,newNode
 测试自动化,newNode
 白盒测试,newNode
 兼容性测试,newNode
 硬件在环,newNode
 系统测试,newNode
 蜕变测试,newNode
 行为驱动开发,newNode
 计算机安全隐患,newNode
 调试,newNode
 数据驱动测试,newNode
 软件可测试性,newNode
 软件测试,newNode
 软件质量,newNode
 轻量级软件测试自动化,newNode
 游戏测试,newNode
 边界案例,newNode
 边角案例,newNode
 关键词驱动测试,newNode
 集成测试,newNode
 黑盒测试,newNode
 Checkstyle,newNode
 Clang,newNode
 Cscope,newNode
 Ctags,newNode
 FindBugs,newNode
 SonarQube,newNode
 ThreadSafe,newNode
 史密斯-沃特曼算法,newNode
 哈密顿-雅可比-贝尔曼方程,newNode
 字符串近似匹配,newNode
 尼德曼-翁施算法,newNode
 最大子数列问题,newNode
 最长公共子串,newNode
 最长公共子序列,newNode
 最长递增子序列,newNode
 粘性解,newNode
 维数灾难,newNode
 维特比算法,newNode
 自动换行,newNode
 莱文斯坦距离,newNode
 贝尔曼方程,newNode
 反向传播算法,newNode
 强化学习,newNode
 径向基函数网络,newNode
 最大期望算法,newNode
 最小冗余特征选择,newNode
 最近邻居法,newNode
 模式识别,newNode
 Guesstimate,newNode
 估计理论,newNode
 估计量的偏差,newNode
 匹配滤波器,newNode
 卡尔曼滤波,newNode
 均方误差,newNode
 广义矩估计,newNode
 数据同化,newNode
 最大似然估计,newNode
 最大后验概率,newNode
 最小均方误差,newNode
 最小方差无偏估计,newNode
 样本方差,newNode
 等级线性模型,newNode
 线性回归,newNode
 线性预测,newNode
 费希尔信息,newNode
 费雪信息,newNode
 互信息,newNode
 交叉熵,newNode
 困惑度,newNode
 条件熵,newNode
 熵 (信息论),newNode
 熵编码法,newNode
 相对熵,newNode
 联合熵,newNode
 自信息,newNode
 李距离,newNode
 汉明距离,newNode
 编辑距离,newNode
 CRIME,newNode
 DriveSpace,newNode
 SDCH,newNode
 Zlib,newNode
 乘码,newNode
 分类向量量化器,newNode
 前置码,newNode
 加壳压缩,newNode
 图像压缩技术,newNode
 压缩失真,newNode
 小波压缩,newNode
 数据压缩,newNode
 有损数据压缩,newNode
 有限状态向量量化器,newNode
 次频带编码,newNode
 编码簿,newNode
 自解压缩文件,newNode
 视频压缩,newNode
 视频压缩图像类型,newNode
 语音编码,newNode
 重复数据删除,newNode
 霍夫曼编码,newNode
 音讯压缩 (格式),newNode
 BLAST (无线通信),newNode
 ROC曲线,newNode
 信号检测理论,newNode
 极小化极大算法,newNode
 最小描述长度,newNode
 柯氏复杂性,newNode
 低密度同位检查累积码,newNode
 低密度奇偶检查码,newNode
 信道编码,newNode
 克拉夫特不等式,newNode
 分布式信源编码,newNode
 分组码,newNode
 喷泉码,newNode
 多项式码,newNode
 奇偶检验矩阵,newNode
 孤子分布,newNode
 对偶码,newNode
 循环码,newNode
 抹除码,newNode
 汉明重量,newNode
 生成矩阵,newNode
 卢比变换码,newNode
 编码理论,newNode
 网络编码,newNode
 置信度传播,newNode
 译码方法,newNode
 非累赘取样编码,newNode
 TCP拥塞控制,newNode
 带宽时延乘积,newNode
 广域网优化,newNode
 显式拥塞通知,newNode
 DidiWiki,newNode
 DokuWiki,newNode
 HDwiki,newNode
 OddMuse,newNode
 PukiWiki,newNode
 SushiWiki,newNode
 Wiki软件,newNode
 Wiki软件比较,newNode
 YukiWiki,newNode
 协同过滤,newNode
 基于Web的分布式编写和版本控制,newNode
 Bitbucket,newNode
 GNU Savannah,newNode
 Google开发人员,newNode
 JavaForge,newNode
 KDESvn,newNode
 Mercurial,newNode
 Monotone,newNode
 SourceForge,newNode
 Subversion,newNode
 Team Foundation Server,newNode
 Time Machine,newNode
 Visual SourceSafe,newNode
 修订标签,newNode
 协作版本系统,newNode
 版本控制软件比较,newNode
 发布版本通知,newNode
 相依性地狱,newNode
 自由软件托管服务比较,newNode
 软件配置管理,newNode
 Coderity,newNode
 MediaWiki,newNode
 Omeka,newNode
 OpenKM,newNode
 TYPO3,newNode
 Zope,newNode
 MojoPortal,newNode
 Umbraco,newNode
 CLSQL,newNode
 HSQLDB,newNode
 PL-SQL,newNode
 SQL,newNode
 SQL语法,newNode
 SQL资料隐码攻击,newNode
 Transact-SQL,newNode
 Windows管理规范查询语言,newNode
 参数化查询,newNode
 数据查询语言,newNode
 视图,newNode
 数据定义语言,newNode
 数据控制语言,newNode
 数据操纵语言,newNode
 Doctrine (PHP),newNode
 MyBatis,newNode
 SQLAlchemy,newNode
 对象关系映射软件列表,newNode
 B树,newNode
 R+树,newNode
 倒排索引,newNode
 Apache Derby,newNode
 Berkeley DB,newNode
 CUBRID,newNode
 Dbm,newNode
 Firebird (数据库),newNode
 InfluxDB,newNode
 Ingres,newNode
 Kexi,newNode
 MariaDB,newNode
 MaxDB,newNode
 Mnesia,newNode
 MySQL,newNode
 OPUS,newNode
 PostgreSQL,newNode
 SQLite,newNode
 Ligier EZ10,newNode
 Mobileye,newNode
 TomTom,newNode
 Waymo,newNode
 自动驾驶汽车,newNode
 先锋6、7、8和9号,newNode
 先锋计划,newNode
 先驱者镀金铝板,newNode
 先驱者0号,newNode
 先驱者10号,newNode
 先驱者11号,newNode
 先驱者1号,newNode
 先驱者2号,newNode
 先驱者3号,newNode
 先驱者4号,newNode
 先驱者5号,newNode
 先驱者H号,newNode
 先驱者P-1(W)号,newNode
 先驱者P-3 (X)号,newNode
 先驱者P-30 (Y)号,newNode
 先驱者P-31(Z)号,newNode
 先驱者金星计划,newNode
 冥王星-古柏带特快车,newNode
 新视野号,newNode
 土卫六－土星系统任务,newNode
 土星大气进入器,newNode
 惠更斯号,newNode
 旅行者1号,newNode
 蜻蜓号,newNode
 阿尔戈号 (探测器),newNode
 ODINUS,newNode
 天王星轨道探测器,newNode
 旅行者2号,newNode
 探索者计划,newNode
 乌呼鲁卫星,newNode
 亚毫米波天文卫星,newNode
 先进成分探测器,newNode
 国际紫外线探测卫星,newNode
 太阳过渡层成像光谱仪卫星,newNode
 威尔金森微波各向异性探测器,newNode
 广域红外线巡天探测卫星,newNode
 拉马第高能太阳光谱成像探测器,newNode
 探险者1号,newNode
 星系演化探测器,newNode
 星际边界探测器,newNode
 核光谱望远镜阵列,newNode
 罗西X射线计时探测器,newNode
 远紫外分光探测器,newNode
 雨燕卫星,newNode
 旅行者金唱片,newNode
 旅行者金唱片内容,newNode
 爱德华·C·斯通,newNode
 月球车,newNode
 火星车,newNode
 MetNet,newNode
 天鹅座宇宙飞船,newNode
 太阳轨道载具,newNode
 月球快递,newNode
 木星冰月探测器,newNode
 木卫二－木星系统任务,newNode
 欧几里得卫星,newNode
 突破摄星,newNode
 其他条件不变,newNode
 只因少了一颗钉,newNode
 多米诺骨牌效应,newNode
 格兰杰因果关系,newNode
 解释,newNode
 向后移植,newNode
 失效评定,newNode
 故障容许度,newNode
 第二系统效应,newNode
 软件质量管理,newNode
 软件熵,newNode
 软件危机,newNode
 软件质量保证,newNode
 长期支持,newNode
 ARIMA模型,newNode
 ARMA模型,newNode
 Lasso算法,newNode
 RATS,newNode
 倾向评分匹配,newNode
 偏最小二乘回归,newNode
 决定系数,newNode
 分位数回归,newNode
 分层广义线性模型,newNode
 可解释变异,newNode
 向量自回归模型,newNode
 多重共线性,newNode
 工具变量,newNode
 广义线性模型,newNode
 曲线拟合,newNode
 最小二乘法,newNode
 泊松回归,newNode
 泰尔－森估算,newNode
 自变量和因变量,newNode
 自回归模型,newNode
 设计矩阵,newNode
 赤池信息量准则,newNode
 回归分析,newNode
 过适,newNode
 逻辑回归,newNode
 零膨胀,newNode
 AMPL,newNode
 COIN-OR,newNode
 GNU线性规划工具集,newNode
 Maple,newNode
 Wolfram Mathematica,newNode
 LQR控制器,newNode
 协态方程,newNode
 哈密顿量 (最佳控制),newNode
 庞特里亚金最大化原理,newNode
 最优控制,newNode
 罗斯π引理,newNode
 起停式控制,newNode
 双设定点控制,newNode
 CYK算法,newNode
 DPLL算法,newNode
 ElGamal加密算法,newNode
 Flood fill,newNode
 ID3算法,newNode
 K-平均算法,newNode
 LALR语法分析器,newNode
 Move-to-front transform,newNode
 Paxos算法,newNode
 PSRS算法,newNode
 Quorum (分布式系统),newNode
 RSA加密算法,newNode
 Tomasulo算法,newNode
 交叉 (遗传算法),newNode
 优先编码器,newNode
 伪代码,newNode
 伯利坎普－韦尔奇算法,newNode
 先进不出,newNode
 先验算法,newNode
 全排列生成算法,newNode
 凸包,newNode
 分治法,newNode
 匹配追踪,newNode
 原地算法,newNode
 启发式搜索,newNode
 回溯法,newNode
 埃拉托斯特尼筛法,newNode
 大英博物馆算法,newNode
 奎因－麦克拉斯基算法,newNode
 密码强度,newNode
 左偏树,newNode
 差异进化算法,newNode
 布斯乘法算法,newNode
 布雷森汉姆直线算法,newNode
 并行排序,newNode
 德卡斯特里奥算法,newNode
 德布尔算法,newNode
 快取文件置换机制,newNode
 数据结构与算法术语列表,newNode
 施特拉森算法,newNode
 星期的计算,newNode
 最小圆覆盖,newNode
 最小生成树,newNode
 最邻近搜索,newNode
 梁友栋-柏世奇算法,newNode
 模糊聚类,newNode
 洗牌交换连接,newNode
 流加密,newNode
 画家算法,newNode
 确定性算法,newNode
 碰撞侦测,newNode
 禁忌搜索,newNode
 秦九韶算法,newNode
 算法,newNode
 算法与数据结构词典,newNode
 算法交易,newNode
 算法导论,newNode
 在线算法,newNode
 线性对数,newNode
 结构归纳法,newNode
 萤火虫算法,newNode
 蚁群算法,newNode
 装置指纹,newNode
 语音算法,newNode
 贪心法,newNode
 速率单调,newNode
 遗传算法,newNode
 量子退火,newNode
 长除法,newNode
 除法器,newNode
 随机抽样一致,newNode
 马尔可夫算法,newNode
 黄金分割搜索,newNode
 MIMO,newNode
 企业信息化,newNode
 信息冗余,newNode
 信息哲学,newNode
 信息瓶颈,newNode
 信息论,newNode
 信源编码定理,newNode
 信道容量,newNode
 克劳德·香农,newNode
 吞吐量,newNode
 哈里·奈奎斯特,newNode
 唯信息论,newNode
 压缩感知,newNode
 对称信道,newNode
 带宽,newNode
 广域信息论,newNode
 引力的熵力假说,newNode
 最小权限原则,newNode
 有噪信道编码定理,newNode
 梅特卡夫定律,newNode
 熵率,newNode
 纳特,newNode
 编码率,newNode
 过采样,newNode
 采样定理,newNode
 量子计算,newNode
 频谱效率,newNode
 Beyond Compare,newNode
 CMS Made Simple,newNode
 CMSimple XH,newNode
 CMSimple,newNode
 Collablog,newNode
 Drupal,newNode
 ENQUIRE,newNode
 Habari,newNode
 Joomla!,newNode
 LocalWiki,newNode
 LogicalDOC,newNode
 Movable Type,newNode
 OpenCMS,newNode
 PivotX,newNode
 Plone,newNode
 SilverStripe,newNode
 SupeSite,newNode
 UCoz,newNode
 WebGUI,newNode
 WikkaWiki,newNode
 WordPress,newNode
 XOOPS Cube,newNode
 XOOPS,newNode
 XWiki,newNode
 Zikula,newNode
 内容管理系统,newNode
 内容管理系统列表,newNode
 曼波,newNode
 Sci-Hub,newNode
 Yelp,newNode
 推荐系统,newNode
 烂西红柿,newNode
 Adaptive Server Enterprise,newNode
 Borland数据引擎,newNode
 IBM DB2,newNode
 InterBase,newNode
 LibreOffice Base,newNode
 Mckoi Database,newNode
 Microsoft Access,newNode
 Microsoft SQL Server,newNode
 OpenOffice.org Base,newNode
 Oracle数据库,newNode
 RAC,newNode
 SAP HANA,newNode
 Spanner (数据库),newNode
 SQL Server Express,newNode
 Windows Internal Database,newNode
 乐观并发控制,newNode
 二进制大型对象,newNode
 关系 (数据库),newNode
 关系型数据库管理系统比较,newNode
 关系键,newNode
 列式数据库,newNode
 字符大型对象,newNode
 存储程序,newNode
 悲观并发控制,newNode
 数据冗余,newNode
 数据库管理员,newNode
 数据库管理系统,newNode
 数据库索引,newNode
 时间数据库,newNode
 数据库理论,newNode
 关系数据库管理系统,newNode
 Microsoft Project,newNode
 Odoo,newNode
 Windows管理规范,newNode
 WINGs Display Manager,newNode
 XMind,newNode
 主管支持系统,newNode
 产品生命周期管理 (市场),newNode
 企业资源计划,newNode
 供货商管理库存系统,newNode
 保险应用架构,newNode
 决策支持系统,newNode
 制造资源计划,newNode
 商业过程管理,newNode
 客户关系管理,newNode
 工作流技术,newNode
 收益管理,newNode
 案例推论,newNode
 楼盘管理系统,newNode
 知识管理系统,newNode
 策略信息系统,newNode
 管理信息系统,newNode
 信息安全管理系统,newNode
 计算机整合制造,newNode
 Ad-Aware,newNode
 AutoRun,newNode
 BartPE,newNode
 CrossOver,newNode
 Driver Booster,newNode
 EasyInstall,newNode
 EXeScope,newNode
 Gearman,newNode
 PlayOnLinux,newNode
 R-Studio,newNode
 Spybot-S&D,newNode
 TuneUp Utilities,newNode
 Windows优化大师,newNode
 Windows预安装环境,newNode
 Wise Care 365,newNode
 Wise Disk Cleaner,newNode
 Wise Registry Cleaner,newNode
" Yellowdog Updater, Modified",newNode
 易搜比软件,newNode
 服务器,newNode
 服务包,newNode
 申根信息系统,newNode
 监督程序,newNode
 直译器,newNode
 系统程序设计,newNode
 系统软件,newNode
 网络信息服务,newNode
 网页服务器,newNode
 翻译程序,newNode
 虚拟主机,newNode
 屏幕保护,newNode
 超级兔子,newNode
 软件包管理系统,newNode
 还原光盘,newNode
 鲁大师,newNode
 卡方分布,newNode
 多元正态分布,newNode
 德国坦克问题,newNode
 条件概率分布,newNode
 柯西分布,newNode
 概率分布,newNode
 正态分布,newNode
 稳定分布,newNode
 退化分布,newNode
 离散型均匀分布,newNode
 伊瓦尔·雅各布布布森,newNode
 对象管理组织,newNode
 用例图,newNode
 系统建模语言,newNode
 葛来迪·布区,newNode
 詹姆士·兰宝,newNode
 中国机器人,newNode
 中国科研潜艇,newNode
 中国空间探测器,newNode
 AIBO,newNode
 ASIMO,newNode
 HAL (动力服),newNode
 HRP-4C,newNode
 Kirobo,newNode
 Pepper (机器人),newNode
 QRIO,newNode
 Sota (机器人),newNode
 日本机器人,newNode
 Kismet,newNode
 约翰霍普金斯野兽,newNode
 美国机器人,newNode
 美国太空总署探测器(子分类),newNode
 骑士视界 (机器人),newNode
 先行者,newNode
 全国大学生机器人大赛,newNode
 主动雷达导引,newNode
 乘波导引,newNode
 全球定位系统,newNode
 半主动雷达制导,newNode
 圆概率误差,newNode
 导弹制导,newNode
 射后不理,newNode
 惯性导航系统,newNode
 瞄准线半自动指令,newNode
 瞄准线指令,newNode
 红外线导引,newNode
 ADM-20诱饵无人机,newNode
 IAI豹,newNode
 MQ-1捕食者无人攻击机,newNode
 MQ-8火力侦察兵无人机,newNode
 MQ-9收割者侦察机,newNode
 P.1HH锤头无人机,newNode
 RQ-11渡鸦式无人侦察机,newNode
 RQ-170侦查机,newNode
 RQ-4全球鹰侦察机,newNode
 SR-72侦察机,newNode
 X-33试验机,newNode
 X-43试验机,newNode
 X-47A飞马试验机,newNode
 X-51乘波者试验机,newNode
 云影无人机,newNode
 候鸟无人机,newNode
 利剑无人作战飞机,newNode
 各国多轴飞行器监管情况,newNode
 哈比无人机,newNode
 复仇者无人驾驶战斗机,newNode
 大疆 Mavic Pro,newNode
 大疆精灵4,newNode
 奥拉无人作战飞机,newNode
 彩虹五号无人机,newNode
 扫描鹰无人机,newNode
 搜索者侦察机,newNode
 暗剑无人机,newNode
 泽弗,newNode
 海上战术侦搜大队,newNode
 无人地面载具,newNode
 无人战斗航空载具,newNode
 无人机,newNode
 无人水下载具,newNode
 无人水面载具,newNode
 无人航空载具,newNode
 神经元无人作战飞机,newNode
 红雀微型无人机,newNode
 翔龙无人机,newNode
 翼龙系列无人机,newNode
 自主水下载具,newNode
 赫耳墨斯900,newNode
 遥控飞机,newNode
 锐鸢无人机,newNode
 雷神无人机,newNode
 腾云无人机,newNode
 高超音速武器,newNode
 鳐鱼无人机,newNode
 大疆创新,newNode
 经纬航天,newNode
 海神号 (水下航行器),newNode
 遥控潜水器,newNode
 能量自律战术机器,newNode
 遥控战车,newNode
 龙行者,newNode
 MAVEN,newNode
 信使号,newNode
 土星探测,newNode
 天王星探测,newNode
 斯基亚帕雷利EDM登陆器,newNode
 新视野二号,newNode
 木星探测,newNode
 朱诺号,newNode
 水手10号,newNode
 水手3号,newNode
 水手4号,newNode
 水手5号,newNode
 水手6号,newNode
 水手7号,newNode
 水手8号,newNode
 水手9号,newNode
 水手号计划,newNode
 海王星探测,newNode
 火星微量气体任务卫星,newNode
 福布斯－土壤,newNode
 空间探测器,newNode
 航海家计划,newNode
 起源号,newNode
 30毫米DS30M Mk 2小口径机炮,newNode
 哥利亚遥控炸弹,newNode
 守门员近迫武器系统,newNode
 拆弹机械人,newNode
 方阵近迫武器系统,newNode
 木牛流马,newNode
 机械骡,newNode
 波士顿机械狗,newNode
 Prolog,newNode
 Visual Prolog,newNode
 交互记忆,newNode
 内团体与外团体,newNode
 八卦新闻,newNode
 兽群,newNode
 同侪压力,newNode
 团体迷思,newNode
 拒绝社交,newNode
 社会性动物,newNode
 群体动力学,newNode
 自我审查,newNode
 集体歇斯底里,newNode
 食物大战,newNode
 归纳推理,newNode
 DSQI,newNode
 内聚性 (计算器科学),newNode
 同步复杂度,newNode
 循环复杂度,newNode
 本质复杂度,newNode
 涟漪效应,newNode
 耦合性 (计算器科学),newNode
 软件度量,newNode
 霍尔斯特德复杂度量测,newNode
 数据流分析,newNode
 污点检验,newNode
 语调,newNode
 Rosenbrock函数,newNode
 反应曲面法,newNode
 多学科设计优化,newNode
 布谷鸟搜索算法,newNode
 格里旺克函数,newNode
 离散优化,newNode
 约束 (数学),newNode
 置信域方法,newNode
 莱文贝格－马夸特方法,newNode
 蝙蝠算法,newNode
 非线性规划,newNode
 F检验,newNode
 合并方差,newNode
 DNA运算,newNode
 NL完全,newNode
 三个世界理论 (信息学),newNode
 伪多项式时间,newNode
 分布式计算,newNode
 密码学,newNode
 工作量证明,newNode
 并行计算,newNode
 拜占庭将军问题,newNode
 持有量证明,newNode
 数据结构,newNode
 未解决的计算器科学问题,newNode
 理论计算器科学,newNode
 精确覆盖问题,newNode
 自动推理,newNode
 自旋电子学,newNode
 计算复杂性理论,newNode
 计算几何,newNode
 递归定义,newNode
 AMeDAS,newNode
 DataPower,newNode
 Xcon,newNode
 专家系统,newNode
 事务处理系统,newNode
 企业架构,newNode
 信息烟囱,newNode
 信息系统,newNode
 制造执行系统,newNode
 医院信息系统,newNode
 实验室信息管理系统,newNode
 实验室信息系统,newNode
 室内导航,newNode
 智能型运输系统,newNode
 业务自动化,newNode
 知识管理,newNode
 结构化系统分析及设计方法,newNode
 信息系统建置,newNode
 道路交通信息通信系统,newNode
 销售时点情报系统,newNode
 计算机辅助沟通,newNode
 Simulink,newNode
 Stateflow,newNode
 代理模型,newNode
 复杂系统,newNode
 布莱克-舒尔兹模型,newNode
 指数增长,newNode
 数学模型,newNode
 白箱模型,newNode
 相场模型,newNode
 世界观,newNode
 个体为本模型,newNode
 信息可视化,newNode
 再现,newNode
 几何模型,newNode
 可视化 (计算机图形学),newNode
 商业棋,newNode
 心智模型,newNode
 敏感度分析,newNode
 数据建模,newNode
 模型,newNode
 灰箱模型,newNode
 特征整合论,newNode
 知识表示,newNode
 离散事件仿真,newNode
 科学可视化,newNode
 蓝脑计划,newNode
 计算机模拟,newNode
 键结图,newNode
 公理化集合论,newNode
 冯诺伊曼-博内斯-哥德尔集合论,newNode
 半集合,newNode
 可替代的集合论,newNode
 描述集合论,newNode
 朴素集合论,newNode
 模糊集,newNode
 正集合论,newNode
 策梅洛-弗兰克尔集合论,newNode
 策梅洛集合论,newNode
 粗集合,newNode
 中国机器人学,newNode
 各国机器人,newNode
 各国机器人学家,newNode
 日本机器人学,newNode
 美国机器人学,newNode
 3D 生物打印,newNode
 3D打印,newNode
 Artec 3D,newNode
 RepRap,newNode
 STL (文件格式),newNode
 Treatstock,newNode
 光造形术,newNode
 快速成型,newNode
 熔融沉积成型,newNode
 ABB,newNode
 SCARA,newNode
 协作式机器人,newNode
 发那科,newNode
 安川电机,newNode
 工业机器人,newNode
 库卡,newNode
 新松机器人自动化公司,newNode
 电装,newNode
 智能显示器,newNode
 瘦客户端,newNode
 动物型机器人,newNode
 BeetleCam,newNode
 反舰弹道导弹,newNode
 自主机器人,newNode
 自动驾驶,newNode
 遥控模型,newNode
 BASQUASH!,newNode
 G-Saviour,newNode
 Muv-Luv Alternative,newNode
 Muv-Luv,newNode
 Schwarzesmarken,newNode
 UFO战士阿波罗,newNode
 人造人间电脑奇侠,newNode
 光速电神,newNode
 太空堡垒卡拉狄加,newNode
 太空突击队,newNode
 宇宙铁人天地双龙,newNode
 从太阳出击,newNode
 怪物王女,newNode
 我，机器人,newNode
 捉兔记,newNode
 推理 (短篇小说),newNode
 攻壳机动队,newNode
 新世纪国军战士,newNode
 无敌巴拉达,newNode
 无敌超人赞波3,newNode
 无敌钢人泰坦3,newNode
 星际争霸战,newNode
 最强机器 大王者,newNode
 机器人瓦力 (原声碟),newNode
 机器人奇诺丘,newNode
 机器人系列,newNode
 爆丸小子,newNode
 环舞 (短篇小说),newNode
 甜蜜的接触,newNode
 电脑奇侠,newNode
 电脑奇侠REBOOT,newNode
 百变龙,newNode
 红色巴隆,newNode
 英雄时代 (动画),newNode
 苹果核战,newNode
 詹伯a,newNode
 超智能足球,newNode
 钢铁吉克,newNode
 铁甲机,newNode
 银河系漫游指南系列,newNode
 飞龙特攻队,newNode
 魔神班达,newNode
 魔神英雄传系列,newNode
 Sphero,newNode
 球形机器人,newNode
 社交机器人,newNode
 索菲亚 (机器人),newNode
 医疗用机器人,newNode
 类人型机器人,newNode
 光学雷达,newNode
 InTouch Health,newNode
 IRobot,newNode
 恩纳基科技,newNode
 波士顿动力公司,newNode
 精工爱普生,newNode
 C4.5算法,newNode
 决策树,newNode
 决策树学习,newNode
 定义长度,newNode
 染色体 (遗传算法),newNode
 突变 (遗传算法),newNode
 遗传编程,newNode
 遗传操作数,newNode
 黄鼠狼程序,newNode
 Emperors SaGa,newNode
 全民魔兽,newNode
 刀剑乱舞,newNode
 卡牌对决,newNode
 卧龙传说-三国名将传,newNode
 去吧皮卡丘,newNode
 合金装备Ac!d2,newNode
 坦克世界：将军,newNode
 小冰冰传奇,newNode
 巫师之昆特牌,newNode
 恋与制作人,newNode
 潜龙谍影Ac!d,newNode
 激斗棒球魂,newNode
 火焰之纹章 英雄,newNode
 炉石传说,newNode
 碧蓝幻想,newNode
 舰娘收藏,newNode
 闇影诗章,newNode
 阴阳师 (游戏),newNode
 陆行鸟与魔法绘本,newNode
 霸天开拓史 永恒之翼与失落之海,newNode
 魔法门之冠军对决,newNode
 魔法风云会Online,newNode
 卷轴 (游戏),newNode
 浏览器一骑当千 爆乳争霸传,newNode
 Giraph,newNode
 SPSS Modeler,newNode
 TensorFlow,newNode
 聚类分析,newNode
 高斯混合模型,newNode
 Protégé,newNode
 本体编辑器,newNode
 本体语言,newNode
 SPARQL,newNode
 资源描述框架,newNode
 Jess程序设计语言,newNode
 ICD-10 第一章：某些传染病和寄生虫病,newNode
 ICD-10 第七章：眼和附器疾病,newNode
 ICD-10 第三章：血液及造血器官疾病和某些涉及免疫机制的疾患,newNode
 ICD-10 第九章：循环系统疾病,newNode
 ICD-10 第二十一章：影响健康状态和与保健机构接触的因素,newNode
 ICD-10 第二十章：疾病和死亡的外因,newNode
 ICD-10 第五章：精神和行为障碍,newNode
 ICD-10 第八章：耳和乳突疾病,newNode
 ICD-10 第六章：神经系统疾病,newNode
 ICD-10 第十一章：消化系统疾病,newNode
 ICD-10 第十七章：先天畸形、变形和染色体异常,newNode
 ICD-10 第十三章：肌肉骨骼系统和结缔组织疾病,newNode
 ICD-10 第十九章：损伤、中毒和外因的某些其他后果,newNode
 ICD-10 第十二章：皮肤和皮下组织疾病,newNode
 ICD-10 第十五章：妊娠、分娩和产褥期,newNode
 ICD-10 第十八章：症状、体征和临床与实验室异常所见,newNode
 ICD-10 第十六章：起源于围产期的某些情况,newNode
 ICD-10 第十四章：泌尿生殖系统疾病,newNode
 ICD-10 第十章：呼吸系统疾病,newNode
 ICD-10 第四章：内分泌、营养和代谢疾病,newNode
 ICD-10,newNode
 ICD-9编码列表,newNode
 SNOMED CT,newNode
 一体化医学语言系统,newNode
 医学主题词,newNode
 国际疾病与相关健康问题统计分类,newNode
 自由软件目录,newNode
 艺术家联合名录,newNode
 观测指针标识符逻辑命名与编码系统,newNode
 Translatewiki.net,newNode
 全球脑,newNode
 协同效应,newNode
 乌伊拉德·冯·奥曼·蒯因,newNode
 超个体,newNode
 特征脸,newNode
 ABBYY,newNode
 人类可读介质,newNode
 商圈,newNode
 土地法 (中华民国),newNode
 坟场,newNode
 工业区,newNode
 工业园区,newNode
 市区更新,newNode
 校园,newNode
 机场,newNode
 高雄港区土地开发公司,newNode
 以空间换时间,newNode
 停火,newNode
 分而治之,newNode
 制海权,newNode
 力量投射,newNode
 咽喉点,newNode
 唐太宗李卫公问对,newNode
 城镇战,newNode
 大战略,newNode
 封锁,newNode
 战略,newNode
 战略计划,newNode
 政治化,newNode
 新世界秩序,newNode
 新加坡战略,newNode
 施里芬计划,newNode
 消耗战,newNode
 无限制潜艇战,newNode
 皮洛士式胜利,newNode
 第一岛链,newNode
 第十七号计划,newNode
 经济战,newNode
 蓝色方案,newNode
 衡山之谋,newNode
 跳岛战术,newNode
 长远目标、使命和信念,newNode
 水平思考,newNode
 系统思维,newNode
 贝拉·巴纳锡,newNode
 曙光女神计划,newNode
 法国国家太空研究中心,newNode
 维京号,newNode
 近地轨道防护盾计划,newNode
 原子力显微镜,newNode
 故障分析,newNode
 悬疑音乐,newNode
 谜团,newNode
 黑血 (漫画),newNode
 充足理由律,newNode
 数字推理,newNode
 理性,newNode
 理性主体,newNode
 别名 (计算),newNode
 定义可达性,newNode
 控制流分析,newNode
 程序分析,newNode
 符号执行,newNode
 静态程序分析,newNode
 探讨,newNode
 篇章分析,newNode
 话语和社会,newNode
 语境,newNode
 话语语言学,newNode
 OODA循环,newNode
 系统整合,newNode
 系统关系图,newNode
 电源完整性,newNode
 NetFlow,newNode
 Ns (模拟器),newNode
 Qualnet,newNode
 SFlow,newNode
 网站流量,newNode
 Minitab,newNode
 主成分分析,newNode
 平滑,newNode
 数据分析,newNode
 复回归分析,newNode
 邻里成分分析,newNode
 人工智能,newNode
 图像分析,newNode
 形式科学,newNode
 生物信息学,newNode
 精密科学,newNode
 系统科学,newNode
 元系统,newNode
 公理系统,newNode
 实验系统,newNode
 下反对关系,newNode
 互斥,newNode
 伊比鸠鲁学派,newNode
 传统逻辑,newNode
 充分必要条件,newNode
 先有鸡还是先有蛋,newNode
 前件,newNode
 原则,newNode
 双重否定除去,newNode
 反例,newNode
 反证法,newNode
 可测试性,newNode
 后件,newNode
 向量逻辑,newNode
 否定后件,newNode
 周延 (哲学概念),newNode
 命题,newNode
 命题逻辑,newNode
 哲学逻辑,newNode
 因子图,newNode
 多值逻辑,newNode
 孤证不立,newNode
 布尔逻辑,newNode
 形式主义,newNode
 从言与从实,newNode
 德摩根定律,newNode
 思维规律,newNode
 恶魔的证明,newNode
 悖论,newNode
 批判性思维,newNode
 排中律,newNode
 推理,newNode
 推理规则,newNode
 数学原理,newNode
 数理逻辑,newNode
 文氏图,newNode
 无矛盾律,newNode
 明希豪森三难困境,newNode
 有效性,newNode
 概率逻辑,newNode
 模态逻辑,newNode
 欧拉图,newNode
 归谬法,newNode
 波菲利之树,newNode
 溯因推理,newNode
 演绎推理,newNode
 白马非马,newNode
 直陈条件,newNode
 经典逻辑,newNode
 自指,newNode
 辖域,newNode
 逆推法,newNode
 选言判断,newNode
 逻辑,newNode
 逻辑史,newNode
 逻辑或非,newNode
 逻辑推理,newNode
 逻辑符号表,newNode
 逻辑论证,newNode
 道义逻辑,newNode
 逻辑语义学,newNode
 非古典逻辑,newNode
 非形式逻辑,newNode
 周志华 (计算机科学家),newNode
 杨强,newNode
 杰弗里·辛顿,newNode
 迈克尔·乔丹 (学者),newNode
 达芙妮·科勒,newNode
 邢波,newNode
 马文·闵斯基,newNode
 人脸识别,newNode
 Gatebox,newNode
 代理人为基础之软件,newNode
 虚拟助理,newNode
 光学字符识别,newNode
 Tay,newNode
 小冰,newNode
 尤金·古斯特曼,newNode
 聊天机器人,newNode
 Deeplearning4j,newNode
 MARF,newNode
 N元语法,newNode
 OpenNLP,newNode
 Powerset,newNode
 RSVP Technologies Inc.,newNode
 Tatoeba,newNode
 Word2vec,newNode
 中文自动分词,newNode
 主题模型,newNode
 关键语,newNode
 双字母组,newNode
 对联机,newNode
 扩展查询,newNode
 文字蕴涵,newNode
 文本情感分析,newNode
 文档分类,newNode
 机器翻译(子分类),newNode
 机器记者,newNode
 汉语自动句法分析,newNode
 约限语言,newNode
 自然语言处理,newNode
 自然语言,newNode
 自然语言处理软件(子分类),newNode
 自然语言理解,newNode
 词汇标示框架,newNode
 词义消歧(子分类),newNode
 词义消歧,newNode
 词嵌入,newNode
 词干提取,newNode
 词袋模型,newNode
 语料库,newNode
 语音识别(子分类),newNode
 阳光失了玻璃窗,newNode
 隐含狄利克雷分布,newNode
 零回指,newNode
 Linguee,newNode
 MemoQ,newNode
 自然语言处理软件,newNode
 CeVIO Creative Studio,newNode
 Sinsy,newNode
 UTAU(子分类),newNode
 VOCALINA,newNode
 VocaListener,newNode
 Vocaloid(子分类),newNode
 VOCALOID,newNode
 Voiceroid,newNode
 沃尔夫冈·冯·肯佩伦的说话机器,newNode
 袅袅虚拟歌手,newNode
 语音可扩展标记语言,newNode
 语音合成,newNode
 语音合成标记语言,newNode
 语音产生装置,newNode
 Internet Speech Audio Codec,newNode
 语音合成(子分类),newNode
 语音技术,newNode
 语音处理(子分类),newNode
 标记语言(子分类),newNode
 置标语言(子分类),newNode
 自然语言处理(子分类),newNode
 语言模型(子分类),newNode
 计算语言学,newNode
 语音算法(子分类),newNode
 哈希树,newNode
 完美散列,newNode
 散列,newNode
 散列函数(子分类),newNode
 碰撞 (计算机科学),newNode
 线性探测,newNode
 线性散列,newNode
 随机预言机,newNode
 BEAM,newNode
 BEAM机器人学,newNode
 人型机器人学,newNode
 多机器人系统,newNode
 集体智慧,newNode
 智慧家庭,newNode
 MAKOplasty,newNode
 NAO (机器人),newNode
 Robotis Bioloid,newNode
 UrRobot,newNode
 云机器人,newNode
 亚太广播联盟机械人大赛,newNode
 全港大专生机械人大赛,newNode
 加拿大臂,newNode
 台北国际机器人展,newNode
 国际奥林匹克机器人大赛,newNode
 机器人,newNode
 机甲,newNode
 机器人吸尘器,newNode
 机械手臂,newNode
 移动维修系统,newNode
 联合相容分枝定界,newNode
 自动导引车,newNode
 华硕Zenbo,newNode
 不完全驱动,newNode
 障碍避免,newNode
 可变汇编语言,newNode
 FIRST,newNode
 MIT计算器科学与人工智能实验室,newNode
 内尔·哈维森,newNode
 格里弗斯将军,newNode
 赛博人,newNode
 赛博格,newNode
 达斯·维达,newNode
 Softmax函数,newNode
 前馈控制,newNode
 卷积神经网络,newNode
 受限玻尔兹曼机,newNode
 学习向量量化,newNode
 径向基函数,newNode
 梯度消失问题,newNode
 深度学习,newNode
 激活函数,newNode
 玻尔兹曼机,newNode
 线性整流函数,newNode
 自组织映射,newNode
 递归神经网络,newNode
 长短期记忆,newNode
 随机神经网络,newNode
 AdaBoost,newNode
 二次分类器,newNode
 多元分类,newNode
 支持向量机,newNode
 朴素贝叶斯分类器,newNode
 概率潜在语义分析,newNode
 线性判别分析,newNode
 线性分类器,newNode
 伊恩·古德费洛,newNode
 李飞飞,newNode
 约书亚·本希奥,newNode
 Google神经机器翻译系统,newNode
 Hopfield神经网络,newNode
 人工神经网络,newNode
 极限学习机,newNode
 生成对抗网络,newNode
 神经可塑性,newNode
 佩奇排名,newNode
 算法作曲,newNode
 语言模型,newNode
 转移矩阵,newNode
 量子马尔可夫链,newNode
 三国杀Online,newNode
 太阳神三国杀,newNode
 植物大战僵尸Online,newNode
 植物大战僵尸：全明星,newNode
 植物大战僵尸：英雄,newNode
 纸牌 (电子游戏),newNode
 英雄杀,newNode
 JEL分类系统,newNode
 User,newNode
 User talk,newNode
 Wikipedia,newNode
 七略,newNode
 中华人民共和国学科分类,newNode
 中华人民共和国学科分类与代码国家标准,newNode
 中华民国行业标准分类,newNode
 佛科留斯系统,newNode
 冒号分类法,newNode
 分类学,newNode
 列表索引,newNode
 卡片分类法,newNode
 历史上的今天,newNode
 哈伯序列,newNode
 国家社会科学基金项目的分类法,newNode
 国际专利分类,newNode
 国际文献联合会分类体系,newNode
 国际贸易标准分类,newNode
 夏普力-索耶集中度分类法,newNode
 属性,newNode
 布立斯分类法,newNode
 数学学科分类标准,newNode
 日本十进分类法,newNode
 机车轴式,newNode
 杜威十进制图书分类法,newNode
 气候分类,newNode
 波特尔暗空分类法,newNode
 生物分类法,newNode
 真菌分类系统,newNode
 总类,newNode
 联合国教科文科学技术统计工作手册的分类法,newNode
 联合国教科文组织分类法,newNode
 萨达斯基太阳系外行星分类法,newNode
 语言的类型分类,newNode
 语言系属分类,newNode
 阿尔奈-汤普森分类法,newNode
 电影分级制度,newNode
 电视分级制度,newNode
 霍恩博斯特尔-萨克斯分类法,newNode
 鲍茨-摩根分类,newNode
 多重代理人系统,newNode
 DBSCAN,newNode
 ETL,newNode
 UIMA,newNode
 关联规则学习,newNode
 分子挖掘,newNode
 加权相关网络分析,newNode
 商业智能,newNode
 大数据,newNode
 异常检测,newNode
 拓扑数据分析,newNode
 数据可视化,newNode
 数据挖掘,newNode
 文本挖掘,newNode
 正规概念分析法,newNode
 在线分析处理,newNode
 自动标引,newNode
 资料仓储,newNode
 预测分析,newNode
 BabelNet,newNode
 Swoogle,newNode
 受控词表(子分类),newNode
 受控词表,newNode
 基因本体,newNode
 本体 (信息科学),newNode
 本体工程,newNode
 本体 (计算机科学),newNode
 知识交换格式,newNode
 网络本体语言,newNode
 解剖学基础模型,newNode
 AGROVOC,newNode
 主题术语的面向运用,newNode
 索引典,newNode
 DBpedia,newNode
 Freebase,newNode
 Google Squared,newNode
 OWL-S,newNode
 RDFa,newNode
 Wolfram Alpha,newNode
 信息框,newNode
 分众分类法,newNode
 巨大全球图,newNode
 本体构成要素,newNode
 卷标 (元数据),newNode
 潜在语义索引,newNode
 简单知识组织系统,newNode
 统一资源标志符,newNode
 规则交换格式,newNode
 语义检索,newNode
 语义网,newNode
 语义网堆栈,newNode
 分体本质论,newNode
 分体虚无主义,newNode
 像片重叠,newNode
 共线方程,newNode
 内、外方位元素,newNode
 摄影测量法,newNode
 相对定向与绝对定向,newNode
 空中三角测量,newNode
 开运算 (形态学),newNode
 数学形态学,newNode
 腐蚀 (形态学),newNode
 膨胀 (形态学),newNode
 闭运算 (形态学),newNode
 Canny算子,newNode
 加速稳健特征,newNode
 卷积,newNode
 尺度不变特征转换,newNode
 特征检测,newNode
 索贝尔算子,newNode
 脊检测,newNode
 角检测,newNode
 边缘检测,newNode
 霍夫变换,newNode
 图像自动标注,newNode
 移动测图,newNode
 自动目标识别,newNode
 闭路电视,newNode
 随机上下文无关文法,newNode
 方程求解,newNode
 分析,newNode
 引文分析,newNode
 情景分析,newNode
 系统分析,newNode
 变异数分析测试,newNode
 代表性捷思法,newNode
 奥卡姆剃刀,newNode
 怎样解题,newNode
 科学共识,newNode
 萨顿定律,newNode
 锚定效应,newNode
 零和思维,newNode
 心智表征,newNode
 性幻想,newNode
 想象,newNode
 白日梦,newNode
 复杂,newNode
 广义化,newNode
 抽象化,newNode
 概念,newNode
 知识抽象化,newNode
 第一原理,newNode
 生命未来研究所,newNode
 知识工程和机器学习实验室,newNode
 一般问题解决器,newNode
 人工智能低谷,newNode
 人工智能史,newNode
 图灵测试,newNode
 爱德华·费根鲍姆,newNode
 拉吉·瑞迪,newNode
 约翰·霍普菲尔德,newNode
 艾伦·图灵,newNode
 信息处理语言,newNode
 DeepMind,newNode
 人工智能实验室,newNode
 信息科学研究院,newNode
 AlphaGo Zero,newNode
 AlphaZero,newNode
 AQ (围棋软件),newNode
 CGI (围棋软件),newNode
 ELF OpenGo,newNode
 Google智能助理,newNode
 Leela Zero,newNode
 Leela,newNode
 Minigo,newNode
 PhoenixGo,newNode
 Prisma,newNode
" Quick, Draw!",newNode
 人工生命,newNode
 嘴型同步,newNode
 小爱同学,newNode
 搜索 (计算机),newNode
 机器学习,newNode
 沃森 (人工智能程序),newNode
 自主武器,newNode
 认知科学,newNode
 阿基纳多,newNode
 傅京孙,newNode
 杰夫·迪恩,newNode
 吴恩达,newNode
 哈尔·阿伯尔森,newNode
 扬·勒丘恩,newNode
 朱松纯,newNode
 朱迪亚·珀尔,newNode
 特里·威诺格拉德,newNode
 约瑟夫·维森鲍姆,newNode
 约翰·霍兰德,newNode
 罗莎琳·皮卡德,newNode
 蔡自兴,newNode
 人工智能叛变,newNode
 人工智能题材作品,newNode
 传送门,newNode
 传送门2,newNode
 传送门故事：梅尔,newNode
 全面进化,newNode
 刺客教条系列,newNode
 梦见,newNode
 战斗妖精雪风,newNode
 无声狂啸,newNode
 王国之心 HD I.5 ReMIX,newNode
 王国之心 HD II.5 ReMIX,newNode
 王国之心 HD II.8 Final Chapter Prologue,newNode
 王国之心 χ,newNode
 王国之心 编码,newNode
 神经漫游者,newNode
 绝密飞行,newNode
 罗索的万能工人,newNode
 翠星上的加尔冈缇亚,newNode
 聚爆,newNode
 聚爆：第零日,newNode
 起源 (丹·布朗小说),newNode
 云端情人,newNode
 计算机情人梦,newNode
 黑客帝国,newNode
 黑客帝国2：重装上阵,newNode
 黑客帝国3：矩阵革命,newNode
 黑客帝国动画版,newNode
 情感计算,newNode
 Alpha-beta剪枝,newNode
 X算法,newNode
 二分搜索算法,newNode
 哈希表,newNode
 广度优先搜索,newNode
 康托展开,newNode
 搜寻算法,newNode
 散列函数,newNode
 暴力搜索,newNode
 深度优先搜索,newNode
 爬山算法,newNode
 线性哈希,newNode
 范围最值查询,newNode
 迭代深化深度优先搜索,newNode
 Atlas机器人,newNode
 LeJOS,newNode
 Not eXactly C,newNode
 VFH算法,newNode
 人工势场法,newNode
 人形机器人,newNode
 仿生机器人学,newNode
 即时定位与地图构建,newNode
 性爱机械人,newNode
 技术奇异点,newNode
 新加坡机器人学会,newNode
 机器人学,newNode
 真实的人类,newNode
 纳米机器人,newNode
 声码器,newNode
 肯·戈德堡,newNode
 自动机,newNode
 自由度 (物理学),newNode
 被动行走,newNode
 军用机器人,newNode
 运动规划,newNode
 逆运动学,newNode
 AlphaGo,newNode
 Bagging算法,newNode
 Darkforest,newNode
 DeepZenGo,newNode
 Kaggle,newNode
 VC理论,newNode
 分类问题,newNode
 判别模型,newNode
 商汤科技,newNode
 图模式,newNode
 多层感知器,newNode
 多示例学习,newNode
 多线性主成分分析,newNode
 大间隔最近邻居,newNode
 序列最小优化算法,newNode
 张量处理器,newNode
 强人工智能,newNode
 归纳偏置,newNode
 径向基函数核,newNode
 感知器,newNode
 条件随机域,newNode
 概率模型,newNode
 机器感知,newNode
 归纳偏向,newNode
 泛化误差,newNode
 无监督式学习网络,newNode
 特征缩放,newNode
 生成模型,newNode
 监督式学习,newNode
 监督式学习网络,newNode
 相关向量机,newNode
 等距特征映射,newNode
 绝艺,newNode
 统计学习理论,newNode
 表征学习,newNode
 规则归纳,newNode
 贝氏网络,newNode
 隐马尔可夫模型,newNode
 非监督式学习,newNode
 含糊,newNode
 模糊控制,newNode
 模糊控制语言,newNode
 模糊数学,newNode
 模糊翻译,newNode
 模糊规则,newNode
 模糊逻辑,newNode
 隶属函数,newNode
 国际计算机对局协会,newNode
 奥林匹亚计算机游戏程序竞赛,newNode
 寻路,newNode
 洛斯阿拉莫斯西洋棋,newNode
 游戏人工智能,newNode
 电子卡牌游戏(子分类),newNode
 电子图版游戏(子分类),newNode
 电脑象棋,newNode
 竞赛树,newNode
 计算机围棋,newNode
 计算机将棋,newNode
 零玩家游戏,newNode
 人脸检测,newNode
 哈尔特征,newNode
 生物特征识别,newNode
 维奥拉-琼斯目标检测框架,newNode
 Is-a,newNode
 KM程序语言,newNode
 SERVQUAL量表,newNode
 主题卷标,newNode
 主题地图,newNode
 元内容框架,newNode
 具象人类知识系统,newNode
 地缘政治本体论,newNode
 多智能体系统,newNode
 实化 (计算机科学),newNode
 描述逻辑,newNode
 框架 (社会科学),newNode
 知识库,newNode
 部分论(子分类),newNode
 人工神经网络(子分类),newNode
 神经网络,newNode
 多主体优化系统,newNode
 社会认知优化,newNode
 粒子群优化,newNode
 群集智能,newNode
 JSR-94,newNode
 Google Goggles,newNode
 ViBe,newNode
 三维扫描仪,newNode
 主动轮廓模型,newNode
 光流法,newNode
 卢卡斯-卡纳德方法,newNode
 图像处理,newNode
 图像配准,newNode
 基础矩阵,newNode
 局部二值模式,newNode
 心理视觉增强,newNode
 方向梯度直方图,newNode
 最大稳定极值区域,newNode
 消失点,newNode
 计算机视觉,newNode
 计算机视觉各主题列表,newNode
 高斯差,newNode
 Cortana,newNode
 Siri,newNode
 TIMIT,newNode
 关键词检测,newNode
 口语语料库,newNode
 声学模型,newNode
 言语知觉的运动理论,newNode
 语音加强,newNode
 语音输入法,newNode
 语音文档检索,newNode
 语音活性检测,newNode
 语音识别,newNode
 Cut (逻辑编程),newNode
 8D问题解决法,newNode
 TRIZ,newNode
 世界咖啡馆 (讨论),newNode
 六何法,newNode
 创造力,newNode
 启发法,newNode
 心流理论,newNode
 提喻法,newNode
 根本原因分析,newNode
 聚敛性思考,newNode
 脑力激荡法,newNode
 解决问题,newNode
 试错,newNode
 跳跃性思维,newNode
 问题管理,newNode
 约束编程,newNode
 Bixby,newNode
 Cyc,newNode
 GOFAI,newNode
 Gomocup,newNode
 OilEd,newNode
 Pellet,newNode
 ReCAPTCHA,newNode
 SCIgen,newNode
 SimSimi,newNode
 Tf-idf,newNode
 不确定性推理,newNode
 不精确和不确定的管理,newNode
 中文房间,newNode
 人工意识,newNode
 信息抽取,newNode
 前馈神经网络,newNode
 动态语言生成,newNode
 博弈论,newNode
 友好的人工智能,newNode
 可废止推理,newNode
 问答系统,newNode
 国际人工智能联合会议,newNode
 图灵估计,newNode
 多主体系统学习,newNode
 威诺格拉德模式挑战,newNode
 工业人工智能,newNode
 常识知识库,newNode
 开放蠕虫,newNode
 弈心,newNode
 心物问题,newNode
 恐怖谷理论,newNode
 指代,newNode
 推理机,newNode
 旷视科技,newNode
 普适计算,newNode
 智能型个人助理,newNode
 智能代理,newNode
 智能控制,newNode
 智能程序,newNode
 智能规划,newNode
 机器人世界杯,newNode
 机器翻译,newNode
 机器视觉,newNode
 模块化本体,newNode
 混淆矩阵,newNode
 玲奈 (人工智能),newNode
 生命形态列表,newNode
 生物识别技术,newNode
 第五代计算机,newNode
 细胞式类神经网络,newNode
 约翰·罗杰斯·希尔勒,newNode
 统计机器翻译,newNode
 罗布纳奖,newNode
 莫拉维克悖论,newNode
 语意分析,newNode
 软计算,newNode
 达特矛斯会议,newNode
 进化计算,newNode
 逻辑编程,newNode
 限制 (逻辑),newNode
 马尔可夫网络,newNode
 验证码,newNode
 黑板 (计算机),newNode
